dataset,cell_id,cycle,capacity,target,rated_capacity,eol_threshold
CALCE,CS2_35,1.0,1.126384506847021,1.0239859153154736,1.1,0.8800000000000001
CALCE,CS2_35,2.0,1.1261598161259705,1.0237816510236095,1.1,0.8800000000000001
CALCE,CS2_35,3.0,1.125965708259707,1.0236051893270062,1.1,0.8800000000000001
CALCE,CS2_35,4.0,1.1185076863180938,1.0168251693800852,1.1,0.8800000000000001
CALCE,CS2_35,5.0,1.1172100749182547,1.0156455226529588,1.1,0.8800000000000001
CALCE,CS2_35,6.0,1.1137535513150443,1.012503228468222,1.1,0.8800000000000001
CALCE,CS2_35,7.0,1.0988181436744804,0.9989255851586184,1.1,0.8800000000000001
CALCE,CS2_35,8.0,1.0961803263765921,0.9965275694332655,1.1,0.8800000000000001
CALCE,CS2_35,9.0,1.0898711301696573,0.9907919365178702,1.1,0.8800000000000001
CALCE,CS2_35,10.0,1.0875822954661674,0.9887111776965157,1.1,0.8800000000000001
CALCE,CS2_35,11.0,1.0947478949707463,0.9952253590643148,1.1,0.8800000000000001
CALCE,CS2_35,12.0,1.0955682863426888,0.9959711694024442,1.1,0.8800000000000001
CALCE,CS2_35,13.0,1.0954329180709088,0.9958481073371898,1.1,0.8800000000000001
CALCE,CS2_35,14.0,1.095223222083344,0.9956574746212218,1.1,0.8800000000000001
CALCE,CS2_35,15.0,1.0948040555332583,0.9952764141211439,1.1,0.8800000000000001
CALCE,CS2_35,16.0,1.0944448817959302,0.9949498925417547,1.1,0.8800000000000001
CALCE,CS2_35,17.0,1.0940442107208557,0.9945856461098687,1.1,0.8800000000000001
CALCE,CS2_35,18.0,1.0934614215105336,0.9940558377368487,1.1,0.8800000000000001
CALCE,CS2_35,19.0,1.0927332194072785,0.9933938358247986,1.1,0.8800000000000001
CALCE,CS2_35,20.0,1.0888536787324268,0.9898669806658424,1.1,0.8800000000000001
CALCE,CS2_35,21.0,1.0883814134478704,0.989437648588973,1.1,0.8800000000000001
CALCE,CS2_35,22.0,1.0879949624513225,0.9890863295012022,1.1,0.8800000000000001
CALCE,CS2_35,23.0,1.0876290188457574,0.988753653496143,1.1,0.8800000000000001
CALCE,CS2_35,24.0,1.0872335492167664,0.9883941356516057,1.1,0.8800000000000001
CALCE,CS2_35,25.0,1.086799750378054,0.9879997730709581,1.1,0.8800000000000001
CALCE,CS2_35,26.0,1.0863976880895259,0.9876342618995689,1.1,0.8800000000000001
CALCE,CS2_35,27.0,1.0764608398671511,0.9786007635155919,1.1,0.8800000000000001
CALCE,CS2_35,28.0,1.0682813219671374,0.971164838151943,1.1,0.8800000000000001
CALCE,CS2_35,29.0,1.061871030040747,0.9653373000370427,1.1,0.8800000000000001
CALCE,CS2_35,30.0,1.0604499542130021,0.964045412920911,1.1,0.8800000000000001
CALCE,CS2_35,31.0,1.0590703515513098,0.9627912286830088,1.1,0.8800000000000001
CALCE,CS2_35,32.0,1.0684316315261961,0.9713014832056328,1.1,0.8800000000000001
CALCE,CS2_35,33.0,1.069764576241007,0.9725132511281882,1.1,0.8800000000000001
CALCE,CS2_35,34.0,1.0612467360899798,0.9647697600817997,1.1,0.8800000000000001
CALCE,CS2_35,35.0,1.0528038388294765,0.9570943989358877,1.1,0.8800000000000001
CALCE,CS2_35,36.0,1.0514969839157156,0.9559063490142868,1.1,0.8800000000000001
CALCE,CS2_35,37.0,1.0507885373892558,0.9552623067175052,1.1,0.8800000000000001
CALCE,CS2_35,38.0,1.049771042431389,0.9543373113012628,1.1,0.8800000000000001
CALCE,CS2_35,39.0,1.05916552576209,0.962877750692809,1.1,0.8800000000000001
CALCE,CS2_35,40.0,1.0604562774048463,0.9640511612771329,1.1,0.8800000000000001
CALCE,CS2_35,41.0,1.057632133197537,0.9614837574523062,1.1,0.8800000000000001
CALCE,CS2_35,42.0,1.0482737033997178,0.9529760939997434,1.1,0.8800000000000001
CALCE,CS2_35,43.0,1.043392804566336,0.9485389132421237,1.1,0.8800000000000001
CALCE,CS2_35,44.0,1.0429167637310581,0.9481061488464164,1.1,0.8800000000000001
CALCE,CS2_35,45.0,1.0420172556913927,0.9472884142649024,1.1,0.8800000000000001
CALCE,CS2_35,46.0,1.0497244102947476,0.9542949184497704,1.1,0.8800000000000001
CALCE,CS2_35,47.0,1.0519062232518257,0.9562783847743869,1.1,0.8800000000000001
CALCE,CS2_35,48.0,1.056326663309842,0.9602969666453108,1.1,0.8800000000000001
CALCE,CS2_35,49.0,1.0414672148233903,0.9467883771121729,1.1,0.8800000000000001
CALCE,CS2_35,50.0,1.0410028838709957,0.9463662580645414,1.1,0.8800000000000001
CALCE,CS2_35,51.0,1.0404851130044386,0.9458955572767622,1.1,0.8800000000000001
CALCE,CS2_35,52.0,1.0392121440794764,0.9447383127995239,1.1,0.8800000000000001
CALCE,CS2_35,53.0,1.0869982407359577,0.9881802188508706,1.1,0.8800000000000001
CALCE,CS2_35,54.0,1.0806073900944038,0.9823703546312761,1.1,0.8800000000000001
CALCE,CS2_35,55.0,1.0867494055373201,0.9879540050339273,1.1,0.8800000000000001
CALCE,CS2_35,56.0,1.086558905233767,0.9877808229397881,1.1,0.8800000000000001
CALCE,CS2_35,57.0,1.0774217859911137,0.9794743509010124,1.1,0.8800000000000001
CALCE,CS2_35,58.0,1.0701682589269284,0.9728802353881166,1.1,0.8800000000000001
CALCE,CS2_35,59.0,1.06872401501102,0.9715672863736544,1.1,0.8800000000000001
CALCE,CS2_35,60.0,1.0599737580294928,0.9636125072995388,1.1,0.8800000000000001
CALCE,CS2_35,61.0,1.0609021876744713,0.9644565342495193,1.1,0.8800000000000001
CALCE,CS2_35,62.0,1.0596781797908184,0.9633437998098348,1.1,0.8800000000000001
CALCE,CS2_35,63.0,1.051177012969059,0.9556154663355081,1.1,0.8800000000000001
CALCE,CS2_35,64.0,1.0501143867903668,0.954649442536697,1.1,0.8800000000000001
CALCE,CS2_35,65.0,1.0443456535569908,0.9494051395972644,1.1,0.8800000000000001
CALCE,CS2_35,66.0,1.0435796836723814,0.9487088033385285,1.1,0.8800000000000001
CALCE,CS2_35,67.0,1.041433869950444,0.9467580635913126,1.1,0.8800000000000001
CALCE,CS2_35,68.0,1.0423264380827935,0.9475694891661758,1.1,0.8800000000000001
CALCE,CS2_35,69.0,1.0419557832376922,0.9472325302160838,1.1,0.8800000000000001
CALCE,CS2_35,70.0,1.034641962547191,0.9405836023156281,1.1,0.8800000000000001
CALCE,CS2_35,71.0,1.033443463109441,0.9394940573722189,1.1,0.8800000000000001
CALCE,CS2_35,72.0,1.0329174497809583,0.9390158634372348,1.1,0.8800000000000001
CALCE,CS2_35,73.0,1.032427234234721,0.9385702129406553,1.1,0.8800000000000001
CALCE,CS2_35,74.0,1.0256944892123414,0.932449535647583,1.1,0.8800000000000001
CALCE,CS2_35,75.0,1.0320833299509304,0.938257572682664,1.1,0.8800000000000001
CALCE,CS2_35,76.0,1.0319108981369152,0.9381008164881046,1.1,0.8800000000000001
CALCE,CS2_35,77.0,1.0313844850644613,0.9376222591495103,1.1,0.8800000000000001
CALCE,CS2_35,78.0,1.030364005884403,0.9366945508040027,1.1,0.8800000000000001
CALCE,CS2_35,79.0,1.025377354176111,0.9321612310691918,1.1,0.8800000000000001
CALCE,CS2_35,80.0,1.0253169236935857,0.9321062942668961,1.1,0.8800000000000001
CALCE,CS2_35,81.0,1.024726663592637,0.9315696941751246,1.1,0.8800000000000001
CALCE,CS2_35,82.0,1.0236789219894171,0.930617201808561,1.1,0.8800000000000001
CALCE,CS2_35,83.0,1.0230800493568315,0.930072772142574,1.1,0.8800000000000001
CALCE,CS2_35,84.0,1.022644747838547,0.9296770434895881,1.1,0.8800000000000001
CALCE,CS2_35,85.0,1.022090350109911,0.9291730455544644,1.1,0.8800000000000001
CALCE,CS2_35,86.0,1.0215154565915763,0.9286504150832511,1.1,0.8800000000000001
CALCE,CS2_35,87.0,1.0166036774510112,0.924185161319101,1.1,0.8800000000000001
CALCE,CS2_35,88.0,1.0210170534761072,0.9281973213419156,1.1,0.8800000000000001
CALCE,CS2_35,89.0,1.0157504618642084,0.9234095107856439,1.1,0.8800000000000001
CALCE,CS2_35,90.0,1.01513351153089,0.9228486468462636,1.1,0.8800000000000001
CALCE,CS2_35,91.0,1.0147884828970244,0.9225349844518402,1.1,0.8800000000000001
CALCE,CS2_35,92.0,1.0055391697840463,0.9141265179854966,1.1,0.8800000000000001
CALCE,CS2_35,93.0,1.0041149778667153,0.9128317980606502,1.1,0.8800000000000001
CALCE,CS2_35,94.0,0.998737578636572,0.9079432533059745,1.1,0.8800000000000001
CALCE,CS2_35,95.0,0.9978437616368123,0.9071306923971021,1.1,0.8800000000000001
CALCE,CS2_35,96.0,1.016196169483176,0.9238146995301599,1.1,0.8800000000000001
CALCE,CS2_35,97.0,1.0155185431841673,0.9231986756219702,1.1,0.8800000000000001
CALCE,CS2_35,98.0,1.0142635942717386,0.9220578129743078,1.1,0.8800000000000001
CALCE,CS2_35,99.0,1.0229540025325519,0.9299581841205016,1.1,0.8800000000000001
CALCE,CS2_35,100.0,1.0230958794828395,0.9300871631662176,1.1,0.8800000000000001
CALCE,CS2_35,101.0,1.0136374509856285,0.9214885918051168,1.1,0.8800000000000001
CALCE,CS2_35,102.0,1.0421101009645464,0.9473728190586784,1.1,0.8800000000000001
CALCE,CS2_35,103.0,1.0415623741167765,0.9468748855607059,1.1,0.8800000000000001
CALCE,CS2_35,104.0,1.04968097005276,0.9542554273206909,1.1,0.8800000000000001
CALCE,CS2_35,105.0,1.0502189671304398,0.954744515573127,1.1,0.8800000000000001
CALCE,CS2_35,106.0,1.0345139422619067,0.9404672202380969,1.1,0.8800000000000001
CALCE,CS2_35,107.0,1.0342058576064643,0.9401871432786039,1.1,0.8800000000000001
CALCE,CS2_35,108.0,1.0346718461028606,0.9406107691844187,1.1,0.8800000000000001
CALCE,CS2_35,109.0,1.0333621484101558,0.9394201349183234,1.1,0.8800000000000001
CALCE,CS2_35,110.0,1.0323499563117995,0.938499960283454,1.1,0.8800000000000001
CALCE,CS2_35,111.0,1.041169381175602,0.9465176192505472,1.1,0.8800000000000001
CALCE,CS2_35,112.0,1.041413811262639,0.9467398284205808,1.1,0.8800000000000001
CALCE,CS2_35,113.0,1.0316781253648284,0.9378892048771167,1.1,0.8800000000000001
CALCE,CS2_35,114.0,1.0251245508578273,0.931931409870752,1.1,0.8800000000000001
CALCE,CS2_35,115.0,1.023763200472524,0.9306938186113853,1.1,0.8800000000000001
CALCE,CS2_35,116.0,1.0230338283265104,0.9300307530241002,1.1,0.8800000000000001
CALCE,CS2_35,117.0,1.0168249863240748,0.9243863512037043,1.1,0.8800000000000001
CALCE,CS2_35,118.0,1.030891669898717,0.9371742453624698,1.1,0.8800000000000001
CALCE,CS2_35,119.0,1.031329276795845,0.9375720698144046,1.1,0.8800000000000001
CALCE,CS2_35,120.0,1.021634638883802,0.9287587626216381,1.1,0.8800000000000001
CALCE,CS2_35,121.0,1.0136929867956737,0.9215390789051578,1.1,0.8800000000000001
CALCE,CS2_35,122.0,1.0140506899752453,0.9218642636138593,1.1,0.8800000000000001
CALCE,CS2_35,123.0,1.0074247388475122,0.9158406716795564,1.1,0.8800000000000001
CALCE,CS2_35,124.0,1.0144954747798272,0.9222686134362065,1.1,0.8800000000000001
CALCE,CS2_35,125.0,1.0212361163830534,0.9283964694391394,1.1,0.8800000000000001
CALCE,CS2_35,126.0,1.021451952124413,0.9285926837494662,1.1,0.8800000000000001
CALCE,CS2_35,127.0,1.0213081491896403,0.9284619538087638,1.1,0.8800000000000001
CALCE,CS2_35,128.0,1.0210868709973369,0.9282607918157607,1.1,0.8800000000000001
CALCE,CS2_35,129.0,1.020821496166261,0.928019541969328,1.1,0.8800000000000001
CALCE,CS2_35,130.0,1.0209851531120748,0.928168321010977,1.1,0.8800000000000001
CALCE,CS2_35,131.0,1.0207928623759874,0.9279935112508976,1.1,0.8800000000000001
CALCE,CS2_35,132.0,1.0204963318712656,0.9277239380647869,1.1,0.8800000000000001
CALCE,CS2_35,133.0,1.01999324637743,0.9272665876158454,1.1,0.8800000000000001
CALCE,CS2_35,134.0,1.0159808094811242,0.9236189177101128,1.1,0.8800000000000001
CALCE,CS2_35,135.0,1.0156879607474751,0.9233526915886137,1.1,0.8800000000000001
CALCE,CS2_35,136.0,1.0155568332898595,0.9232334848089631,1.1,0.8800000000000001
CALCE,CS2_35,137.0,1.0155082828458015,0.9231893480416377,1.1,0.8800000000000001
CALCE,CS2_35,138.0,1.0154827340879053,0.9231661218980957,1.1,0.8800000000000001
CALCE,CS2_35,139.0,1.0159299792398835,0.923572708399894,1.1,0.8800000000000001
CALCE,CS2_35,140.0,1.0199768808763245,0.9272517098875677,1.1,0.8800000000000001
CALCE,CS2_35,141.0,0.9974043010955367,0.9067311828141242,1.1,0.8800000000000001
CALCE,CS2_35,142.0,0.998209455084404,0.9074631409858217,1.1,0.8800000000000001
CALCE,CS2_35,143.0,0.9965402093647885,0.9059456448770804,1.1,0.8800000000000001
CALCE,CS2_35,144.0,0.9960214937045305,0.9054740851859368,1.1,0.8800000000000001
CALCE,CS2_35,145.0,0.9946042077873745,0.9041856434430676,1.1,0.8800000000000001
CALCE,CS2_35,146.0,1.004795305155153,0.9134502774137754,1.1,0.8800000000000001
CALCE,CS2_35,147.0,1.0053419057335808,0.913947187030528,1.1,0.8800000000000001
CALCE,CS2_35,148.0,0.9892254453768154,0.8992958594334686,1.1,0.8800000000000001
CALCE,CS2_35,149.0,0.98783034801796,0.8980275891072362,1.1,0.8800000000000001
CALCE,CS2_35,150.0,0.9952966605341488,0.9048151459401352,1.1,0.8800000000000001
CALCE,CS2_35,151.0,1.0047639526301664,0.913421775118333,1.1,0.8800000000000001
CALCE,CS2_35,152.0,1.0049595061933825,0.9135995510848931,1.1,0.8800000000000001
CALCE,CS2_35,153.0,0.9888022696116783,0.8989111541924347,1.1,0.8800000000000001
CALCE,CS2_35,154.0,0.9940255990048955,0.9036596354589959,1.1,0.8800000000000001
CALCE,CS2_35,155.0,0.9943771458510681,0.9039792235009709,1.1,0.8800000000000001
CALCE,CS2_35,156.0,0.9938228623649807,0.9034753294227097,1.1,0.8800000000000001
CALCE,CS2_35,157.0,0.9946040130171476,0.904185466379225,1.1,0.8800000000000001
CALCE,CS2_35,158.0,1.0029173996364473,0.9117430905785884,1.1,0.8800000000000001
CALCE,CS2_35,159.0,1.003949832890729,0.912681666264299,1.1,0.8800000000000001
CALCE,CS2_35,160.0,0.9891224077913174,0.8992021889011976,1.1,0.8800000000000001
CALCE,CS2_35,161.0,0.9883696080131971,0.8985178254665427,1.1,0.8800000000000001
CALCE,CS2_35,162.0,0.9872901233124124,0.8975364757385567,1.1,0.8800000000000001
CALCE,CS2_35,163.0,0.9883442785612961,0.8984947986920874,1.1,0.8800000000000001
CALCE,CS2_35,164.0,0.9966089387806081,0.9060081261641891,1.1,0.8800000000000001
CALCE,CS2_35,165.0,1.0028028350588283,0.9116389409625711,1.1,0.8800000000000001
CALCE,CS2_35,166.0,1.0033508922657144,0.9121371747870131,1.1,0.8800000000000001
CALCE,CS2_35,167.0,0.98706929083246,0.8973357189385999,1.1,0.8800000000000001
CALCE,CS2_35,168.0,0.9887449288432122,0.8988590262211019,1.1,0.8800000000000001
CALCE,CS2_35,169.0,0.9951140079029389,0.9046490980935807,1.1,0.8800000000000001
CALCE,CS2_35,170.0,1.0035062231112297,0.9122783846465724,1.1,0.8800000000000001
CALCE,CS2_35,171.0,1.0036968849837669,0.9124517136216062,1.1,0.8800000000000001
CALCE,CS2_35,172.0,1.0038726042341812,0.9126114583947101,1.1,0.8800000000000001
CALCE,CS2_35,173.0,1.004058066940849,0.9127800608553172,1.1,0.8800000000000001
CALCE,CS2_35,174.0,1.0042544271517968,0.912958570137997,1.1,0.8800000000000001
CALCE,CS2_35,175.0,1.0044062991518028,0.913096635592548,1.1,0.8800000000000001
CALCE,CS2_35,176.0,1.005054048345979,0.9136854984963444,1.1,0.8800000000000001
CALCE,CS2_35,177.0,1.0052667051041921,0.9138788228219927,1.1,0.8800000000000001
CALCE,CS2_35,178.0,1.0053708950329325,0.9139735409390295,1.1,0.8800000000000001
CALCE,CS2_35,179.0,1.0053999395344748,0.9139999450313406,1.1,0.8800000000000001
CALCE,CS2_35,180.0,1.0057002734307585,0.9142729758461441,1.1,0.8800000000000001
CALCE,CS2_35,181.0,1.005801998591239,0.9143654532647626,1.1,0.8800000000000001
CALCE,CS2_35,182.0,1.0058555735209311,0.914414157746301,1.1,0.8800000000000001
CALCE,CS2_35,183.0,1.0058808273228719,0.9144371157480653,1.1,0.8800000000000001
CALCE,CS2_35,184.0,1.0060199504806921,0.9145635913460837,1.1,0.8800000000000001
CALCE,CS2_35,185.0,1.0059863017913575,0.9145330016285067,1.1,0.8800000000000001
CALCE,CS2_35,186.0,1.0059876019858538,0.9145341836235034,1.1,0.8800000000000001
CALCE,CS2_35,187.0,1.0059696126620699,0.9145178296927907,1.1,0.8800000000000001
CALCE,CS2_35,188.0,0.9963309572331707,0.9057554156665187,1.1,0.8800000000000001
CALCE,CS2_35,189.0,0.9948217445466202,0.904383404133291,1.1,0.8800000000000001
CALCE,CS2_35,190.0,0.994521028049694,0.9041100254997217,1.1,0.8800000000000001
CALCE,CS2_35,191.0,0.9883843457319411,0.8985312233926737,1.1,0.8800000000000001
CALCE,CS2_35,192.0,0.9871311328142819,0.8973919389220744,1.1,0.8800000000000001
CALCE,CS2_35,193.0,0.9961886673958846,0.9056260612689859,1.1,0.8800000000000001
CALCE,CS2_35,194.0,1.0016267542892396,0.9105697766265815,1.1,0.8800000000000001
CALCE,CS2_35,195.0,0.9973176445996305,0.9066524041814822,1.1,0.8800000000000001
CALCE,CS2_35,196.0,0.9868966354532899,0.8971787595029908,1.1,0.8800000000000001
CALCE,CS2_35,197.0,1.0267217395243768,0.9333833995676153,1.1,0.8800000000000001
CALCE,CS2_35,198.0,1.032906028770985,0.9390054807008954,1.1,0.8800000000000001
CALCE,CS2_35,199.0,1.0343203106750487,0.9402911915227715,1.1,0.8800000000000001
CALCE,CS2_35,200.0,1.0348239152996808,0.9407490139088006,1.1,0.8800000000000001
CALCE,CS2_35,201.0,1.034883663790742,0.9408033307188562,1.1,0.8800000000000001
CALCE,CS2_35,202.0,1.0347292723028745,0.9406629748207949,1.1,0.8800000000000001
CALCE,CS2_35,203.0,1.034700332868783,0.940636666244348,1.1,0.8800000000000001
CALCE,CS2_35,204.0,1.0348150427503124,0.9407409479548294,1.1,0.8800000000000001
CALCE,CS2_35,205.0,1.0345752757651585,0.9405229779683258,1.1,0.8800000000000001
CALCE,CS2_35,206.0,1.0341867641340197,0.9401697855763814,1.1,0.8800000000000001
CALCE,CS2_35,207.0,1.0338097562724637,0.9398270511567851,1.1,0.8800000000000001
CALCE,CS2_35,208.0,1.0330899756820036,0.9391727051654577,1.1,0.8800000000000001
CALCE,CS2_35,209.0,1.0328522854118536,0.938956623101685,1.1,0.8800000000000001
CALCE,CS2_35,210.0,1.0325689512084644,0.9386990465531494,1.1,0.8800000000000001
CALCE,CS2_35,211.0,1.03225089406925,0.9384099036993182,1.1,0.8800000000000001
CALCE,CS2_35,212.0,1.0321311192341007,0.9383010174855461,1.1,0.8800000000000001
CALCE,CS2_35,213.0,1.0315885726791292,0.9378077933446628,1.1,0.8800000000000001
CALCE,CS2_35,214.0,1.0228286943072558,0.9298442675520506,1.1,0.8800000000000001
CALCE,CS2_35,215.0,1.0139823002756203,0.9218020911596547,1.1,0.8800000000000001
CALCE,CS2_35,216.0,1.0144459929584733,0.9222236299622484,1.1,0.8800000000000001
CALCE,CS2_35,217.0,1.0135169611767811,0.9213790556152555,1.1,0.8800000000000001
CALCE,CS2_35,218.0,1.0071947479155545,0.9156315890141404,1.1,0.8800000000000001
CALCE,CS2_35,219.0,1.0155509633060922,0.9232281484600837,1.1,0.8800000000000001
CALCE,CS2_35,220.0,1.0210814188121677,0.9282558352837887,1.1,0.8800000000000001
CALCE,CS2_35,221.0,1.0150788689413528,0.9227989717648661,1.1,0.8800000000000001
CALCE,CS2_35,222.0,1.0051282810563014,0.9137529827784557,1.1,0.8800000000000001
CALCE,CS2_35,223.0,1.0045215691874045,0.913201426534004,1.1,0.8800000000000001
CALCE,CS2_35,224.0,0.9991076825610314,0.9082797114191195,1.1,0.8800000000000001
CALCE,CS2_35,225.0,0.9976109538495037,0.9069190489540943,1.1,0.8800000000000001
CALCE,CS2_35,226.0,1.0070068291525534,0.9154607537750484,1.1,0.8800000000000001
CALCE,CS2_35,227.0,1.0076463401746125,0.9160421274314658,1.1,0.8800000000000001
CALCE,CS2_35,228.0,0.9982191781842366,0.9074719801674878,1.1,0.8800000000000001
CALCE,CS2_35,229.0,0.9958854367500491,0.9053503970454991,1.1,0.8800000000000001
CALCE,CS2_35,230.0,0.9953109274050419,0.9048281158227653,1.1,0.8800000000000001
CALCE,CS2_35,231.0,0.9898175082935713,0.8998340984487011,1.1,0.8800000000000001
CALCE,CS2_35,232.0,0.9885376187240682,0.8986705624764255,1.1,0.8800000000000001
CALCE,CS2_35,233.0,0.9979857012611792,0.9072597284192538,1.1,0.8800000000000001
CALCE,CS2_35,234.0,1.0036791112971355,0.9124355557246686,1.1,0.8800000000000001
CALCE,CS2_35,235.0,0.9964134268898389,0.9058303880816717,1.1,0.8800000000000001
CALCE,CS2_35,236.0,0.9868981716359936,0.8971801560327214,1.1,0.8800000000000001
CALCE,CS2_35,237.0,0.9870884784415241,0.8973531622195673,1.1,0.8800000000000001
CALCE,CS2_35,238.0,0.9867313290853452,0.8970284809866774,1.1,0.8800000000000001
CALCE,CS2_35,239.0,0.9863201182207895,0.8966546529279904,1.1,0.8800000000000001
CALCE,CS2_35,240.0,0.9890539220983674,0.8991399291803339,1.1,0.8800000000000001
CALCE,CS2_35,241.0,0.9954218229371102,0.9049289299428274,1.1,0.8800000000000001
CALCE,CS2_35,242.0,0.9956969400915286,0.9051790364468442,1.1,0.8800000000000001
CALCE,CS2_35,243.0,0.9795235689846699,0.8904759718042452,1.1,0.8800000000000001
CALCE,CS2_35,244.0,0.9787960270717194,0.8898145700651994,1.1,0.8800000000000001
CALCE,CS2_35,245.0,0.9889367651412062,0.8990334228556419,1.1,0.8800000000000001
CALCE,CS2_35,246.0,0.9966287385414311,0.9060261259467555,1.1,0.8800000000000001
CALCE,CS2_35,247.0,0.9969204553538157,0.9062913230489232,1.1,0.8800000000000001
CALCE,CS2_35,248.0,0.9968583608033946,0.9062348734576314,1.1,0.8800000000000001
CALCE,CS2_35,249.0,0.9968217321450881,0.9062015746773527,1.1,0.8800000000000001
CALCE,CS2_35,250.0,0.996884635532937,0.9062587595753973,1.1,0.8800000000000001
CALCE,CS2_35,251.0,0.9968361942823105,0.9062147220748277,1.1,0.8800000000000001
CALCE,CS2_35,252.0,0.9968111573066131,0.90619196118783,1.1,0.8800000000000001
CALCE,CS2_35,253.0,0.9965887635226353,0.9059897850205775,1.1,0.8800000000000001
CALCE,CS2_35,254.0,0.9963911038295699,0.905810094390518,1.1,0.8800000000000001
CALCE,CS2_35,255.0,0.9962127681971513,0.9056479710883193,1.1,0.8800000000000001
CALCE,CS2_35,256.0,0.9960312370518538,0.9054829427744124,1.1,0.8800000000000001
CALCE,CS2_35,257.0,0.9959191105424616,0.905381009584056,1.1,0.8800000000000001
CALCE,CS2_35,258.0,0.9958409528735543,0.9053099571577766,1.1,0.8800000000000001
CALCE,CS2_35,259.0,0.9958535702850607,0.9053214275318733,1.1,0.8800000000000001
CALCE,CS2_35,260.0,0.9957174754583212,0.9051977049621102,1.1,0.8800000000000001
CALCE,CS2_35,261.0,0.9956502162522823,0.9051365602293475,1.1,0.8800000000000001
CALCE,CS2_35,262.0,0.9954229014419208,0.9049299104017461,1.1,0.8800000000000001
CALCE,CS2_35,263.0,0.9789682930662583,0.8899711755147802,1.1,0.8800000000000001
CALCE,CS2_35,264.0,0.9777512249521022,0.8888647499564565,1.1,0.8800000000000001
CALCE,CS2_35,265.0,0.9775720728454733,0.8887018844049757,1.1,0.8800000000000001
CALCE,CS2_35,266.0,0.9863157375121945,0.8966506704656313,1.1,0.8800000000000001
CALCE,CS2_35,267.0,0.9871017937768864,0.8973652670698967,1.1,0.8800000000000001
CALCE,CS2_35,268.0,0.9783507627636574,0.8894097843305976,1.1,0.8800000000000001
CALCE,CS2_35,269.0,0.9704417052615276,0.8822197320559342,1.1,0.8800000000000001
CALCE,CS2_35,270.0,0.9703653920181594,0.8821503563801448,1.1,0.8800000000000001
CALCE,CS2_35,271.0,0.9699810677212032,0.8818009706556392,1.1,0.8800000000000001
CALCE,CS2_35,272.0,0.9784245319780143,0.8894768472527401,1.1,0.8800000000000001
CALCE,CS2_35,273.0,0.9796393159290953,0.8905811962991774,1.1,0.8800000000000001
CALCE,CS2_35,274.0,0.9852947168074363,0.895722469824942,1.1,0.8800000000000001
CALCE,CS2_35,275.0,0.9689327047070245,0.8808479133700222,1.1,0.8800000000000001
CALCE,CS2_35,276.0,0.96834348327937,0.8803122575267,1.1,0.8800000000000001
CALCE,CS2_35,277.0,0.9682142883503887,0.8801948075912623,1.1,0.8800000000000001
CALCE,CS2_35,278.0,0.9685044631559417,0.8804586028690379,1.1,0.8800000000000001
CALCE,CS2_35,279.0,0.9684786166832067,0.8804351060756423,1.1,0.8800000000000001
CALCE,CS2_35,280.0,0.9778201328650258,0.8889273935136597,1.1,0.8800000000000001
CALCE,CS2_35,281.0,0.9784144960654163,0.8894677236958329,1.1,0.8800000000000001
CALCE,CS2_35,282.0,0.9692798785358708,0.8811635259417007,1.1,0.8800000000000001
CALCE,CS2_35,283.0,0.962305415273543,0.87482310479413,1.1,0.8800000000000001
CALCE,CS2_35,284.0,0.9625190325361124,0.8750173023055566,1.1,0.8800000000000001
CALCE,CS2_35,285.0,0.9619630370806096,0.8745118518914632,1.1,0.8800000000000001
CALCE,CS2_35,286.0,0.9610128335254235,0.8736480304776577,1.1,0.8800000000000001
CALCE,CS2_35,287.0,0.9700352374738228,0.8818502158852934,1.1,0.8800000000000001
CALCE,CS2_35,288.0,0.9766201259049363,0.8878364780953966,1.1,0.8800000000000001
CALCE,CS2_35,289.0,0.9711609395379545,0.8828735813981403,1.1,0.8800000000000001
CALCE,CS2_35,290.0,0.960203022157457,0.8729118383249609,1.1,0.8800000000000001
CALCE,CS2_35,291.0,0.9603708914633122,0.8730644467848292,1.1,0.8800000000000001
CALCE,CS2_35,292.0,0.9625217997267146,0.8750198179333768,1.1,0.8800000000000001
CALCE,CS2_35,293.0,0.9619549657205942,0.8745045142914493,1.1,0.8800000000000001
CALCE,CS2_35,294.0,0.9711865106879002,0.882896827898091,1.1,0.8800000000000001
CALCE,CS2_35,295.0,0.9765622594501272,0.8877838722273883,1.1,0.8800000000000001
CALCE,CS2_35,296.0,0.9766113986106715,0.8878285441915195,1.1,0.8800000000000001
CALCE,CS2_35,297.0,0.9766634216549258,0.8878758378681143,1.1,0.8800000000000001
CALCE,CS2_35,298.0,0.9766857261273997,0.8878961146612724,1.1,0.8800000000000001
CALCE,CS2_35,299.0,0.977403678699249,0.888548798817499,1.1,0.8800000000000001
CALCE,CS2_35,300.0,0.9775983373972061,0.8887257612701873,1.1,0.8800000000000001
CALCE,CS2_35,301.0,0.9777585751260944,0.888871431932813,1.1,0.8800000000000001
CALCE,CS2_35,302.0,0.9778448236736682,0.8889498397033346,1.1,0.8800000000000001
CALCE,CS2_35,303.0,0.9779059717720707,0.8890054288837006,1.1,0.8800000000000001
CALCE,CS2_35,304.0,0.977996177288193,0.8890874338983572,1.1,0.8800000000000001
CALCE,CS2_35,305.0,0.978002100680119,0.889092818800108,1.1,0.8800000000000001
CALCE,CS2_35,306.0,0.9780862535758763,0.8891693214326147,1.1,0.8800000000000001
CALCE,CS2_35,307.0,0.9782530920986814,0.889320992816983,1.1,0.8800000000000001
CALCE,CS2_35,308.0,0.9785300332301125,0.8895727574819203,1.1,0.8800000000000001
CALCE,CS2_35,309.0,0.9783459544876644,0.889405413170604,1.1,0.8800000000000001
CALCE,CS2_35,310.0,0.9783354431963519,0.889395857451229,1.1,0.8800000000000001
CALCE,CS2_35,311.0,0.9681818610839451,0.8801653282581319,1.1,0.8800000000000001
CALCE,CS2_35,312.0,0.9608754365283414,0.8735231241166739,1.1,0.8800000000000001
CALCE,CS2_35,313.0,0.9609583399806172,0.8735984908914701,1.1,0.8800000000000001
CALCE,CS2_35,314.0,0.9608500606240138,0.8735000551127398,1.1,0.8800000000000001
CALCE,CS2_35,315.0,0.9600415446078494,0.8727650405525903,1.1,0.8800000000000001
CALCE,CS2_35,316.0,0.9683876294104253,0.8803523903731139,1.1,0.8800000000000001
CALCE,CS2_35,317.0,0.9700992774305741,0.8819084340277946,1.1,0.8800000000000001
CALCE,CS2_35,318.0,0.9606814025743466,0.8733467296130424,1.1,0.8800000000000001
CALCE,CS2_35,319.0,0.9597800854163634,0.8725273503785121,1.1,0.8800000000000001
CALCE,CS2_35,320.0,0.9601190220193736,0.8728354745630669,1.1,0.8800000000000001
CALCE,CS2_35,321.0,0.9592152712499306,0.8720138829544822,1.1,0.8800000000000001
CALCE,CS2_35,322.0,0.9531109672313358,0.8664645156648507,1.1,0.8800000000000001
CALCE,CS2_35,323.0,0.9683422893701634,0.8803111721546939,1.1,0.8800000000000001
CALCE,CS2_35,324.0,0.9696408011616388,0.8814916374196715,1.1,0.8800000000000001
CALCE,CS2_35,325.0,0.962179863733083,0.8747089670300754,1.1,0.8800000000000001
CALCE,CS2_35,326.0,0.9534041720607623,0.8667310655097838,1.1,0.8800000000000001
CALCE,CS2_35,327.0,0.9590403356759051,0.8718548506144591,1.1,0.8800000000000001
CALCE,CS2_35,328.0,0.9593704365355666,0.8721549423050605,1.1,0.8800000000000001
CALCE,CS2_35,329.0,0.9590044864187866,0.871822260380715,1.1,0.8800000000000001
CALCE,CS2_35,330.0,0.9610721321654954,0.8737019383322684,1.1,0.8800000000000001
CALCE,CS2_35,331.0,0.9687960687204022,0.8807236988367293,1.1,0.8800000000000001
CALCE,CS2_35,332.0,0.969519399411128,0.8813812721919344,1.1,0.8800000000000001
CALCE,CS2_35,333.0,0.9596849939589831,0.8724409035990754,1.1,0.8800000000000001
CALCE,CS2_35,334.0,0.958761632844569,0.8716014844041535,1.1,0.8800000000000001
CALCE,CS2_35,335.0,0.958860179591915,0.8716910723562863,1.1,0.8800000000000001
CALCE,CS2_35,336.0,0.953386023923382,0.8667145672030745,1.1,0.8800000000000001
CALCE,CS2_35,337.0,0.9528632917865418,0.8662393561695834,1.1,0.8800000000000001
CALCE,CS2_35,338.0,0.9603535296015113,0.8730486632741011,1.1,0.8800000000000001
CALCE,CS2_35,339.0,0.952136519573564,0.8655786541577855,1.1,0.8800000000000001
CALCE,CS2_35,340.0,0.9515682014486117,0.8650620013169196,1.1,0.8800000000000001
CALCE,CS2_35,341.0,0.9596374349007893,0.8723976680916266,1.1,0.8800000000000001
CALCE,CS2_35,342.0,0.9592289368485695,0.8720263062259722,1.1,0.8800000000000001
CALCE,CS2_35,343.0,0.9533217486646101,0.8666561351496455,1.1,0.8800000000000001
CALCE,CS2_35,344.0,0.962193090695889,0.8747209915417172,1.1,0.8800000000000001
CALCE,CS2_35,345.0,0.967648057837092,0.8796800525791745,1.1,0.8800000000000001
CALCE,CS2_35,346.0,0.9679039107231974,0.8799126461119975,1.1,0.8800000000000001
CALCE,CS2_35,347.0,0.9680513533736592,0.8800466848851447,1.1,0.8800000000000001
CALCE,CS2_35,348.0,0.9681374592300501,0.8801249629364092,1.1,0.8800000000000001
CALCE,CS2_35,349.0,0.9682880347580802,0.8802618497800728,1.1,0.8800000000000001
CALCE,CS2_35,350.0,0.9693557273680014,0.8812324794254557,1.1,0.8800000000000001
CALCE,CS2_35,351.0,0.9713428124242277,0.8830389203856615,1.1,0.8800000000000001
CALCE,CS2_35,352.0,0.9774094130217554,0.8885540118379595,1.1,0.8800000000000001
CALCE,CS2_35,353.0,0.9777853189542488,0.8888957445038624,1.1,0.8800000000000001
CALCE,CS2_35,354.0,0.9689928951847727,0.8809026319861569,1.1,0.8800000000000001
CALCE,CS2_35,355.0,0.9689238996501304,0.8808399087728457,1.1,0.8800000000000001
CALCE,CS2_35,356.0,0.9701719465308652,0.8819744968462411,1.1,0.8800000000000001
CALCE,CS2_35,357.0,0.9712987157423145,0.8829988324930131,1.1,0.8800000000000001
CALCE,CS2_35,358.0,0.971200073231132,0.8829091574828472,1.1,0.8800000000000001
CALCE,CS2_35,359.0,0.9778180721944113,0.8889255201767374,1.1,0.8800000000000001
CALCE,CS2_35,360.0,0.9782104082366423,0.8892821893060384,1.1,0.8800000000000001
CALCE,CS2_35,361.0,0.9714821772350183,0.8831656156681984,1.1,0.8800000000000001
CALCE,CS2_35,362.0,0.9695559975532383,0.8814145432302165,1.1,0.8800000000000001
CALCE,CS2_35,363.0,0.9694213724737814,0.8812921567943466,1.1,0.8800000000000001
CALCE,CS2_35,364.0,0.9707512392896198,0.882501126626927,1.1,0.8800000000000001
CALCE,CS2_35,365.0,0.9707291552413696,0.8824810502194268,1.1,0.8800000000000001
CALCE,CS2_35,366.0,0.976093575812211,0.887357796192919,1.1,0.8800000000000001
CALCE,CS2_35,367.0,0.9771141952541974,0.8882856320492702,1.1,0.8800000000000001
CALCE,CS2_35,368.0,0.9772564212953591,0.8884149284503263,1.1,0.8800000000000001
CALCE,CS2_35,369.0,0.9687844771360773,0.8807131610327975,1.1,0.8800000000000001
CALCE,CS2_35,370.0,0.968666313439211,0.8806057394901917,1.1,0.8800000000000001
CALCE,CS2_35,371.0,0.9684567255558265,0.8804152050507513,1.1,0.8800000000000001
CALCE,CS2_35,372.0,0.968143925483163,0.8801308413483299,1.1,0.8800000000000001
CALCE,CS2_35,373.0,0.9623797058027724,0.874890641638884,1.1,0.8800000000000001
CALCE,CS2_35,374.0,0.9700123225574017,0.8818293841430923,1.1,0.8800000000000001
CALCE,CS2_35,375.0,0.9708125423166657,0.8825568566515142,1.1,0.8800000000000001
CALCE,CS2_35,376.0,0.9688127415430069,0.880738855948188,1.1,0.8800000000000001
CALCE,CS2_35,377.0,0.9619879187419949,0.8745344715836316,1.1,0.8800000000000001
CALCE,CS2_35,378.0,0.962446473822264,0.8749513398384218,1.1,0.8800000000000001
CALCE,CS2_35,379.0,0.9677940126658239,0.8798127387871125,1.1,0.8800000000000001
CALCE,CS2_35,380.0,0.9682733872135955,0.8802485338305412,1.1,0.8800000000000001
CALCE,CS2_35,381.0,0.9685214457969706,0.8804740416336096,1.1,0.8800000000000001
CALCE,CS2_35,382.0,0.9702553778217688,0.8820503434743352,1.1,0.8800000000000001
CALCE,CS2_35,383.0,0.970625839312023,0.8823871266472936,1.1,0.8800000000000001
CALCE,CS2_35,384.0,0.9707747748883538,0.8825225226257761,1.1,0.8800000000000001
CALCE,CS2_35,385.0,0.9708607553296966,0.8826006866633604,1.1,0.8800000000000001
CALCE,CS2_35,386.0,0.9708553034224966,0.8825957303840878,1.1,0.8800000000000001
CALCE,CS2_35,387.0,0.9759605251164475,0.8872368410149521,1.1,0.8800000000000001
CALCE,CS2_35,388.0,0.9761834997105076,0.8874395451913705,1.1,0.8800000000000001
CALCE,CS2_35,389.0,0.9762742101337604,0.8875220092125093,1.1,0.8800000000000001
CALCE,CS2_35,390.0,0.9762731342443235,0.8875210311312031,1.1,0.8800000000000001
CALCE,CS2_35,391.0,0.976280534366117,0.8875277585146517,1.1,0.8800000000000001
CALCE,CS2_35,392.0,0.9760725544321923,0.8873386858474475,1.1,0.8800000000000001
CALCE,CS2_35,393.0,0.9761205382987658,0.8873823075443324,1.1,0.8800000000000001
CALCE,CS2_35,394.0,0.9760217205064491,0.8872924731876809,1.1,0.8800000000000001
CALCE,CS2_35,395.0,0.9760316838624249,0.8873015307840225,1.1,0.8800000000000001
CALCE,CS2_35,396.0,0.9760494030120499,0.8873176391018635,1.1,0.8800000000000001
CALCE,CS2_35,397.0,0.9759930599790423,0.8872664181627656,1.1,0.8800000000000001
CALCE,CS2_35,398.0,0.9758076675791776,0.8870978796174341,1.1,0.8800000000000001
CALCE,CS2_35,399.0,0.9678377252775308,0.8798524775250279,1.1,0.8800000000000001
CALCE,CS2_35,400.0,0.9810616772228468,0.8918742520207698,1.1,0.8800000000000001
CALCE,CS2_35,401.0,0.9800405267648649,0.8909459334226043,1.1,0.8800000000000001
CALCE,CS2_35,402.0,0.9807073778075596,0.8915521616432359,1.1,0.8800000000000001
CALCE,CS2_35,403.0,0.9884020126511398,0.8985472842283089,1.1,0.8800000000000001
CALCE,CS2_35,404.0,0.9891694667078306,0.8992449697343914,1.1,0.8800000000000001
CALCE,CS2_35,405.0,0.9808050244157939,0.8916409312870852,1.1,0.8800000000000001
CALCE,CS2_35,406.0,0.9800572007284393,0.8909610915713083,1.1,0.8800000000000001
CALCE,CS2_35,407.0,0.9803666482806253,0.8912424075278411,1.1,0.8800000000000001
CALCE,CS2_35,408.0,0.9800805880592611,0.8909823527811465,1.1,0.8800000000000001
CALCE,CS2_35,409.0,0.9789817769928428,0.8899834336298571,1.1,0.8800000000000001
CALCE,CS2_35,410.0,0.9866677697312971,0.8969706997557245,1.1,0.8800000000000001
CALCE,CS2_35,411.0,0.9871378162588823,0.8973980147808021,1.1,0.8800000000000001
CALCE,CS2_35,412.0,0.9860458729678183,0.896405339061653,1.1,0.8800000000000001
CALCE,CS2_35,413.0,0.9776592175893822,0.8887811068994383,1.1,0.8800000000000001
CALCE,CS2_35,414.0,0.9778880856673615,0.8889891687885104,1.1,0.8800000000000001
CALCE,CS2_35,415.0,0.9778552235098363,0.8889592940998512,1.1,0.8800000000000001
CALCE,CS2_35,416.0,0.9694574611227151,0.8813249646570137,1.1,0.8800000000000001
CALCE,CS2_35,417.0,0.9696243622023575,0.881476692911234,1.1,0.8800000000000001
CALCE,CS2_35,418.0,0.9779205622333085,0.8890186929393713,1.1,0.8800000000000001
CALCE,CS2_35,419.0,0.978439555826711,0.88949050529701,1.1,0.8800000000000001
CALCE,CS2_35,420.0,0.9687510210821922,0.8806827464383565,1.1,0.8800000000000001
CALCE,CS2_35,421.0,0.9610661626068885,0.8736965114608076,1.1,0.8800000000000001
CALCE,CS2_35,422.0,0.9605962238147504,0.8732692943770457,1.1,0.8800000000000001
CALCE,CS2_35,423.0,0.9683040759161757,0.8802764326510688,1.1,0.8800000000000001
CALCE,CS2_35,424.0,0.9694006607354979,0.8812733279413617,1.1,0.8800000000000001
CALCE,CS2_35,425.0,0.9698449694398528,0.8816772449453206,1.1,0.8800000000000001
CALCE,CS2_35,426.0,0.9699426232208518,0.8817660211098652,1.1,0.8800000000000001
CALCE,CS2_35,427.0,0.9702362325514932,0.8820329386831756,1.1,0.8800000000000001
CALCE,CS2_35,428.0,0.9705387715921311,0.8823079741746646,1.1,0.8800000000000001
CALCE,CS2_35,429.0,0.9705435205997377,0.8823122914543069,1.1,0.8800000000000001
CALCE,CS2_35,430.0,0.9703053106265482,0.8820957369332256,1.1,0.8800000000000001
CALCE,CS2_35,431.0,0.9695138532990883,0.8813762302718984,1.1,0.8800000000000001
CALCE,CS2_35,432.0,0.9692293454990673,0.8811175868173338,1.1,0.8800000000000001
CALCE,CS2_35,433.0,0.968956321089802,0.8808693828089108,1.1,0.8800000000000001
CALCE,CS2_35,434.0,0.968709792299634,0.88064526572694,1.1,0.8800000000000001
CALCE,CS2_35,435.0,0.9686266159561472,0.8805696508692247,1.1,0.8800000000000001
CALCE,CS2_35,436.0,0.9684963017784867,0.8804511834349878,1.1,0.8800000000000001
CALCE,CS2_35,437.0,0.9683731892546965,0.8803392629588149,1.1,0.8800000000000001
CALCE,CS2_35,438.0,0.9682104969326253,0.8801913608478411,1.1,0.8800000000000001
CALCE,CS2_35,439.0,0.9680627345389531,0.8800570313990482,1.1,0.8800000000000001
CALCE,CS2_35,440.0,0.9506776309663554,0.8642523917875957,1.1,0.8800000000000001
CALCE,CS2_35,441.0,0.9442161477203319,0.8583783161093925,1.1,0.8800000000000001
CALCE,CS2_35,442.0,0.9420542321756972,0.8564129383415429,1.1,0.8800000000000001
CALCE,CS2_35,443.0,0.9416969048419513,0.8560880953108648,1.1,0.8800000000000001
CALCE,CS2_35,444.0,0.9350995822020318,0.8500905292745743,1.1,0.8800000000000001
CALCE,CS2_35,445.0,0.9513069707715761,0.864824518883251,1.1,0.8800000000000001
CALCE,CS2_35,446.0,0.9526756706121019,0.8660687914655472,1.1,0.8800000000000001
CALCE,CS2_35,447.0,0.9442774319894062,0.8584340290812783,1.1,0.8800000000000001
CALCE,CS2_35,448.0,0.9433459961262561,0.8575872692056873,1.1,0.8800000000000001
CALCE,CS2_35,449.0,0.9503787172055562,0.863980652005051,1.1,0.8800000000000001
CALCE,CS2_35,450.0,0.9527774839377957,0.8661613490343597,1.1,0.8800000000000001
CALCE,CS2_35,451.0,0.9531486625872516,0.8664987841702286,1.1,0.8800000000000001
CALCE,CS2_35,452.0,0.9419817870182252,0.8563470791074774,1.1,0.8800000000000001
CALCE,CS2_35,453.0,0.9345537004238544,0.8495942731125948,1.1,0.8800000000000001
CALCE,CS2_35,454.0,0.933766616361746,0.8488787421470417,1.1,0.8800000000000001
CALCE,CS2_35,455.0,0.9334888738043081,0.8486262489130073,1.1,0.8800000000000001
CALCE,CS2_35,456.0,0.9258153493614463,0.8416503176013147,1.1,0.8800000000000001
CALCE,CS2_35,457.0,0.9320645343697624,0.8473313948816021,1.1,0.8800000000000001
CALCE,CS2_35,458.0,0.934399145506472,0.8494537686422472,1.1,0.8800000000000001
CALCE,CS2_35,459.0,0.9428251629732505,0.8571137845211367,1.1,0.8800000000000001
CALCE,CS2_35,460.0,0.9440757753521501,0.858250704865591,1.1,0.8800000000000001
CALCE,CS2_35,461.0,0.9341702198609231,0.8492456544190209,1.1,0.8800000000000001
CALCE,CS2_35,462.0,0.9329054560370239,0.8480958691245671,1.1,0.8800000000000001
CALCE,CS2_35,463.0,0.9327883937913083,0.8479894489011893,1.1,0.8800000000000001
CALCE,CS2_35,464.0,0.932048035436184,0.8473163958510763,1.1,0.8800000000000001
CALCE,CS2_35,465.0,0.9258986505454213,0.8417260459503829,1.1,0.8800000000000001
CALCE,CS2_35,466.0,0.9351601874986786,0.8501456249987986,1.1,0.8800000000000001
CALCE,CS2_35,467.0,0.9415537702190951,0.85595797292645,1.1,0.8800000000000001
CALCE,CS2_35,468.0,0.9408928557446545,0.8553571415860495,1.1,0.8800000000000001
CALCE,CS2_35,469.0,0.9259181784966103,0.841743798633282,1.1,0.8800000000000001
CALCE,CS2_35,470.0,0.925919731108561,0.8417452100986917,1.1,0.8800000000000001
CALCE,CS2_35,471.0,0.9246494483030581,0.8405904075482346,1.1,0.8800000000000001
CALCE,CS2_35,472.0,0.9240650792589392,0.8400591629626719,1.1,0.8800000000000001
CALCE,CS2_35,473.0,0.9239050230894398,0.8399136573540361,1.1,0.8800000000000001
CALCE,CS2_35,474.0,0.9328508523522187,0.8480462294111077,1.1,0.8800000000000001
CALCE,CS2_35,475.0,0.933658976525035,0.8487808877500318,1.1,0.8800000000000001
CALCE,CS2_35,476.0,0.924349441794663,0.8403176743587846,1.1,0.8800000000000001
CALCE,CS2_35,477.0,0.9234686159555783,0.8395169235959802,1.1,0.8800000000000001
CALCE,CS2_35,478.0,0.9239472577735877,0.8399520525214432,1.1,0.8800000000000001
CALCE,CS2_35,479.0,0.9236280801195623,0.8396618910177839,1.1,0.8800000000000001
CALCE,CS2_35,480.0,0.9234251360072399,0.839477396370218,1.1,0.8800000000000001
CALCE,CS2_35,481.0,0.9254166010685019,0.8412878191531834,1.1,0.8800000000000001
CALCE,CS2_35,482.0,0.9320799531243443,0.847345411931222,1.1,0.8800000000000001
CALCE,CS2_35,483.0,0.9323381552472977,0.8475801411339069,1.1,0.8800000000000001
CALCE,CS2_35,484.0,0.9167849167819597,0.8334408334381451,1.1,0.8800000000000001
CALCE,CS2_35,485.0,0.9168064577423998,0.8334604161294543,1.1,0.8800000000000001
CALCE,CS2_35,486.0,0.91680596066936,0.8334599642448727,1.1,0.8800000000000001
CALCE,CS2_35,487.0,0.9168177293715797,0.8334706630650723,1.1,0.8800000000000001
CALCE,CS2_35,488.0,0.9157667529602249,0.8325152299638408,1.1,0.8800000000000001
CALCE,CS2_35,489.0,0.9243561564604146,0.8403237786003768,1.1,0.8800000000000001
CALCE,CS2_35,490.0,0.9250413392234573,0.8409466720213248,1.1,0.8800000000000001
CALCE,CS2_35,491.0,0.9252684101817492,0.8411531001652265,1.1,0.8800000000000001
CALCE,CS2_35,492.0,0.9252484095059378,0.8411349177326707,1.1,0.8800000000000001
CALCE,CS2_35,493.0,0.9251909495991286,0.8410826814537532,1.1,0.8800000000000001
CALCE,CS2_35,494.0,0.9250848281141208,0.8409862073764734,1.1,0.8800000000000001
CALCE,CS2_35,495.0,0.9250142898503677,0.8409220816821524,1.1,0.8800000000000001
CALCE,CS2_35,496.0,0.924757515435093,0.840688650395539,1.1,0.8800000000000001
CALCE,CS2_35,497.0,0.9248037827599048,0.8407307115999134,1.1,0.8800000000000001
CALCE,CS2_35,498.0,0.9243890453041488,0.8403536775492261,1.1,0.8800000000000001
CALCE,CS2_35,499.0,0.9243072682878045,0.8402793348070949,1.1,0.8800000000000001
CALCE,CS2_35,500.0,0.9241234222805138,0.8401122020731943,1.1,0.8800000000000001
CALCE,CS2_35,501.0,0.9235459475855844,0.8395872250778039,1.1,0.8800000000000001
CALCE,CS2_35,502.0,0.9233515326732314,0.8394104842483922,1.1,0.8800000000000001
CALCE,CS2_35,503.0,0.9168325713486026,0.8334841557714568,1.1,0.8800000000000001
CALCE,CS2_35,504.0,0.9160386635995971,0.8327624214541791,1.1,0.8800000000000001
CALCE,CS2_35,505.0,0.9168403568897548,0.8334912335361407,1.1,0.8800000000000001
CALCE,CS2_35,506.0,0.9237143102418054,0.8397402820380049,1.1,0.8800000000000001
CALCE,CS2_35,507.0,0.9237202234030416,0.8397456576391287,1.1,0.8800000000000001
CALCE,CS2_35,508.0,0.9144200852630671,0.8312909866027882,1.1,0.8800000000000001
CALCE,CS2_35,509.0,0.9076129937589166,0.825102721599015,1.1,0.8800000000000001
CALCE,CS2_35,510.0,0.9076300997046505,0.8251182724587731,1.1,0.8800000000000001
CALCE,CS2_35,511.0,0.9070266977071859,0.8245697251883508,1.1,0.8800000000000001
CALCE,CS2_35,512.0,0.9063550209562089,0.8239591099601898,1.1,0.8800000000000001
CALCE,CS2_35,513.0,0.9140815915689274,0.8309832650626612,1.1,0.8800000000000001
CALCE,CS2_35,514.0,0.9146963603114798,0.8315421457377089,1.1,0.8800000000000001
CALCE,CS2_35,515.0,0.9148759994627612,0.8317054540570555,1.1,0.8800000000000001
CALCE,CS2_35,516.0,0.9052564973436653,0.8229604521306048,1.1,0.8800000000000001
CALCE,CS2_35,517.0,0.8984545469799825,0.8167768608908931,1.1,0.8800000000000001
CALCE,CS2_35,518.0,0.898388194562069,0.8167165405109718,1.1,0.8800000000000001
CALCE,CS2_35,519.0,0.8980343924101388,0.8163949021910353,1.1,0.8800000000000001
CALCE,CS2_35,520.0,0.8982338877908698,0.8165762616280634,1.1,0.8800000000000001
CALCE,CS2_35,521.0,0.9061463835558251,0.8237694395962045,1.1,0.8800000000000001
CALCE,CS2_35,522.0,0.906467443691352,0.8240613124466836,1.1,0.8800000000000001
CALCE,CS2_35,523.0,0.905123859307938,0.8228398720981254,1.1,0.8800000000000001
CALCE,CS2_35,524.0,0.8967711467352302,0.8152464970320273,1.1,0.8800000000000001
CALCE,CS2_35,525.0,0.8892238896831482,0.8083853542574074,1.1,0.8800000000000001
CALCE,CS2_35,526.0,0.8966240641970747,0.8151127856337043,1.1,0.8800000000000001
CALCE,CS2_35,527.0,0.889222105649244,0.8083837324084036,1.1,0.8800000000000001
CALCE,CS2_35,528.0,0.8887756449398576,0.8079778590362341,1.1,0.8800000000000001
CALCE,CS2_35,529.0,0.898138402525078,0.81648945684098,1.1,0.8800000000000001
CALCE,CS2_35,530.0,0.8984679465401729,0.8167890423092481,1.1,0.8800000000000001
CALCE,CS2_35,531.0,0.8958615610550399,0.8144196009591271,1.1,0.8800000000000001
CALCE,CS2_35,532.0,0.8880015543759625,0.807274140341784,1.1,0.8800000000000001
CALCE,CS2_35,533.0,0.8888992068066747,0.8080901880060678,1.1,0.8800000000000001
CALCE,CS2_35,534.0,0.8888003225671569,0.8080002932428698,1.1,0.8800000000000001
CALCE,CS2_35,535.0,0.8882005232731717,0.8074550211574287,1.1,0.8800000000000001
CALCE,CS2_35,536.0,0.8888139653845244,0.8080126958041131,1.1,0.8800000000000001
CALCE,CS2_35,537.0,0.8961203372084978,0.8146548520077252,1.1,0.8800000000000001
CALCE,CS2_35,538.0,0.8961984699016766,0.8147258817287969,1.1,0.8800000000000001
CALCE,CS2_35,539.0,0.8963604228993981,0.8148731117267255,1.1,0.8800000000000001
CALCE,CS2_35,540.0,0.8963600267750816,0.8148727516137105,1.1,0.8800000000000001
CALCE,CS2_35,541.0,0.8962243458775377,0.814749405343216,1.1,0.8800000000000001
CALCE,CS2_35,542.0,0.8964795895345674,0.8149814450314249,1.1,0.8800000000000001
CALCE,CS2_35,543.0,0.8965879042198213,0.8150799129271101,1.1,0.8800000000000001
CALCE,CS2_35,544.0,0.8965998325536425,0.8150907568669477,1.1,0.8800000000000001
CALCE,CS2_35,545.0,0.8965876427006713,0.8150796751824283,1.1,0.8800000000000001
CALCE,CS2_35,546.0,0.8966440394375775,0.8151309449432522,1.1,0.8800000000000001
CALCE,CS2_35,547.0,0.8967423014501308,0.8152202740455734,1.1,0.8800000000000001
CALCE,CS2_35,548.0,0.89646879345817,0.8149716304165181,1.1,0.8800000000000001
CALCE,CS2_35,549.0,0.8964741879303488,0.8149765344821353,1.1,0.8800000000000001
CALCE,CS2_35,550.0,0.8964430901498783,0.8149482637726166,1.1,0.8800000000000001
CALCE,CS2_35,551.0,0.8965010574539296,0.8150009613217541,1.1,0.8800000000000001
CALCE,CS2_35,552.0,0.8799889946072832,0.7999899950975301,1.1,0.8800000000000001
CALCE,CS2_35,553.0,0.8791704763223276,0.7992458875657523,1.1,0.8800000000000001
CALCE,CS2_35,554.0,0.879718458279799,0.7997440529816354,1.1,0.8800000000000001
CALCE,CS2_35,555.0,0.8873633462480258,0.8066939511345689,1.1,0.8800000000000001
CALCE,CS2_35,556.0,0.8875856227204881,0.8068960206549891,1.1,0.8800000000000001
CALCE,CS2_35,557.0,0.8788700494092774,0.7989727721902521,1.1,0.8800000000000001
CALCE,CS2_35,558.0,0.8781693226667584,0.7983357478788712,1.1,0.8800000000000001
CALCE,CS2_35,559.0,0.8779736418512609,0.798157856228419,1.1,0.8800000000000001
CALCE,CS2_35,560.0,0.8782173481973679,0.7983794074521525,1.1,0.8800000000000001
CALCE,CS2_35,561.0,0.8779974435933913,0.7981794941758101,1.1,0.8800000000000001
CALCE,CS2_35,562.0,0.8790284932879688,0.7991168120799717,1.1,0.8800000000000001
CALCE,CS2_35,563.0,0.8801227263721725,0.8001115694292477,1.1,0.8800000000000001
CALCE,CS2_35,564.0,0.8801037669185554,0.8000943335623231,1.1,0.8800000000000001
CALCE,CS2_35,565.0,0.8708941597124589,0.7917219633749626,1.1,0.8800000000000001
CALCE,CS2_35,566.0,0.8699940545265671,0.7909036859332428,1.1,0.8800000000000001
CALCE,CS2_35,567.0,0.8703633263802995,0.791239387618454,1.1,0.8800000000000001
CALCE,CS2_35,568.0,0.8701878706854553,0.791079882441323,1.1,0.8800000000000001
CALCE,CS2_35,569.0,0.8697258949533608,0.7906599045030552,1.1,0.8800000000000001
CALCE,CS2_35,570.0,0.870946236808923,0.7917693061899299,1.1,0.8800000000000001
CALCE,CS2_35,571.0,0.8709557174148721,0.7917779249226109,1.1,0.8800000000000001
CALCE,CS2_35,572.0,0.877689630401671,0.797899664001519,1.1,0.8800000000000001
CALCE,CS2_35,573.0,0.8617313998793577,0.7833921817085069,1.1,0.8800000000000001
CALCE,CS2_35,574.0,0.8612305118330402,0.7829368289391274,1.1,0.8800000000000001
CALCE,CS2_35,575.0,0.8612645791204068,0.7829677992003697,1.1,0.8800000000000001
CALCE,CS2_35,576.0,0.8606973079870369,0.7824520981700335,1.1,0.8800000000000001
CALCE,CS2_35,577.0,0.8602808549868367,0.7820735045334879,1.1,0.8800000000000001
CALCE,CS2_35,578.0,0.8692612167651785,0.7902374697865259,1.1,0.8800000000000001
CALCE,CS2_35,579.0,0.870103303003599,0.7910030027305445,1.1,0.8800000000000001
CALCE,CS2_35,580.0,0.8704363771195398,0.7913057973813997,1.1,0.8800000000000001
CALCE,CS2_35,581.0,0.8605597378634932,0.7823270344213573,1.1,0.8800000000000001
CALCE,CS2_35,582.0,0.8610947938759624,0.7828134489781476,1.1,0.8800000000000001
CALCE,CS2_35,583.0,0.861596158106132,0.7832692346419381,1.1,0.8800000000000001
CALCE,CS2_35,584.0,0.8614760473161973,0.7831600430147247,1.1,0.8800000000000001
CALCE,CS2_35,585.0,0.8689585426796664,0.7899623115269694,1.1,0.8800000000000001
CALCE,CS2_35,586.0,0.8702070590081087,0.7910973263710078,1.1,0.8800000000000001
CALCE,CS2_35,587.0,0.8706948799608778,0.7915407999644343,1.1,0.8800000000000001
CALCE,CS2_35,588.0,0.8708361683702955,0.7916692439729959,1.1,0.8800000000000001
CALCE,CS2_35,589.0,0.8708611521598901,0.7916919565089909,1.1,0.8800000000000001
CALCE,CS2_35,590.0,0.8709606776333947,0.791782434212177,1.1,0.8800000000000001
CALCE,CS2_35,591.0,0.8710032088204864,0.7918210989277149,1.1,0.8800000000000001
CALCE,CS2_35,592.0,0.8709043729113483,0.7917312481012256,1.1,0.8800000000000001
CALCE,CS2_35,593.0,0.8708347307129446,0.7916679370117677,1.1,0.8800000000000001
CALCE,CS2_35,594.0,0.8707650803565102,0.7916046185059183,1.1,0.8800000000000001
CALCE,CS2_35,595.0,0.870702103300127,0.7915473666364791,1.1,0.8800000000000001
CALCE,CS2_35,596.0,0.8705803666421115,0.791436696947374,1.1,0.8800000000000001
CALCE,CS2_35,597.0,0.8704184315053668,0.791289483186697,1.1,0.8800000000000001
CALCE,CS2_35,598.0,0.8702349964109853,0.7911227240099866,1.1,0.8800000000000001
CALCE,CS2_35,599.0,0.869943074124728,0.790857340113389,1.1,0.8800000000000001
CALCE,CS2_35,600.0,0.870696448500726,0.7915422259097509,1.1,0.8800000000000001
CALCE,CS2_35,601.0,0.8693876243518259,0.7903523857743872,1.1,0.8800000000000001
CALCE,CS2_35,602.0,0.8617895495702236,0.7834450450638396,1.1,0.8800000000000001
CALCE,CS2_35,603.0,0.8705769624891513,0.7914336022628647,1.1,0.8800000000000001
CALCE,CS2_35,604.0,0.8704979080569815,0.7913617345972558,1.1,0.8800000000000001
CALCE,CS2_35,605.0,0.8618109441131021,0.7834644946482746,1.1,0.8800000000000001
CALCE,CS2_35,606.0,0.852652081219955,0.7751382556545044,1.1,0.8800000000000001
CALCE,CS2_35,607.0,0.8526913009051048,0.7751739099137316,1.1,0.8800000000000001
CALCE,CS2_35,608.0,0.8527118500700475,0.7751925909727704,1.1,0.8800000000000001
CALCE,CS2_35,609.0,0.852707437800616,0.7751885798187418,1.1,0.8800000000000001
CALCE,CS2_35,610.0,0.8525214654294573,0.7750195140267793,1.1,0.8800000000000001
CALCE,CS2_35,611.0,0.8619547920116238,0.7835952654651125,1.1,0.8800000000000001
CALCE,CS2_35,612.0,0.8686938645226849,0.7897216950206226,1.1,0.8800000000000001
CALCE,CS2_35,613.0,0.8607469795713405,0.782497254155764,1.1,0.8800000000000001
CALCE,CS2_35,614.0,0.852285921751575,0.7748053834105227,1.1,0.8800000000000001
CALCE,CS2_35,615.0,0.8517866496422564,0.7743514996747785,1.1,0.8800000000000001
CALCE,CS2_35,616.0,0.852232050006164,0.7747564090965127,1.1,0.8800000000000001
CALCE,CS2_35,617.0,0.8515858777765214,0.7741689797968375,1.1,0.8800000000000001
CALCE,CS2_35,618.0,0.8512696212519869,0.7738814738654426,1.1,0.8800000000000001
CALCE,CS2_35,619.0,0.8602295248121531,0.782026840738321,1.1,0.8800000000000001
CALCE,CS2_35,620.0,0.8607588978638341,0.7825080889671219,1.1,0.8800000000000001
CALCE,CS2_35,621.0,0.8600875589972091,0.7818977809065537,1.1,0.8800000000000001
CALCE,CS2_35,622.0,0.8435493269535687,0.7668630245032442,1.1,0.8800000000000001
CALCE,CS2_35,623.0,0.8422452574033645,0.7656775067303313,1.1,0.8800000000000001
CALCE,CS2_35,624.0,0.8704637355731691,0.7913306687028809,1.1,0.8800000000000001
CALCE,CS2_35,625.0,0.8598845961393404,0.7817132692175821,1.1,0.8800000000000001
CALCE,CS2_35,626.0,0.8333051746315975,0.7575501587559976,1.1,0.8800000000000001
CALCE,CS2_35,627.0,0.8159950423027856,0.7418136748207141,1.1,0.8800000000000001
CALCE,CS2_35,628.0,0.8323062698942509,0.7566420635402281,1.1,0.8800000000000001
CALCE,CS2_35,629.0,0.8323561152422957,0.756687377492996,1.1,0.8800000000000001
CALCE,CS2_35,630.0,0.8253019745235329,0.7502745222941208,1.1,0.8800000000000001
CALCE,CS2_35,631.0,0.8058538294494211,0.7325943904085646,1.1,0.8800000000000001
CALCE,CS2_35,632.0,0.7884500629680552,0.7167727845164138,1.1,0.8800000000000001
CALCE,CS2_35,633.0,0.7880660263656702,0.7164236603324274,1.1,0.8800000000000001
CALCE,CS2_35,634.0,0.7792850912487204,0.7084409920442912,1.1,0.8800000000000001
CALCE,CS2_35,635.0,0.7792702120408839,0.7084274654917125,1.1,0.8800000000000001
CALCE,CS2_35,636.0,0.7885248620378349,0.716840783670759,1.1,0.8800000000000001
CALCE,CS2_35,637.0,0.7963775477253268,0.7239795888412061,1.1,0.8800000000000001
CALCE,CS2_35,638.0,0.7882017521668391,0.7165470474243991,1.1,0.8800000000000001
CALCE,CS2_35,639.0,0.7701175361869891,0.7001068510790809,1.1,0.8800000000000001
CALCE,CS2_35,640.0,0.7701022514882241,0.7000929558983855,1.1,0.8800000000000001
CALCE,CS2_35,641.0,0.7609089280745479,0.6917353891586798,1.1,0.8800000000000001
CALCE,CS2_35,642.0,0.7609134727150945,0.6917395206500858,1.1,0.8800000000000001
CALCE,CS2_35,643.0,0.7517404778069002,0.6834004343699093,1.1,0.8800000000000001
CALCE,CS2_35,644.0,0.769131137544652,0.6992101250405927,1.1,0.8800000000000001
CALCE,CS2_35,645.0,0.7701674827667401,0.7001522570606727,1.1,0.8800000000000001
CALCE,CS2_35,646.0,0.7701848842889197,0.7001680766262907,1.1,0.8800000000000001
CALCE,CS2_35,647.0,0.7517702104550876,0.6834274640500796,1.1,0.8800000000000001
CALCE,CS2_35,648.0,0.7425652920134985,0.6750593563759077,1.1,0.8800000000000001
CALCE,CS2_35,649.0,0.7425782970897109,0.6750711791724644,1.1,0.8800000000000001
CALCE,CS2_35,650.0,0.7425476356687117,0.6750433051533743,1.1,0.8800000000000001
CALCE,CS2_35,651.0,0.7425617016458456,0.6750560924053141,1.1,0.8800000000000001
CALCE,CS2_35,652.0,0.742575102221436,0.6750682747467599,1.1,0.8800000000000001
CALCE,CS2_35,653.0,0.7333804247030888,0.666709477002808,1.1,0.8800000000000001
CALCE,CS2_35,654.0,0.7333755886334898,0.6667050805758998,1.1,0.8800000000000001
CALCE,CS2_35,655.0,0.7333672194274667,0.6666974722067879,1.1,0.8800000000000001
CALCE,CS2_35,656.0,0.7242229649944162,0.6583845136312874,1.1,0.8800000000000001
CALCE,CS2_35,657.0,0.7242052171629293,0.6583683792390266,1.1,0.8800000000000001
CALCE,CS2_35,658.0,0.7334061481029488,0.6667328619117716,1.1,0.8800000000000001
CALCE,CS2_35,659.0,0.7426056946545284,0.6750960860495713,1.1,0.8800000000000001
CALCE,CS2_35,660.0,0.7426148887070279,0.6751044442791162,1.1,0.8800000000000001
CALCE,CS2_35,661.0,0.7421594122548929,0.6746903747771753,1.1,0.8800000000000001
CALCE,CS2_35,662.0,0.7426373994002502,0.675124908545682,1.1,0.8800000000000001
CALCE,CS2_35,663.0,0.7421063202745275,0.6746421093404795,1.1,0.8800000000000001
CALCE,CS2_35,664.0,0.7426434849823402,0.6751304408930365,1.1,0.8800000000000001
CALCE,CS2_35,665.0,0.7426344690561549,0.6751222445965044,1.1,0.8800000000000001
CALCE,CS2_35,666.0,0.7425243856410103,0.6750221687645548,1.1,0.8800000000000001
CALCE,CS2_35,667.0,0.7426585883424791,0.6751441712204355,1.1,0.8800000000000001
CALCE,CS2_35,668.0,0.7426360313938595,0.6751236649035086,1.1,0.8800000000000001
CALCE,CS2_35,669.0,0.7425554490455117,0.6750504082231924,1.1,0.8800000000000001
CALCE,CS2_35,670.0,0.7423319480124084,0.6748472254658258,1.1,0.8800000000000001
CALCE,CS2_35,671.0,0.7420464636568833,0.6745876942335303,1.1,0.8800000000000001
CALCE,CS2_35,672.0,0.7334742289704208,0.6667947536094734,1.1,0.8800000000000001
CALCE,CS2_35,673.0,0.7701589234868388,0.7001444758971261,1.1,0.8800000000000001
CALCE,CS2_35,674.0,0.7609033035578234,0.6917302759616576,1.1,0.8800000000000001
CALCE,CS2_35,675.0,0.7426676277422946,0.6751523888566313,1.1,0.8800000000000001
CALCE,CS2_35,676.0,0.7426465484159158,0.6751332258326507,1.1,0.8800000000000001
CALCE,CS2_35,677.0,0.7424494863644515,0.6749540785131377,1.1,0.8800000000000001
CALCE,CS2_35,678.0,0.7420699888364735,0.6746090807604304,1.1,0.8800000000000001
CALCE,CS2_35,679.0,0.7334772919121579,0.6667975381019617,1.1,0.8800000000000001
CALCE,CS2_35,680.0,0.7334932709902129,0.6668120645365572,1.1,0.8800000000000001
CALCE,CS2_35,681.0,0.7334957483308469,0.6668143166644062,1.1,0.8800000000000001
CALCE,CS2_35,682.0,0.7243289756731514,0.658480886975592,1.1,0.8800000000000001
CALCE,CS2_35,683.0,0.7243311252792412,0.6584828411629464,1.1,0.8800000000000001
CALCE,CS2_35,684.0,0.7242495019936396,0.6584086381760359,1.1,0.8800000000000001
CALCE,CS2_35,685.0,0.7240242081495654,0.6582038255905139,1.1,0.8800000000000001
CALCE,CS2_35,686.0,0.7150902867662645,0.6500820788784223,1.1,0.8800000000000001
CALCE,CS2_35,687.0,0.7150819934729593,0.650074539520872,1.1,0.8800000000000001
CALCE,CS2_35,688.0,0.7239010543552877,0.658091867595716,1.1,0.8800000000000001
CALCE,CS2_35,689.0,0.7243343034501507,0.6584857304092279,1.1,0.8800000000000001
CALCE,CS2_35,690.0,0.7151250547659594,0.6501136861508722,1.1,0.8800000000000001
CALCE,CS2_35,691.0,0.7059557209593157,0.6417779281448324,1.1,0.8800000000000001
CALCE,CS2_35,692.0,0.7059343942130181,0.6417585401936527,1.1,0.8800000000000001
CALCE,CS2_35,693.0,0.7059285744507864,0.6417532495007149,1.1,0.8800000000000001
CALCE,CS2_35,694.0,0.6967819928940042,0.6334381753581856,1.1,0.8800000000000001
CALCE,CS2_35,695.0,0.6967729477576236,0.6334299525069305,1.1,0.8800000000000001
CALCE,CS2_35,696.0,0.6967518754219327,0.6334107958381207,1.1,0.8800000000000001
CALCE,CS2_35,697.0,0.6967558821576755,0.6334144383251594,1.1,0.8800000000000001
CALCE,CS2_35,698.0,0.6967881071192816,0.6334437337448015,1.1,0.8800000000000001
CALCE,CS2_35,699.0,0.6967592324577617,0.6334174840525106,1.1,0.8800000000000001
CALCE,CS2_35,700.0,0.6875823689707986,0.6250748808825441,1.1,0.8800000000000001
CALCE,CS2_35,701.0,0.687570361257292,0.6250639647793563,1.1,0.8800000000000001
CALCE,CS2_35,702.0,0.6783817493882122,0.616710681262011,1.1,0.8800000000000001
CALCE,CS2_35,703.0,0.6784028253295951,0.6167298412087228,1.1,0.8800000000000001
CALCE,CS2_35,704.0,0.6783893076454867,0.6167175524049878,1.1,0.8800000000000001
CALCE,CS2_35,705.0,0.6783862136958502,0.6167147397235001,1.1,0.8800000000000001
CALCE,CS2_35,706.0,0.6783815574454868,0.6167105067686243,1.1,0.8800000000000001
CALCE,CS2_35,707.0,0.6784119066110954,0.6167380969191776,1.1,0.8800000000000001
CALCE,CS2_35,708.0,0.6692140872234983,0.6083764429304529,1.1,0.8800000000000001
CALCE,CS2_35,709.0,0.6692154868076339,0.6083777152796671,1.1,0.8800000000000001
CALCE,CS2_35,710.0,0.6692230877731818,0.6083846252483471,1.1,0.8800000000000001
CALCE,CS2_35,711.0,0.6692305928626917,0.6083914480569924,1.1,0.8800000000000001
CALCE,CS2_35,712.0,0.6692155312910768,0.6083777557191606,1.1,0.8800000000000001
CALCE,CS2_35,713.0,0.660065971658288,0.6000599742348072,1.1,0.8800000000000001
CALCE,CS2_35,714.0,0.660041161745935,0.6000374197690317,1.1,0.8800000000000001
CALCE,CS2_35,715.0,0.6600493698367573,0.6000448816697793,1.1,0.8800000000000001
CALCE,CS2_35,716.0,0.6600511019046109,0.600046456276919,1.1,0.8800000000000001
CALCE,CS2_35,717.0,0.660036668734467,0.6000333352131517,1.1,0.8800000000000001
CALCE,CS2_35,718.0,0.6966496697807585,0.6333178816188713,1.1,0.8800000000000001
CALCE,CS2_35,719.0,0.6783964255143687,0.6167240231948806,1.1,0.8800000000000001
CALCE,CS2_35,720.0,0.6692261991333736,0.6083874537576123,1.1,0.8800000000000001
CALCE,CS2_35,721.0,0.6692081120749879,0.6083710109772617,1.1,0.8800000000000001
CALCE,CS2_35,722.0,0.6600510151684775,0.6000463774258886,1.1,0.8800000000000001
CALCE,CS2_35,723.0,0.6600347733691608,0.6000316121537825,1.1,0.8800000000000001
CALCE,CS2_35,724.0,0.6600434006254738,0.6000394551140671,1.1,0.8800000000000001
CALCE,CS2_35,725.0,0.6600647904904451,0.6000589004458591,1.1,0.8800000000000001
CALCE,CS2_35,726.0,0.6600675678220167,0.6000614252927424,1.1,0.8800000000000001
CALCE,CS2_35,727.0,0.6600629047890765,0.6000571861718876,1.1,0.8800000000000001
CALCE,CS2_35,728.0,0.650902624169367,0.5917296583357881,1.1,0.8800000000000001
CALCE,CS2_35,729.0,0.6417156001433182,0.5833778183121074,1.1,0.8800000000000001
CALCE,CS2_35,730.0,0.6417004847991346,0.5833640770901223,1.1,0.8800000000000001
CALCE,CS2_35,731.0,0.6325370298469601,0.5750336634972364,1.1,0.8800000000000001
CALCE,CS2_35,732.0,0.632521335626522,0.5750193960241109,1.1,0.8800000000000001
CALCE,CS2_35,733.0,0.6233725421088152,0.5667023110080138,1.1,0.8800000000000001
CALCE,CS2_35,734.0,0.6233439668359307,0.5666763334872097,1.1,0.8800000000000001
CALCE,CS2_35,735.0,0.623363582329375,0.5666941657539772,1.1,0.8800000000000001
CALCE,CS2_35,736.0,0.6233786246307023,0.5667078405733657,1.1,0.8800000000000001
CALCE,CS2_35,737.0,0.623357314374226,0.5666884676129327,1.1,0.8800000000000001
CALCE,CS2_35,738.0,0.6325147702574311,0.5750134275067554,1.1,0.8800000000000001
CALCE,CS2_35,739.0,0.6233120826501662,0.5666473478637875,1.1,0.8800000000000001
CALCE,CS2_35,740.0,0.6141356506505128,0.5583051369550116,1.1,0.8800000000000001
CALCE,CS2_35,741.0,0.6141446383400341,0.5583133075818492,1.1,0.8800000000000001
CALCE,CS2_35,742.0,0.6141310833483441,0.558300984862131,1.1,0.8800000000000001
CALCE,CS2_35,743.0,0.6049631397803698,0.549966490709427,1.1,0.8800000000000001
CALCE,CS2_35,744.0,0.6049773979589615,0.549979452689965,1.1,0.8800000000000001
CALCE,CS2_35,745.0,0.6049814759469636,0.549983159951785,1.1,0.8800000000000001
CALCE,CS2_35,746.0,0.6141688575139805,0.5583353250127095,1.1,0.8800000000000001
CALCE,CS2_35,747.0,0.6049734533584936,0.5499758666895396,1.1,0.8800000000000001
CALCE,CS2_35,748.0,0.6049995608707603,0.5499996007916003,1.1,0.8800000000000001
CALCE,CS2_35,749.0,0.5958137806238227,0.5416488914762024,1.1,0.8800000000000001
CALCE,CS2_35,750.0,0.5958086692826445,0.541644244802404,1.1,0.8800000000000001
CALCE,CS2_35,751.0,0.586632513482979,0.5333022849845263,1.1,0.8800000000000001
CALCE,CS2_35,752.0,0.5866355564301386,0.533305051300126,1.1,0.8800000000000001
CALCE,CS2_35,753.0,0.5866171672488816,0.5332883338626195,1.1,0.8800000000000001
CALCE,CS2_35,754.0,0.5866400084639256,0.5333090986035687,1.1,0.8800000000000001
CALCE,CS2_35,755.0,0.5774618154073258,0.5249652867339325,1.1,0.8800000000000001
CALCE,CS2_35,756.0,0.5774557218032718,0.5249597470938834,1.1,0.8800000000000001
CALCE,CS2_35,757.0,0.5774537088448182,0.5249579171316529,1.1,0.8800000000000001
CALCE,CS2_35,758.0,0.5958486704418464,0.5416806094925876,1.1,0.8800000000000001
CALCE,CS2_35,759.0,0.6050330997987691,0.5500300907261536,1.1,0.8800000000000001
CALCE,CS2_35,760.0,0.6050376416458656,0.5500342196780595,1.1,0.8800000000000001
CALCE,CS2_35,761.0,0.6050310060315314,0.5500281873013921,1.1,0.8800000000000001
CALCE,CS2_35,762.0,0.605036133323507,0.5500328484759155,1.1,0.8800000000000001
CALCE,CS2_35,763.0,0.605038676703325,0.5500351606393863,1.1,0.8800000000000001
CALCE,CS2_35,764.0,0.6050573587207911,0.5500521442916283,1.1,0.8800000000000001
CALCE,CS2_35,765.0,0.6050479959174367,0.5500436326522152,1.1,0.8800000000000001
CALCE,CS2_35,766.0,0.6050602931395014,0.5500548119450012,1.1,0.8800000000000001
CALCE,CS2_35,767.0,0.5958707277877165,0.5417006616251968,1.1,0.8800000000000001
CALCE,CS2_35,768.0,0.5867153637455665,0.5333776034050605,1.1,0.8800000000000001
CALCE,CS2_35,769.0,0.5775386048769218,0.5250350953426561,1.1,0.8800000000000001
CALCE,CS2_35,770.0,0.5683542752326546,0.5166857047569586,1.1,0.8800000000000001
CALCE,CS2_35,771.0,0.5591785925454879,0.5083441750413525,1.1,0.8800000000000001
CALCE,CS2_35,772.0,0.5591954083538471,0.5083594621398609,1.1,0.8800000000000001
CALCE,CS2_35,773.0,0.5500280270694514,0.5000254791540467,1.1,0.8800000000000001
CALCE,CS2_35,774.0,0.5500355679893599,0.5000323345357817,1.1,0.8800000000000001
CALCE,CS2_35,775.0,0.5500047375526453,0.5000043068660411,1.1,0.8800000000000001
CALCE,CS2_35,776.0,0.5500310453858455,0.5000282230780413,1.1,0.8800000000000001
CALCE,CS2_35,777.0,0.5500170213901945,0.5000154739910858,1.1,0.8800000000000001
CALCE,CS2_35,778.0,0.5408768888099551,0.4917062625545046,1.1,0.8800000000000001
CALCE,CS2_35,779.0,0.5408724520840772,0.49170222916734285,1.1,0.8800000000000001
CALCE,CS2_35,780.0,0.5408706624543688,0.4917006022312443,1.1,0.8800000000000001
CALCE,CS2_35,781.0,0.5316896361395484,0.4833542146723167,1.1,0.8800000000000001
CALCE,CS2_35,782.0,0.5225219651994492,0.47501996836313554,1.1,0.8800000000000001
CALCE,CS2_35,783.0,0.5225248623076586,0.4750226020978714,1.1,0.8800000000000001
CALCE,CS2_35,784.0,0.5317092269146991,0.4833720244679083,1.1,0.8800000000000001
CALCE,CS2_35,785.0,0.53171830361283,0.4833802760116636,1.1,0.8800000000000001
CALCE,CS2_35,786.0,0.5316848951894705,0.4833499047177004,1.1,0.8800000000000001
CALCE,CS2_35,787.0,0.5317137895902334,0.4833761723547576,1.1,0.8800000000000001
CALCE,CS2_35,788.0,0.5408921126948768,0.49172010244988795,1.1,0.8800000000000001
CALCE,CS2_35,789.0,0.5317133218691139,0.4833757471537399,1.1,0.8800000000000001
CALCE,CS2_35,790.0,0.5317109015265894,0.48337354684235395,1.1,0.8800000000000001
CALCE,CS2_35,791.0,0.5225295728559419,0.47502688441449265,1.1,0.8800000000000001
CALCE,CS2_35,792.0,0.5225386129232723,0.47503510265752025,1.1,0.8800000000000001
CALCE,CS2_35,793.0,0.5225355904079173,0.4750323549162884,1.1,0.8800000000000001
CALCE,CS2_35,794.0,0.5133551083918046,0.4666864621743678,1.1,0.8800000000000001
CALCE,CS2_35,795.0,0.5041879168944063,0.45835265172218753,1.1,0.8800000000000001
CALCE,CS2_35,796.0,0.4950309760316624,0.450028160028784,1.1,0.8800000000000001
CALCE,CS2_35,797.0,0.49502343541731847,0.45002130492483494,1.1,0.8800000000000001
CALCE,CS2_35,798.0,0.4950120405900046,0.45001094599091324,1.1,0.8800000000000001
CALCE,CS2_35,799.0,0.4950129640810567,0.45001178552823334,1.1,0.8800000000000001
CALCE,CS2_35,800.0,0.49505485078264305,0.45004986434785726,1.1,0.8800000000000001
CALCE,CS2_35,801.0,0.4858915984454979,0.4417196349504526,1.1,0.8800000000000001
CALCE,CS2_35,802.0,0.4858857783622137,0.4417143439656488,1.1,0.8800000000000001
CALCE,CS2_35,803.0,0.4950486506857188,0.450044227896108,1.1,0.8800000000000001
CALCE,CS2_35,804.0,0.46754754463706505,0.42504322239733183,1.1,0.8800000000000001
CALCE,CS2_35,805.0,0.4583934404397711,0.41672130949070096,1.1,0.8800000000000001
CALCE,CS2_35,806.0,0.44921228018475073,0.4083748001679552,1.1,0.8800000000000001
CALCE,CS2_35,807.0,0.43088064445082813,0.39170967677348006,1.1,0.8800000000000001
CALCE,CS2_35,808.0,0.4216908042366721,0.3833552765787928,1.1,0.8800000000000001
CALCE,CS2_35,809.0,0.42170006030404233,0.383363691185493,1.1,0.8800000000000001
CALCE,CS2_35,810.0,0.4033692452325771,0.36669931384779736,1.1,0.8800000000000001
CALCE,CS2_35,811.0,0.3941834554694055,0.35834859588127765,1.1,0.8800000000000001
CALCE,CS2_35,812.0,0.39418345637046176,0.35834859670041974,1.1,0.8800000000000001
CALCE,CS2_35,813.0,0.3942000052179978,0.3583636411072707,1.1,0.8800000000000001
CALCE,CS2_35,814.0,0.39419101575877863,0.3583554688716169,1.1,0.8800000000000001
CALCE,CS2_35,815.0,0.3941832451900517,0.3583484047182288,1.1,0.8800000000000001
CALCE,CS2_35,816.0,0.3941865345306234,0.3583513950278394,1.1,0.8800000000000001
CALCE,CS2_35,817.0,0.38503360535812475,0.3500305503255679,1.1,0.8800000000000001
CALCE,CS2_35,818.0,0.3758661804547326,0.3416965276861205,1.1,0.8800000000000001
CALCE,CS2_35,819.0,0.3758662141762447,0.3416965583420406,1.1,0.8800000000000001
CALCE,CS2_35,820.0,0.36667562733211073,0.33334147939282793,1.1,0.8800000000000001
CALCE,CS2_35,821.0,0.256677191298316,0.23334290118028728,1.1,0.8800000000000001
CALCE,CS2_35,822.0,0.35751722309013495,0.3250156573546681,1.1,0.8800000000000001
CALCE,CS2_35,823.0,0.3575413227530788,0.3250375661391625,1.1,0.8800000000000001
CALCE,CS2_35,824.0,0.3575518433711679,0.3250471303374253,1.1,0.8800000000000001
CALCE,CS2_35,825.0,0.34838306593902935,0.3167118781263903,1.1,0.8800000000000001
CALCE,CS2_35,826.0,0.3392087124984694,0.30837155681679035,1.1,0.8800000000000001
CALCE,CS2_35,827.0,0.3483751748839945,0.316704704439995,1.1,0.8800000000000001
CALCE,CS2_35,828.0,0.3483751495647857,0.31670468142253244,1.1,0.8800000000000001
CALCE,CS2_35,829.0,0.3575579703025525,0.3250527002750477,1.1,0.8800000000000001
CALCE,CS2_35,830.0,0.3575413995803954,0.3250376359821776,1.1,0.8800000000000001
CALCE,CS2_35,831.0,0.3483749266708227,0.316704478791657,1.1,0.8800000000000001
CALCE,CS2_35,832.0,0.3392181625784727,0.3083801477986115,1.1,0.8800000000000001
CALCE,CS2_35,833.0,0.3300245148356597,0.30002228621423604,1.1,0.8800000000000001
CALCE,CS2_35,834.0,0.3300274704158397,0.3000249731053088,1.1,0.8800000000000001
CALCE,CS2_35,835.0,0.3208599774757216,0.2916908886142923,1.1,0.8800000000000001
CALCE,CS2_35,836.0,0.3208630363648057,0.2916936694225506,1.1,0.8800000000000001
CALCE,CS2_35,837.0,0.31169534067624055,0.2833594006147641,1.1,0.8800000000000001
CALCE,CS2_35,838.0,0.31169233845198496,0.2833566713199863,1.1,0.8800000000000001
CALCE,CS2_35,839.0,0.31170135896259954,0.28336487178418135,1.1,0.8800000000000001
CALCE,CS2_35,840.0,0.30252367069197267,0.2750215188108842,1.1,0.8800000000000001
CALCE,CS2_35,841.0,0.31169537723571394,0.283359433850649,1.1,0.8800000000000001
CALCE,CS2_35,842.0,0.31170740055789914,0.28337036414354466,1.1,0.8800000000000001
CALCE,CS2_35,843.0,0.31168739775500465,0.28335217977727695,1.1,0.8800000000000001
CALCE,CS2_35,844.0,0.30252167177236655,0.2750197016112423,1.1,0.8800000000000001
CALCE,CS2_35,845.0,0.30252989074088893,0.2750271734008081,1.1,0.8800000000000001
CALCE,CS2_35,846.0,0.3025303923210256,0.2750276293827505,1.1,0.8800000000000001
CALCE,CS2_35,847.0,0.29336748222238457,0.2666977111112587,1.1,0.8800000000000001
CALCE,CS2_35,848.0,0.46754754463706505,0.42504322239733183,1.1,0.8800000000000001
CALCE,CS2_35,849.0,0.4583934404397711,0.41672130949070096,1.1,0.8800000000000001
CALCE,CS2_35,850.0,0.44921228018475073,0.4083748001679552,1.1,0.8800000000000001
CALCE,CS2_35,851.0,0.43088064445082813,0.39170967677348006,1.1,0.8800000000000001
CALCE,CS2_35,852.0,0.4216908042366721,0.3833552765787928,1.1,0.8800000000000001
CALCE,CS2_35,853.0,0.42170006030404233,0.383363691185493,1.1,0.8800000000000001
CALCE,CS2_35,854.0,0.4125293089144965,0.3750266444677241,1.1,0.8800000000000001
CALCE,CS2_35,855.0,0.4033541392388784,0.3666855811262531,1.1,0.8800000000000001
CALCE,CS2_35,856.0,0.4033692452325771,0.36669931384779736,1.1,0.8800000000000001
CALCE,CS2_35,857.0,0.3941834554694055,0.35834859588127765,1.1,0.8800000000000001
CALCE,CS2_35,858.0,0.39418345637046176,0.35834859670041974,1.1,0.8800000000000001
CALCE,CS2_35,859.0,0.3942000052179978,0.3583636411072707,1.1,0.8800000000000001
CALCE,CS2_35,860.0,0.39419101575877863,0.3583554688716169,1.1,0.8800000000000001
CALCE,CS2_35,861.0,0.3941832451900517,0.3583484047182288,1.1,0.8800000000000001
CALCE,CS2_35,862.0,0.3941865345306234,0.3583513950278394,1.1,0.8800000000000001
CALCE,CS2_35,863.0,0.38503360535812475,0.3500305503255679,1.1,0.8800000000000001
CALCE,CS2_35,864.0,0.3758661804547326,0.3416965276861205,1.1,0.8800000000000001
CALCE,CS2_35,865.0,0.3758662141762447,0.3416965583420406,1.1,0.8800000000000001
CALCE,CS2_35,866.0,0.36667562733211073,0.33334147939282793,1.1,0.8800000000000001
CALCE,CS2_35,867.0,0.256677191298316,0.23334290118028728,1.1,0.8800000000000001
CALCE,CS2_35,868.0,0.35751722309013495,0.3250156573546681,1.1,0.8800000000000001
CALCE,CS2_35,869.0,0.3575413227530788,0.3250375661391625,1.1,0.8800000000000001
CALCE,CS2_35,870.0,0.3575518433711679,0.3250471303374253,1.1,0.8800000000000001
CALCE,CS2_35,871.0,0.34838306593902935,0.3167118781263903,1.1,0.8800000000000001
CALCE,CS2_35,872.0,0.3392087124984694,0.30837155681679035,1.1,0.8800000000000001
CALCE,CS2_35,873.0,0.3483751748839945,0.316704704439995,1.1,0.8800000000000001
CALCE,CS2_35,874.0,0.3483751495647857,0.31670468142253244,1.1,0.8800000000000001
CALCE,CS2_35,875.0,0.3575579703025525,0.3250527002750477,1.1,0.8800000000000001
CALCE,CS2_35,876.0,0.3575413995803954,0.3250376359821776,1.1,0.8800000000000001
CALCE,CS2_35,877.0,0.3483749266708227,0.316704478791657,1.1,0.8800000000000001
CALCE,CS2_35,878.0,0.3392181625784727,0.3083801477986115,1.1,0.8800000000000001
CALCE,CS2_35,879.0,0.3300245148356597,0.30002228621423604,1.1,0.8800000000000001
CALCE,CS2_35,880.0,0.3300274704158397,0.3000249731053088,1.1,0.8800000000000001
CALCE,CS2_35,881.0,0.3208599774757216,0.2916908886142923,1.1,0.8800000000000001
CALCE,CS2_35,882.0,0.3208630363648057,0.2916936694225506,1.1,0.8800000000000001
CALCE,CS2_36,1.0,1.1338066110520781,1.0307332827746165,1.1,0.8800000000000001
CALCE,CS2_36,2.0,1.1334134702484167,1.030375882044015,1.1,0.8800000000000001
CALCE,CS2_36,3.0,1.1328286101875913,1.0298441910796283,1.1,0.8800000000000001
CALCE,CS2_36,4.0,1.1270332722889724,1.0245757020808839,1.1,0.8800000000000001
CALCE,CS2_36,5.0,1.1267116857980117,1.0242833507254652,1.1,0.8800000000000001
CALCE,CS2_36,6.0,1.124261017581048,1.0220554705282252,1.1,0.8800000000000001
CALCE,CS2_36,7.0,1.1150115166743946,1.0136468333403585,1.1,0.8800000000000001
CALCE,CS2_36,8.0,1.1089666145750847,1.0081514677955314,1.1,0.8800000000000001
CALCE,CS2_36,9.0,1.1075882593653052,1.0068984176048228,1.1,0.8800000000000001
CALCE,CS2_36,10.0,1.105772038995162,1.0052473081774198,1.1,0.8800000000000001
CALCE,CS2_36,11.0,1.1082769593025792,1.00752450845689,1.1,0.8800000000000001
CALCE,CS2_36,12.0,1.112932182255405,1.0117565293230955,1.1,0.8800000000000001
CALCE,CS2_36,13.0,1.112988055371036,1.011807323064578,1.1,0.8800000000000001
CALCE,CS2_36,14.0,1.1127971667461132,1.011633787951012,1.1,0.8800000000000001
CALCE,CS2_36,15.0,1.112458056752362,1.011325506138511,1.1,0.8800000000000001
CALCE,CS2_36,16.0,1.1121902604059106,1.0110820549144641,1.1,0.8800000000000001
CALCE,CS2_36,17.0,1.112012700816156,1.0109206371055963,1.1,0.8800000000000001
CALCE,CS2_36,18.0,1.108000436582179,1.0072731241656172,1.1,0.8800000000000001
CALCE,CS2_36,19.0,1.1075350499545462,1.0068500454132236,1.1,0.8800000000000001
CALCE,CS2_36,20.0,1.1071381215567389,1.0064892014152171,1.1,0.8800000000000001
CALCE,CS2_36,21.0,1.1067523031151418,1.0061384573774015,1.1,0.8800000000000001
CALCE,CS2_36,22.0,1.1064770587905484,1.0058882352641347,1.1,0.8800000000000001
CALCE,CS2_36,23.0,1.1063048574157182,1.0057316885597436,1.1,0.8800000000000001
CALCE,CS2_36,24.0,1.1058361647172874,1.005305604288443,1.1,0.8800000000000001
CALCE,CS2_36,25.0,1.1054579660440906,1.0049617873128096,1.1,0.8800000000000001
CALCE,CS2_36,26.0,1.1051384630419614,1.0046713300381467,1.1,0.8800000000000001
CALCE,CS2_36,27.0,1.0957048003880436,0.9960952730800395,1.1,0.8800000000000001
CALCE,CS2_36,28.0,1.08910990291196,0.9900999117381454,1.1,0.8800000000000001
CALCE,CS2_36,29.0,1.0879088780265784,0.989008070933253,1.1,0.8800000000000001
CALCE,CS2_36,30.0,1.0871404645160523,0.9883095131964111,1.1,0.8800000000000001
CALCE,CS2_36,31.0,1.085984676363469,0.9872587966940627,1.1,0.8800000000000001
CALCE,CS2_36,32.0,1.0940259166577682,0.9945690151434255,1.1,0.8800000000000001
CALCE,CS2_36,33.0,1.0949674538454621,0.9954249580413291,1.1,0.8800000000000001
CALCE,CS2_36,34.0,1.0858072780786652,0.9870975255260591,1.1,0.8800000000000001
CALCE,CS2_36,35.0,1.0794433426800802,0.9813121297091638,1.1,0.8800000000000001
CALCE,CS2_36,36.0,1.0791840180692092,0.9810763800629173,1.1,0.8800000000000001
CALCE,CS2_36,37.0,1.078459123542833,0.9804173850389389,1.1,0.8800000000000001
CALCE,CS2_36,38.0,1.078670996153079,0.9806099965027989,1.1,0.8800000000000001
CALCE,CS2_36,39.0,1.0866210060020014,0.9878372781836375,1.1,0.8800000000000001
CALCE,CS2_36,40.0,1.0870770175067002,0.988251834097,1.1,0.8800000000000001
CALCE,CS2_36,41.0,1.0777931923143766,0.9798119930130696,1.1,0.8800000000000001
CALCE,CS2_36,42.0,1.0767807918113874,0.978891628919443,1.1,0.8800000000000001
CALCE,CS2_36,43.0,1.0764721394969263,0.9786110359062966,1.1,0.8800000000000001
CALCE,CS2_36,44.0,1.0718244042078808,0.9743858220071643,1.1,0.8800000000000001
CALCE,CS2_36,45.0,1.0711227518872464,0.973747956261133,1.1,0.8800000000000001
CALCE,CS2_36,46.0,1.0794928482397308,0.9813571347633916,1.1,0.8800000000000001
CALCE,CS2_36,47.0,1.080303519583967,0.9820941087126972,1.1,0.8800000000000001
CALCE,CS2_36,48.0,1.0715311247130497,0.9741192042845905,1.1,0.8800000000000001
CALCE,CS2_36,49.0,1.0707666196755437,0.9734241997050396,1.1,0.8800000000000001
CALCE,CS2_36,50.0,1.0701721884619844,0.972883807692713,1.1,0.8800000000000001
CALCE,CS2_36,51.0,1.069615116531353,0.9723773786648663,1.1,0.8800000000000001
CALCE,CS2_36,52.0,1.0687016031198973,0.9715469119271792,1.1,0.8800000000000001
CALCE,CS2_36,53.0,1.1050292745813424,1.0045720678012202,1.1,0.8800000000000001
CALCE,CS2_36,54.0,1.0990929585377924,0.9991754168525385,1.1,0.8800000000000001
CALCE,CS2_36,55.0,1.1049865681372835,1.0045332437611667,1.1,0.8800000000000001
CALCE,CS2_36,56.0,1.1047656617609092,1.0043324197826446,1.1,0.8800000000000001
CALCE,CS2_36,57.0,1.0962976344543127,0.9966342131402842,1.1,0.8800000000000001
CALCE,CS2_36,58.0,1.0898435888352553,0.9907668989411411,1.1,0.8800000000000001
CALCE,CS2_36,59.0,1.0886560950330975,0.9896873591209976,1.1,0.8800000000000001
CALCE,CS2_36,60.0,1.0807610695476868,0.9825100632251698,1.1,0.8800000000000001
CALCE,CS2_36,61.0,1.0860892362381662,0.9873538511256056,1.1,0.8800000000000001
CALCE,CS2_36,62.0,1.0808095812683851,0.9825541647894409,1.1,0.8800000000000001
CALCE,CS2_36,63.0,1.0778799578217966,0.9798908707470877,1.1,0.8800000000000001
CALCE,CS2_36,64.0,1.072507443611924,0.9750067669199308,1.1,0.8800000000000001
CALCE,CS2_36,65.0,1.071644855769363,0.9742225961539662,1.1,0.8800000000000001
CALCE,CS2_36,66.0,1.0710681783700713,0.973698343972792,1.1,0.8800000000000001
CALCE,CS2_36,67.0,1.069427286346617,0.97220662395147,1.1,0.8800000000000001
CALCE,CS2_36,68.0,1.0701084306616209,0.9728258460560189,1.1,0.8800000000000001
CALCE,CS2_36,69.0,1.069803950586544,0.9725490459877671,1.1,0.8800000000000001
CALCE,CS2_36,70.0,1.0630968134928052,0.9664516486298228,1.1,0.8800000000000001
CALCE,CS2_36,71.0,1.0626746137440728,0.9660678306764298,1.1,0.8800000000000001
CALCE,CS2_36,72.0,1.0622912734773848,0.9657193395248952,1.1,0.8800000000000001
CALCE,CS2_36,73.0,1.0618679206386368,0.9653344733078515,1.1,0.8800000000000001
CALCE,CS2_36,74.0,1.060991049119722,0.9645373173815655,1.1,0.8800000000000001
CALCE,CS2_36,75.0,1.0621522655004774,0.9655929686367976,1.1,0.8800000000000001
CALCE,CS2_36,76.0,1.061782560477029,0.9652568731609353,1.1,0.8800000000000001
CALCE,CS2_36,77.0,1.0613756870442885,0.9648869882220804,1.1,0.8800000000000001
CALCE,CS2_36,78.0,1.0610967921544097,0.9646334474130996,1.1,0.8800000000000001
CALCE,CS2_36,79.0,1.0608590860835807,0.9644173509850733,1.1,0.8800000000000001
CALCE,CS2_36,80.0,0.9434336605672825,0.8576669641520749,1.1,0.8800000000000001
CALCE,CS2_36,81.0,0.9430515897543453,0.8573196270494048,1.1,0.8800000000000001
CALCE,CS2_36,82.0,1.0599700170238358,0.9636091063853052,1.1,0.8800000000000001
CALCE,CS2_36,83.0,1.0596320866453741,0.9633018969503401,1.1,0.8800000000000001
CALCE,CS2_36,84.0,1.0593858327377004,0.9630780297615457,1.1,0.8800000000000001
CALCE,CS2_36,85.0,1.0591517380510957,0.9628652164100869,1.1,0.8800000000000001
CALCE,CS2_36,86.0,0.9405944345356114,0.8550858495778285,1.1,0.8800000000000001
CALCE,CS2_36,87.0,1.0584287782171922,0.9622079801974474,1.1,0.8800000000000001
CALCE,CS2_36,88.0,1.058566711060737,0.9623333736915791,1.1,0.8800000000000001
CALCE,CS2_36,89.0,1.0535018126898599,0.9577289206271452,1.1,0.8800000000000001
CALCE,CS2_36,90.0,1.053104702907109,0.9573679117337354,1.1,0.8800000000000001
CALCE,CS2_36,91.0,1.0525044579979945,0.9568222345436314,1.1,0.8800000000000001
CALCE,CS2_36,92.0,1.044866290810998,0.9498784461918163,1.1,0.8800000000000001
CALCE,CS2_36,93.0,1.0441194425385472,0.9491994932168609,1.1,0.8800000000000001
CALCE,CS2_36,94.0,1.0434839875419233,0.9486218068562938,1.1,0.8800000000000001
CALCE,CS2_36,95.0,1.051927965298877,0.9562981502717064,1.1,0.8800000000000001
CALCE,CS2_36,96.0,1.0518002543883493,0.9561820494439539,1.1,0.8800000000000001
CALCE,CS2_36,97.0,1.0514612660228637,0.9558738782026033,1.1,0.8800000000000001
CALCE,CS2_36,98.0,1.058584134343584,0.9623492130396217,1.1,0.8800000000000001
CALCE,CS2_36,99.0,1.059122054157851,0.9628382310525917,1.1,0.8800000000000001
CALCE,CS2_36,100.0,1.0521263014192885,0.9564784558357168,1.1,0.8800000000000001
CALCE,CS2_36,101.0,1.0506544182769002,0.9551403802517274,1.1,0.8800000000000001
CALCE,CS2_36,102.0,1.0506071928668401,0.9550974480607637,1.1,0.8800000000000001
CALCE,CS2_36,103.0,1.0504068477779425,0.9549153161617658,1.1,0.8800000000000001
CALCE,CS2_36,104.0,1.0446112095990165,0.949646554180924,1.1,0.8800000000000001
CALCE,CS2_36,105.0,1.0523018903420922,0.9566380821291747,1.1,0.8800000000000001
CALCE,CS2_36,106.0,1.0570248828199715,0.9609317116545195,1.1,0.8800000000000001
CALCE,CS2_36,107.0,0.9419005087546626,0.8562731897769659,1.1,0.8800000000000001
CALCE,CS2_36,108.0,1.043673606659353,0.9487941878721391,1.1,0.8800000000000001
CALCE,CS2_36,109.0,1.0436590275588964,0.9487809341444512,1.1,0.8800000000000001
CALCE,CS2_36,110.0,1.0435357440784234,0.9486688582531121,1.1,0.8800000000000001
CALCE,CS2_36,111.0,1.0422244599273245,0.9474767817521131,1.1,0.8800000000000001
CALCE,CS2_36,112.0,1.0438376584704712,0.9489433258822464,1.1,0.8800000000000001
CALCE,CS2_36,113.0,1.0505588070757266,0.9550534609779332,1.1,0.8800000000000001
CALCE,CS2_36,114.0,0.939579020294354,0.8541627457221399,1.1,0.8800000000000001
CALCE,CS2_36,115.0,1.0418213778237928,0.9471103434761752,1.1,0.8800000000000001
CALCE,CS2_36,116.0,1.0412617192358997,0.9466015629417269,1.1,0.8800000000000001
CALCE,CS2_36,117.0,1.0413186082636474,0.9466532802396794,1.1,0.8800000000000001
CALCE,CS2_36,118.0,1.0359010313060117,0.9417282102781924,1.1,0.8800000000000001
CALCE,CS2_36,119.0,1.0348378418233453,0.9407616743848592,1.1,0.8800000000000001
CALCE,CS2_36,120.0,1.043636438274966,0.9487603984317873,1.1,0.8800000000000001
CALCE,CS2_36,121.0,1.0481717020304333,0.952883365482212,1.1,0.8800000000000001
CALCE,CS2_36,122.0,1.0493846645674096,0.9539860586976451,1.1,0.8800000000000001
CALCE,CS2_36,123.0,1.0499876282325693,0.9545342074841539,1.1,0.8800000000000001
CALCE,CS2_36,124.0,1.0503921775369889,0.9549019795790807,1.1,0.8800000000000001
CALCE,CS2_36,125.0,1.0506812320035914,0.9551647563669012,1.1,0.8800000000000001
CALCE,CS2_36,126.0,1.0509321921044412,0.9553929019131283,1.1,0.8800000000000001
CALCE,CS2_36,127.0,1.0513863777127967,0.9558057979207243,1.1,0.8800000000000001
CALCE,CS2_36,128.0,1.0514348276768717,0.9558498433426106,1.1,0.8800000000000001
CALCE,CS2_36,129.0,1.0515431006174825,0.9559482732886203,1.1,0.8800000000000001
CALCE,CS2_36,130.0,1.05169289923,0.9560844538454546,1.1,0.8800000000000001
CALCE,CS2_36,131.0,1.0517704073638094,0.9561549157852812,1.1,0.8800000000000001
CALCE,CS2_36,132.0,1.0518308059471324,0.9562098235883021,1.1,0.8800000000000001
CALCE,CS2_36,133.0,1.051924230797901,0.9562947552708191,1.1,0.8800000000000001
CALCE,CS2_36,134.0,1.0519146100062062,0.956286009096551,1.1,0.8800000000000001
CALCE,CS2_36,135.0,1.0519103816507929,0.9562821651370843,1.1,0.8800000000000001
CALCE,CS2_36,136.0,1.04408076857613,0.9491643350692089,1.1,0.8800000000000001
CALCE,CS2_36,137.0,1.0403094247750728,0.9457358407046116,1.1,0.8800000000000001
CALCE,CS2_36,138.0,1.0355604561975285,0.9414185965432076,1.1,0.8800000000000001
CALCE,CS2_36,139.0,1.0352020793508363,0.9410927994098511,1.1,0.8800000000000001
CALCE,CS2_36,140.0,1.0340491305669115,0.9400446641517376,1.1,0.8800000000000001
CALCE,CS2_36,141.0,1.042231188752761,0.9474828988661463,1.1,0.8800000000000001
CALCE,CS2_36,142.0,1.043792144943735,0.94890194994885,1.1,0.8800000000000001
CALCE,CS2_36,143.0,1.0426452610509311,0.9478593282281191,1.1,0.8800000000000001
CALCE,CS2_36,144.0,1.033361488420967,0.9394195349281517,1.1,0.8800000000000001
CALCE,CS2_36,145.0,1.0421139073761916,0.9473762794329014,1.1,0.8800000000000001
CALCE,CS2_36,146.0,1.0428438443098293,0.9480398584634812,1.1,0.8800000000000001
CALCE,CS2_36,147.0,1.0501080024095641,0.9546436385541491,1.1,0.8800000000000001
CALCE,CS2_36,148.0,1.0504234603969678,0.9549304185426979,1.1,0.8800000000000001
CALCE,CS2_36,149.0,1.0353848676297701,0.9412589705725182,1.1,0.8800000000000001
CALCE,CS2_36,150.0,1.0353301621649185,0.941209238331744,1.1,0.8800000000000001
CALCE,CS2_36,151.0,1.0355444802200522,0.9414040729273201,1.1,0.8800000000000001
CALCE,CS2_36,152.0,1.034915984240752,0.9408327129461381,1.1,0.8800000000000001
CALCE,CS2_36,153.0,1.0346873929580855,0.9406249026891685,1.1,0.8800000000000001
CALCE,CS2_36,154.0,1.0431165027428007,0.9482877297661824,1.1,0.8800000000000001
CALCE,CS2_36,155.0,1.0438656335907266,0.9489687578097513,1.1,0.8800000000000001
CALCE,CS2_36,156.0,1.0345894819183479,0.9405358926530435,1.1,0.8800000000000001
CALCE,CS2_36,157.0,1.0336469292617336,0.939679026601576,1.1,0.8800000000000001
CALCE,CS2_36,158.0,1.0335519857794904,0.9395927143449911,1.1,0.8800000000000001
CALCE,CS2_36,159.0,1.0333949108500609,0.9394499189546007,1.1,0.8800000000000001
CALCE,CS2_36,160.0,1.0322350734445709,0.9383955213132462,1.1,0.8800000000000001
CALCE,CS2_36,161.0,1.0410568551829302,0.9464153228935729,1.1,0.8800000000000001
CALCE,CS2_36,162.0,1.0419883153599847,0.9472621048727133,1.1,0.8800000000000001
CALCE,CS2_36,163.0,1.0335773490136384,0.9396157718305803,1.1,0.8800000000000001
CALCE,CS2_36,164.0,1.0320702081497974,0.938245643772543,1.1,0.8800000000000001
CALCE,CS2_36,165.0,1.032394974593541,0.9385408859941281,1.1,0.8800000000000001
CALCE,CS2_36,166.0,1.0320390141074949,0.938217285552268,1.1,0.8800000000000001
CALCE,CS2_36,167.0,1.02616078167008,0.9328734378818908,1.1,0.8800000000000001
CALCE,CS2_36,168.0,1.034831456767294,0.940755869788449,1.1,0.8800000000000001
CALCE,CS2_36,169.0,1.040359079264072,0.9457809811491563,1.1,0.8800000000000001
CALCE,CS2_36,170.0,1.0408405847009106,0.9462187133644641,1.1,0.8800000000000001
CALCE,CS2_36,171.0,1.0410440753820165,0.9464037048927422,1.1,0.8800000000000001
CALCE,CS2_36,172.0,1.0413158974261123,0.9466508158419202,1.1,0.8800000000000001
CALCE,CS2_36,173.0,1.0415441306969553,0.9468583006335957,1.1,0.8800000000000001
CALCE,CS2_36,174.0,1.041726597735914,0.9470241797599218,1.1,0.8800000000000001
CALCE,CS2_36,175.0,1.0417630602941277,0.947057327540116,1.1,0.8800000000000001
CALCE,CS2_36,176.0,1.0417219582797836,0.9470199620725305,1.1,0.8800000000000001
CALCE,CS2_36,177.0,1.0417019879946394,0.947001807267854,1.1,0.8800000000000001
CALCE,CS2_36,178.0,1.0417111361801885,0.9470101238001712,1.1,0.8800000000000001
CALCE,CS2_36,179.0,1.0417717696399555,0.9470652451272322,1.1,0.8800000000000001
CALCE,CS2_36,180.0,1.041873107701731,0.9471573706379371,1.1,0.8800000000000001
CALCE,CS2_36,181.0,1.0419307447299238,0.9472097679362942,1.1,0.8800000000000001
CALCE,CS2_36,182.0,1.0425034069949735,0.9477303699954304,1.1,0.8800000000000001
CALCE,CS2_36,183.0,1.0426041233135146,0.9478219302850132,1.1,0.8800000000000001
CALCE,CS2_36,184.0,1.032994120971824,0.93908556451984,1.1,0.8800000000000001
CALCE,CS2_36,185.0,1.0319110394617557,0.9381009449652323,1.1,0.8800000000000001
CALCE,CS2_36,186.0,1.0317386942019364,0.9379442674563058,1.1,0.8800000000000001
CALCE,CS2_36,187.0,1.0311648180667903,0.9374225618789002,1.1,0.8800000000000001
CALCE,CS2_36,188.0,1.0250735839384308,0.9318850763076644,1.1,0.8800000000000001
CALCE,CS2_36,189.0,1.0337311907270301,0.9397556279336636,1.1,0.8800000000000001
CALCE,CS2_36,190.0,1.0346723122725725,0.9406111929750658,1.1,0.8800000000000001
CALCE,CS2_36,191.0,1.0314124231059862,0.9376476573690783,1.1,0.8800000000000001
CALCE,CS2_36,192.0,1.0246708218284628,0.9315189289349661,1.1,0.8800000000000001
CALCE,CS2_36,193.0,1.0249937606848896,0.9318125097135359,1.1,0.8800000000000001
CALCE,CS2_36,194.0,1.0267713235856308,0.933428475986937,1.1,0.8800000000000001
CALCE,CS2_36,195.0,1.0350927600453796,0.9409934182230724,1.1,0.8800000000000001
CALCE,CS2_36,196.0,1.0402679246056916,0.9456981132779014,1.1,0.8800000000000001
CALCE,CS2_36,197.0,1.0330147482470156,0.9391043165881959,1.1,0.8800000000000001
CALCE,CS2_36,198.0,1.0261580989958805,0.932870999087164,1.1,0.8800000000000001
CALCE,CS2_36,199.0,1.0315088744128555,0.9377353403753231,1.1,0.8800000000000001
CALCE,CS2_36,200.0,1.026575233726248,0.9332502124784071,1.1,0.8800000000000001
CALCE,CS2_36,201.0,1.0317644277718425,0.9379676616107658,1.1,0.8800000000000001
CALCE,CS2_36,202.0,1.0337410083733267,0.9397645530666606,1.1,0.8800000000000001
CALCE,CS2_36,203.0,1.0343894697330636,0.9403540633936941,1.1,0.8800000000000001
CALCE,CS2_36,204.0,1.0250977369600172,0.9319070336000155,1.1,0.8800000000000001
CALCE,CS2_36,205.0,1.0251069618103412,0.9319154198275829,1.1,0.8800000000000001
CALCE,CS2_36,206.0,1.0248507600969958,0.931682509179087,1.1,0.8800000000000001
CALCE,CS2_36,207.0,1.0247375978877633,0.9315796344434211,1.1,0.8800000000000001
CALCE,CS2_36,208.0,1.0248243134945871,0.9316584668132609,1.1,0.8800000000000001
CALCE,CS2_36,209.0,1.0329313916113219,0.9390285378284743,1.1,0.8800000000000001
CALCE,CS2_36,210.0,1.033599667320584,0.9396360612005309,1.1,0.8800000000000001
CALCE,CS2_36,211.0,1.0249724459023821,0.9317931326385291,1.1,0.8800000000000001
CALCE,CS2_36,212.0,1.024708882095911,0.9315535291781007,1.1,0.8800000000000001
CALCE,CS2_36,213.0,1.0250092791900112,0.9318266174454646,1.1,0.8800000000000001
CALCE,CS2_36,214.0,1.0331880215641747,0.9392618377856132,1.1,0.8800000000000001
CALCE,CS2_36,215.0,1.0337776664164726,0.9397978785604296,1.1,0.8800000000000001
CALCE,CS2_36,216.0,1.0337521787605588,0.9397747079641443,1.1,0.8800000000000001
CALCE,CS2_36,217.0,1.0338681487256158,0.9398801352051053,1.1,0.8800000000000001
CALCE,CS2_36,218.0,1.0339706894932799,0.9399733540847998,1.1,0.8800000000000001
CALCE,CS2_36,219.0,1.0339945351957467,0.9399950319961333,1.1,0.8800000000000001
CALCE,CS2_36,220.0,1.0341308335161568,0.9401189395601425,1.1,0.8800000000000001
CALCE,CS2_36,221.0,1.034648844418499,0.9405898585622716,1.1,0.8800000000000001
CALCE,CS2_36,222.0,1.034585831027146,0.9405325736610418,1.1,0.8800000000000001
CALCE,CS2_36,223.0,1.0345878294151272,0.9405343903773883,1.1,0.8800000000000001
CALCE,CS2_36,224.0,1.0344247087942653,0.9403860989038775,1.1,0.8800000000000001
CALCE,CS2_36,225.0,1.0344348360385809,0.9403953054896189,1.1,0.8800000000000001
CALCE,CS2_36,226.0,1.0344631756770395,0.9404210687973086,1.1,0.8800000000000001
CALCE,CS2_36,227.0,1.034410318618172,0.9403730169256107,1.1,0.8800000000000001
CALCE,CS2_36,228.0,1.0344397057566643,0.9403997325060584,1.1,0.8800000000000001
CALCE,CS2_36,229.0,1.0344776204702528,0.9404342004275025,1.1,0.8800000000000001
CALCE,CS2_36,230.0,1.034410778737283,0.9403734352157117,1.1,0.8800000000000001
CALCE,CS2_36,231.0,1.0343652920632767,0.9403320836938878,1.1,0.8800000000000001
CALCE,CS2_36,232.0,1.0255075561196954,0.9322795964724503,1.1,0.8800000000000001
CALCE,CS2_36,233.0,1.025033540333676,0.9318486730306146,1.1,0.8800000000000001
CALCE,CS2_36,234.0,1.0245229726968903,0.9313845206335366,1.1,0.8800000000000001
CALCE,CS2_36,235.0,1.02331079334101,0.9302825394009181,1.1,0.8800000000000001
CALCE,CS2_36,236.0,1.0176530290179004,0.9251391172890003,1.1,0.8800000000000001
CALCE,CS2_36,237.0,1.0260104737158149,0.9327367942871043,1.1,0.8800000000000001
CALCE,CS2_36,238.0,1.0314504363817483,0.9376822148924984,1.1,0.8800000000000001
CALCE,CS2_36,239.0,1.0242913825564708,0.9311739841422461,1.1,0.8800000000000001
CALCE,CS2_36,240.0,1.0175588774401618,0.9250535249456016,1.1,0.8800000000000001
CALCE,CS2_36,241.0,1.0223096879583757,0.9293724435985233,1.1,0.8800000000000001
CALCE,CS2_36,242.0,1.0342761853888192,0.9402510776261992,1.1,0.8800000000000001
CALCE,CS2_36,243.0,1.0413257948029773,0.946659813457252,1.1,0.8800000000000001
CALCE,CS2_36,244.0,1.0424133676829868,0.9476485160754424,1.1,0.8800000000000001
CALCE,CS2_36,245.0,1.03596752522034,0.941788659291218,1.1,0.8800000000000001
CALCE,CS2_36,246.0,1.0324779177198,0.9386162888361818,1.1,0.8800000000000001
CALCE,CS2_36,247.0,1.0323100435248165,0.9384636759316513,1.1,0.8800000000000001
CALCE,CS2_36,248.0,1.026978644406482,0.933616949460438,1.1,0.8800000000000001
CALCE,CS2_36,249.0,1.0240506687786386,0.9309551534351259,1.1,0.8800000000000001
CALCE,CS2_36,250.0,1.0173956811231835,0.9249051646574394,1.1,0.8800000000000001
CALCE,CS2_36,251.0,1.0263038726027691,0.9330035205479719,1.1,0.8800000000000001
CALCE,CS2_36,252.0,1.031899775309505,0.9380907048268226,1.1,0.8800000000000001
CALCE,CS2_36,253.0,1.024862782957645,0.9316934390524045,1.1,0.8800000000000001
CALCE,CS2_36,254.0,1.0173914979937282,0.9249013618124801,1.1,0.8800000000000001
CALCE,CS2_36,255.0,1.01752642781854,0.9250240252895818,1.1,0.8800000000000001
CALCE,CS2_36,256.0,1.0178070174270288,0.9252791067518443,1.1,0.8800000000000001
CALCE,CS2_36,257.0,1.0175330884547586,0.9250300804134168,1.1,0.8800000000000001
CALCE,CS2_36,258.0,1.0167088121319794,0.9242807383017994,1.1,0.8800000000000001
CALCE,CS2_36,259.0,1.0168566113890904,0.9244151012628095,1.1,0.8800000000000001
CALCE,CS2_36,260.0,1.0247161086035268,0.9315600987304788,1.1,0.8800000000000001
CALCE,CS2_36,261.0,1.0264216110398372,0.933110555490761,1.1,0.8800000000000001
CALCE,CS2_36,262.0,1.0262121528335741,0.9329201389396128,1.1,0.8800000000000001
CALCE,CS2_36,263.0,1.016820726396614,0.9243824785423763,1.1,0.8800000000000001
CALCE,CS2_36,264.0,1.0172593983865705,0.9247812712605186,1.1,0.8800000000000001
CALCE,CS2_36,265.0,1.0163005887586514,0.9239096261442284,1.1,0.8800000000000001
CALCE,CS2_36,266.0,1.0157200338956147,0.9233818489960133,1.1,0.8800000000000001
CALCE,CS2_36,267.0,1.0167515601500865,0.9243196001364422,1.1,0.8800000000000001
CALCE,CS2_36,268.0,1.0237168577477918,0.9306516888616287,1.1,0.8800000000000001
CALCE,CS2_36,269.0,1.02417968361689,0.931072439651718,1.1,0.8800000000000001
CALCE,CS2_36,270.0,1.0147891010358532,0.9225355463962301,1.1,0.8800000000000001
CALCE,CS2_36,271.0,1.0147232021027361,0.9224756382752146,1.1,0.8800000000000001
CALCE,CS2_36,272.0,1.0145386760608543,0.9223078873280494,1.1,0.8800000000000001
CALCE,CS2_36,273.0,1.014495301827025,0.9222684562063863,1.1,0.8800000000000001
CALCE,CS2_36,274.0,1.0142994715102571,0.9220904286456882,1.1,0.8800000000000001
CALCE,CS2_36,275.0,1.0170017266378308,0.9245470242162098,1.1,0.8800000000000001
CALCE,CS2_36,276.0,1.02221615029194,0.929287409356309,1.1,0.8800000000000001
CALCE,CS2_36,277.0,1.0225760798690895,0.9296146180628085,1.1,0.8800000000000001
CALCE,CS2_36,278.0,1.0227089271244953,0.9297353882949957,1.1,0.8800000000000001
CALCE,CS2_36,279.0,1.0228413040077546,0.9298557309161405,1.1,0.8800000000000001
CALCE,CS2_36,280.0,1.022970031759964,0.9299727561454216,1.1,0.8800000000000001
CALCE,CS2_36,281.0,1.023240347735711,0.9302184979415554,1.1,0.8800000000000001
CALCE,CS2_36,282.0,1.0232254039353506,0.9302049126685005,1.1,0.8800000000000001
CALCE,CS2_36,283.0,1.0233660448775344,0.9303327680704857,1.1,0.8800000000000001
CALCE,CS2_36,284.0,1.0231448739131979,0.9301317035574526,1.1,0.8800000000000001
CALCE,CS2_36,285.0,1.0229917572158973,0.9299925065599066,1.1,0.8800000000000001
CALCE,CS2_36,286.0,1.0234639413317548,0.9304217648470497,1.1,0.8800000000000001
CALCE,CS2_36,287.0,1.023229950254388,0.9302090456858072,1.1,0.8800000000000001
CALCE,CS2_36,288.0,1.0233507080911397,0.9303188255373996,1.1,0.8800000000000001
CALCE,CS2_36,289.0,1.0234031501477054,0.9303665001342776,1.1,0.8800000000000001
CALCE,CS2_36,290.0,1.0236136172888703,0.930557833898973,1.1,0.8800000000000001
CALCE,CS2_36,291.0,1.0174533828682002,0.9249576207892728,1.1,0.8800000000000001
CALCE,CS2_36,292.0,1.007393295887648,0.9158120871705889,1.1,0.8800000000000001
CALCE,CS2_36,293.0,1.007991463596018,0.91635587599638,1.1,0.8800000000000001
CALCE,CS2_36,294.0,1.0070693623308502,0.9155176021189546,1.1,0.8800000000000001
CALCE,CS2_36,295.0,1.0062557022978402,0.9147779111798546,1.1,0.8800000000000001
CALCE,CS2_36,296.0,1.0080952977999167,0.9164502707271969,1.1,0.8800000000000001
CALCE,CS2_36,297.0,1.0150064833290857,0.9227331666628051,1.1,0.8800000000000001
CALCE,CS2_36,298.0,1.0154224722974103,0.9231113384521912,1.1,0.8800000000000001
CALCE,CS2_36,299.0,1.0056060572069387,0.9141873247335806,1.1,0.8800000000000001
CALCE,CS2_36,300.0,1.005302648441894,0.91391149858354,1.1,0.8800000000000001
CALCE,CS2_36,301.0,1.005341327110563,0.9139466610096025,1.1,0.8800000000000001
CALCE,CS2_36,302.0,1.0052151120202526,0.9138319200184114,1.1,0.8800000000000001
CALCE,CS2_36,303.0,0.9989286036693813,0.9081169124267102,1.1,0.8800000000000001
CALCE,CS2_36,304.0,1.0075409179356811,0.9159462890324374,1.1,0.8800000000000001
CALCE,CS2_36,305.0,1.0083052423483898,0.916641129407627,1.1,0.8800000000000001
CALCE,CS2_36,306.0,1.0146753044544046,0.9224320949585495,1.1,0.8800000000000001
CALCE,CS2_36,307.0,1.008734209387385,0.9170310994430773,1.1,0.8800000000000001
CALCE,CS2_36,308.0,1.015813788452634,0.9234670804114853,1.1,0.8800000000000001
CALCE,CS2_36,309.0,1.0169928460920028,0.9245389509927298,1.1,0.8800000000000001
CALCE,CS2_36,310.0,1.0171872266934694,0.9247156606304267,1.1,0.8800000000000001
CALCE,CS2_36,311.0,1.0066812123192341,0.915164738472031,1.1,0.8800000000000001
CALCE,CS2_36,312.0,1.0065719391841477,0.915065399258316,1.1,0.8800000000000001
CALCE,CS2_36,313.0,1.0061508418014125,0.9146825834558294,1.1,0.8800000000000001
CALCE,CS2_36,314.0,1.0058610860762274,0.9144191691602066,1.1,0.8800000000000001
CALCE,CS2_36,315.0,1.0060014658935024,0.9145467871759112,1.1,0.8800000000000001
CALCE,CS2_36,316.0,1.0084622902776068,0.9167839002523698,1.1,0.8800000000000001
CALCE,CS2_36,317.0,1.0138830933847256,0.9217119030770232,1.1,0.8800000000000001
CALCE,CS2_36,318.0,1.013968099181708,0.9217891810742799,1.1,0.8800000000000001
CALCE,CS2_36,319.0,1.013993837825036,0.9218125798409417,1.1,0.8800000000000001
CALCE,CS2_36,320.0,1.014211864283601,0.9220107857123646,1.1,0.8800000000000001
CALCE,CS2_36,321.0,1.0141954769259278,0.9219958881144797,1.1,0.8800000000000001
CALCE,CS2_36,322.0,1.0141324833227325,0.921938621202484,1.1,0.8800000000000001
CALCE,CS2_36,323.0,1.0140324922631083,0.9218477202391893,1.1,0.8800000000000001
CALCE,CS2_36,324.0,1.0139572813520457,0.9217793466836778,1.1,0.8800000000000001
CALCE,CS2_36,325.0,1.0137901324478582,0.9216273931344164,1.1,0.8800000000000001
CALCE,CS2_36,326.0,1.0135933251725855,0.9214484774296231,1.1,0.8800000000000001
CALCE,CS2_36,327.0,1.0135980079987423,0.9214527345443111,1.1,0.8800000000000001
CALCE,CS2_36,328.0,1.013552219322753,0.92141110847523,1.1,0.8800000000000001
CALCE,CS2_36,329.0,1.0133455885687863,0.9212232623352602,1.1,0.8800000000000001
CALCE,CS2_36,330.0,1.01314365013501,0.9210396819409181,1.1,0.8800000000000001
CALCE,CS2_36,331.0,0.9978711928911943,0.9071556299010857,1.1,0.8800000000000001
CALCE,CS2_36,332.0,0.996719450957507,0.9061085917795517,1.1,0.8800000000000001
CALCE,CS2_36,333.0,0.9964280446911205,0.9058436769919276,1.1,0.8800000000000001
CALCE,CS2_36,334.0,0.9903364340419616,0.9003058491290559,1.1,0.8800000000000001
CALCE,CS2_36,335.0,0.9891596882227053,0.8992360802024593,1.1,0.8800000000000001
CALCE,CS2_36,336.0,0.9986291173241679,0.9078446521128799,1.1,0.8800000000000001
CALCE,CS2_36,337.0,1.004433984537184,0.9131218041247126,1.1,0.8800000000000001
CALCE,CS2_36,338.0,0.9963719741846124,0.9057927038041931,1.1,0.8800000000000001
CALCE,CS2_36,339.0,0.9887604111658148,0.8988731010598315,1.1,0.8800000000000001
CALCE,CS2_36,340.0,0.9887955724465304,0.8989050658604821,1.1,0.8800000000000001
CALCE,CS2_36,341.0,0.9880703208997488,0.8982457462724989,1.1,0.8800000000000001
CALCE,CS2_36,342.0,0.9881639128567832,0.8983308298698028,1.1,0.8800000000000001
CALCE,CS2_36,343.0,0.9958036768523265,0.9052760698657513,1.1,0.8800000000000001
CALCE,CS2_36,344.0,0.9963216862571749,0.9057469875065225,1.1,0.8800000000000001
CALCE,CS2_36,345.0,0.9965881168420149,0.9059891971291043,1.1,0.8800000000000001
CALCE,CS2_36,346.0,0.9872799588894782,0.897527235354071,1.1,0.8800000000000001
CALCE,CS2_36,347.0,0.9812322081350516,0.8920292801227742,1.1,0.8800000000000001
CALCE,CS2_36,348.0,0.9806531260111739,0.8915028418283398,1.1,0.8800000000000001
CALCE,CS2_36,349.0,0.9808617543416331,0.8916925039469391,1.1,0.8800000000000001
CALCE,CS2_36,350.0,0.986848856155223,0.8971353237774754,1.1,0.8800000000000001
CALCE,CS2_36,351.0,0.9893851532734796,0.8994410484304359,1.1,0.8800000000000001
CALCE,CS2_36,352.0,0.9899242114487227,0.8999311013170206,1.1,0.8800000000000001
CALCE,CS2_36,353.0,0.980670637152282,0.891518761047529,1.1,0.8800000000000001
CALCE,CS2_36,354.0,0.9876057896396073,0.8978234451269157,1.1,0.8800000000000001
CALCE,CS2_36,355.0,0.9871285872282548,0.8973896247529588,1.1,0.8800000000000001
CALCE,CS2_36,356.0,0.9798390804339854,0.890762800394532,1.1,0.8800000000000001
CALCE,CS2_36,357.0,0.9887487032321779,0.898862457483798,1.1,0.8800000000000001
CALCE,CS2_36,358.0,0.989442251069636,0.8994929555178508,1.1,0.8800000000000001
CALCE,CS2_36,359.0,0.9805879735918717,0.8914436123562469,1.1,0.8800000000000001
CALCE,CS2_36,360.0,0.9788625497473725,0.889875045224884,1.1,0.8800000000000001
CALCE,CS2_36,361.0,0.9789177647548614,0.8899252406862376,1.1,0.8800000000000001
CALCE,CS2_36,362.0,0.9785663118667998,0.889605738060727,1.1,0.8800000000000001
CALCE,CS2_36,363.0,0.9720475801196982,0.8836796182906346,1.1,0.8800000000000001
CALCE,CS2_36,364.0,0.9805258335002296,0.891387121363845,1.1,0.8800000000000001
CALCE,CS2_36,365.0,0.9867903186191463,0.8970821078355875,1.1,0.8800000000000001
CALCE,CS2_36,366.0,0.9869358069034702,0.8972143699122456,1.1,0.8800000000000001
CALCE,CS2_36,367.0,0.9869974104743844,0.8972703731585312,1.1,0.8800000000000001
CALCE,CS2_36,368.0,0.9870931253739523,0.897357386703593,1.1,0.8800000000000001
CALCE,CS2_36,369.0,0.9875769748547524,0.8977972498679566,1.1,0.8800000000000001
CALCE,CS2_36,370.0,0.987766753393149,0.8979697758119536,1.1,0.8800000000000001
CALCE,CS2_36,371.0,0.9879057636929246,0.8980961488117496,1.1,0.8800000000000001
CALCE,CS2_36,372.0,0.9880260928986186,0.8982055389987441,1.1,0.8800000000000001
CALCE,CS2_36,373.0,0.988054581564531,0.8982314377859372,1.1,0.8800000000000001
CALCE,CS2_36,374.0,0.9880638015610195,0.8982398196009267,1.1,0.8800000000000001
CALCE,CS2_36,375.0,0.9880478453308633,0.8982253139371484,1.1,0.8800000000000001
CALCE,CS2_36,376.0,0.9880156212168558,0.8981960192880507,1.1,0.8800000000000001
CALCE,CS2_36,377.0,0.9880945853596906,0.898267804872446,1.1,0.8800000000000001
CALCE,CS2_36,378.0,0.9882878104161201,0.8984434640146546,1.1,0.8800000000000001
CALCE,CS2_36,379.0,0.988051722660079,0.89822883878189,1.1,0.8800000000000001
CALCE,CS2_36,380.0,0.9877689739534214,0.8979717945031104,1.1,0.8800000000000001
CALCE,CS2_36,381.0,0.9713551397546277,0.8830501270496615,1.1,0.8800000000000001
CALCE,CS2_36,382.0,0.9706076201936834,0.8823705638124394,1.1,0.8800000000000001
CALCE,CS2_36,383.0,0.9702660331772943,0.8820600301611766,1.1,0.8800000000000001
CALCE,CS2_36,384.0,0.9698585981032344,0.8816896346393039,1.1,0.8800000000000001
CALCE,CS2_36,385.0,0.9695250191367522,0.8813863810334109,1.1,0.8800000000000001
CALCE,CS2_36,386.0,0.9782195802637865,0.8892905275125331,1.1,0.8800000000000001
CALCE,CS2_36,387.0,0.9788754465180952,0.8898867695619047,1.1,0.8800000000000001
CALCE,CS2_36,388.0,0.9698409525179913,0.8816735931981738,1.1,0.8800000000000001
CALCE,CS2_36,389.0,0.9629003672630597,0.8753639702391451,1.1,0.8800000000000001
CALCE,CS2_36,390.0,0.9690528886991612,0.8809571715446919,1.1,0.8800000000000001
CALCE,CS2_36,391.0,0.9624270907348154,0.8749337188498321,1.1,0.8800000000000001
CALCE,CS2_36,392.0,0.9612906387587777,0.8739005806897979,1.1,0.8800000000000001
CALCE,CS2_36,393.0,0.9704289134398695,0.882208103127154,1.1,0.8800000000000001
CALCE,CS2_36,394.0,0.9720281316604026,0.8836619378730932,1.1,0.8800000000000001
CALCE,CS2_36,395.0,0.9710274055691549,0.8827521868810498,1.1,0.8800000000000001
CALCE,CS2_36,396.0,0.9613023964887242,0.8739112695352037,1.1,0.8800000000000001
CALCE,CS2_36,397.0,0.9613913364563892,0.8739921240512628,1.1,0.8800000000000001
CALCE,CS2_36,398.0,0.9619237057283837,0.8744760961167124,1.1,0.8800000000000001
CALCE,CS2_36,399.0,0.9612168294183128,0.8738334812893752,1.1,0.8800000000000001
CALCE,CS2_36,400.0,0.9617217069654501,0.8742924608776819,1.1,0.8800000000000001
CALCE,CS2_36,401.0,0.9703700798736661,0.882154618066969,1.1,0.8800000000000001
CALCE,CS2_36,402.0,0.9710524433317429,0.8827749484834025,1.1,0.8800000000000001
CALCE,CS2_36,403.0,0.9696230263834539,0.8814754785304125,1.1,0.8800000000000001
CALCE,CS2_36,404.0,0.9693632572348891,0.88123932475899,1.1,0.8800000000000001
CALCE,CS2_36,405.0,0.9625957474778958,0.8750870431617234,1.1,0.8800000000000001
CALCE,CS2_36,406.0,0.9611350790908408,0.8737591628098552,1.1,0.8800000000000001
CALCE,CS2_36,407.0,0.960562596576569,0.8732387241605172,1.1,0.8800000000000001
CALCE,CS2_36,408.0,0.9605199091503703,0.8731999174094275,1.1,0.8800000000000001
CALCE,CS2_36,409.0,0.9603391376101094,0.8730355796455539,1.1,0.8800000000000001
CALCE,CS2_36,410.0,0.9537056241037136,0.8670051128215578,1.1,0.8800000000000001
CALCE,CS2_36,411.0,0.953132292701464,0.8664839024558764,1.1,0.8800000000000001
CALCE,CS2_36,412.0,0.9619391992843658,0.8744901811676051,1.1,0.8800000000000001
CALCE,CS2_36,413.0,0.9628783066625226,0.8753439151477478,1.1,0.8800000000000001
CALCE,CS2_36,414.0,0.9688040597530231,0.8807309634118391,1.1,0.8800000000000001
CALCE,CS2_36,415.0,0.9688642892072772,0.880785717461161,1.1,0.8800000000000001
CALCE,CS2_36,416.0,0.9689266272807916,0.8808423884370832,1.1,0.8800000000000001
CALCE,CS2_36,417.0,0.9689735903065505,0.880885082096864,1.1,0.8800000000000001
CALCE,CS2_36,418.0,0.9690136844446583,0.8809215313133256,1.1,0.8800000000000001
CALCE,CS2_36,419.0,0.9525782330817048,0.8659802118924588,1.1,0.8800000000000001
CALCE,CS2_36,420.0,0.9517306856880823,0.8652097142618929,1.1,0.8800000000000001
CALCE,CS2_36,421.0,0.953229968721245,0.8665726988374953,1.1,0.8800000000000001
CALCE,CS2_36,422.0,0.953804965423058,0.8670954231118708,1.1,0.8800000000000001
CALCE,CS2_36,423.0,0.9537991114043858,0.8670901012767143,1.1,0.8800000000000001
CALCE,CS2_36,424.0,0.9433205998068812,0.8575641816426192,1.1,0.8800000000000001
CALCE,CS2_36,425.0,0.9429020531602065,0.8571836846910967,1.1,0.8800000000000001
CALCE,CS2_36,426.0,0.9433696568148071,0.8576087789225518,1.1,0.8800000000000001
CALCE,CS2_36,427.0,0.942927884279844,0.8572071675271308,1.1,0.8800000000000001
CALCE,CS2_36,428.0,0.9423491884146928,0.8566810803769934,1.1,0.8800000000000001
CALCE,CS2_36,429.0,0.951002610484714,0.8645478277133763,1.1,0.8800000000000001
CALCE,CS2_36,430.0,0.9511630947877241,0.8646937225342946,1.1,0.8800000000000001
CALCE,CS2_36,431.0,0.942987486890527,0.8572613517186609,1.1,0.8800000000000001
CALCE,CS2_36,432.0,0.9347610714278018,0.8497827922070925,1.1,0.8800000000000001
CALCE,CS2_36,433.0,0.9344902213289143,0.8495365648444675,1.1,0.8800000000000001
CALCE,CS2_36,434.0,0.9349772104548064,0.8499792822316421,1.1,0.8800000000000001
CALCE,CS2_36,435.0,0.9349701234514671,0.8499728395013337,1.1,0.8800000000000001
CALCE,CS2_36,436.0,0.9348024105141693,0.8498203731946994,1.1,0.8800000000000001
CALCE,CS2_36,437.0,0.9434640075108637,0.8576945522826033,1.1,0.8800000000000001
CALCE,CS2_36,438.0,0.9438785807432131,0.8580714370392846,1.1,0.8800000000000001
CALCE,CS2_36,439.0,0.9339827265464131,0.8490752059512846,1.1,0.8800000000000001
CALCE,CS2_36,440.0,0.9256383000699394,0.8414893636999449,1.1,0.8800000000000001
CALCE,CS2_36,441.0,0.9262800908523765,0.8420728098657968,1.1,0.8800000000000001
CALCE,CS2_36,442.0,0.9331668558981405,0.8483335053619458,1.1,0.8800000000000001
CALCE,CS2_36,443.0,0.9256357469917762,0.8414870427197965,1.1,0.8800000000000001
CALCE,CS2_36,444.0,0.9342416970091463,0.8493106336446784,1.1,0.8800000000000001
CALCE,CS2_36,445.0,0.9354567009012361,0.8504151826374873,1.1,0.8800000000000001
CALCE,CS2_36,446.0,0.941984863102527,0.8563498755477518,1.1,0.8800000000000001
CALCE,CS2_36,447.0,0.92502520954754,0.8409320086795817,1.1,0.8800000000000001
CALCE,CS2_36,448.0,0.9246270138473487,0.8405700125884987,1.1,0.8800000000000001
CALCE,CS2_36,449.0,0.9254416831813139,0.8413106210739216,1.1,0.8800000000000001
CALCE,CS2_36,450.0,0.9244999059612374,0.8404544599647612,1.1,0.8800000000000001
CALCE,CS2_36,451.0,0.9334396098223897,0.8485814634748997,1.1,0.8800000000000001
CALCE,CS2_36,452.0,0.9340673193180283,0.8491521084709348,1.1,0.8800000000000001
CALCE,CS2_36,453.0,0.9343500111438409,0.8494091010398552,1.1,0.8800000000000001
CALCE,CS2_36,454.0,0.9345138910251076,0.8495580827500978,1.1,0.8800000000000001
CALCE,CS2_36,455.0,0.934556644867689,0.8495969498797171,1.1,0.8800000000000001
CALCE,CS2_36,456.0,0.9346978281409001,0.8497252983099091,1.1,0.8800000000000001
CALCE,CS2_36,457.0,0.9350437975990095,0.8500398159990994,1.1,0.8800000000000001
CALCE,CS2_36,458.0,0.934944448548925,0.8499494986808408,1.1,0.8800000000000001
CALCE,CS2_36,459.0,0.9347993515343898,0.8498175923039906,1.1,0.8800000000000001
CALCE,CS2_36,460.0,0.9347405940614617,0.8497641764195105,1.1,0.8800000000000001
CALCE,CS2_36,461.0,0.9345056636073135,0.8495506032793758,1.1,0.8800000000000001
CALCE,CS2_36,462.0,0.9343738920587373,0.8494308109624884,1.1,0.8800000000000001
CALCE,CS2_36,463.0,0.9342168795323017,0.8492880723020924,1.1,0.8800000000000001
CALCE,CS2_36,464.0,0.9341498718018056,0.8492271561834596,1.1,0.8800000000000001
CALCE,CS2_36,465.0,0.934076369839527,0.8491603362177518,1.1,0.8800000000000001
CALCE,CS2_36,466.0,0.9340107060010231,0.8491006418191118,1.1,0.8800000000000001
CALCE,CS2_36,467.0,0.9339119414459764,0.8490108558599785,1.1,0.8800000000000001
CALCE,CS2_36,468.0,0.926269527078523,0.8420632064350208,1.1,0.8800000000000001
CALCE,CS2_36,469.0,0.9250881751710807,0.8409892501555278,1.1,0.8800000000000001
CALCE,CS2_36,470.0,0.9334998145234946,0.8486361950213587,1.1,0.8800000000000001
CALCE,CS2_36,471.0,0.9341099877779157,0.8491908979799232,1.1,0.8800000000000001
CALCE,CS2_36,472.0,0.9341233454964004,0.849203041360364,1.1,0.8800000000000001
CALCE,CS2_36,473.0,0.9166444295028446,0.8333131177298587,1.1,0.8800000000000001
CALCE,CS2_36,474.0,0.9160976843359191,0.8328160766690172,1.1,0.8800000000000001
CALCE,CS2_36,475.0,0.9160936718209347,0.8328124289281224,1.1,0.8800000000000001
CALCE,CS2_36,476.0,0.9160102833811344,0.8327366212555767,1.1,0.8800000000000001
CALCE,CS2_36,477.0,0.9078873413207299,0.8253521284733908,1.1,0.8800000000000001
CALCE,CS2_36,478.0,0.9243961342717152,0.8403601220651955,1.1,0.8800000000000001
CALCE,CS2_36,479.0,0.9250775055914825,0.8409795505377113,1.1,0.8800000000000001
CALCE,CS2_36,480.0,0.9242888510923145,0.8402625919021041,1.1,0.8800000000000001
CALCE,CS2_36,481.0,0.9078692553222961,0.8253356866566328,1.1,0.8800000000000001
CALCE,CS2_36,482.0,0.9078599268076983,0.8253272061888166,1.1,0.8800000000000001
CALCE,CS2_36,483.0,0.907863279433507,0.8253302540304608,1.1,0.8800000000000001
CALCE,CS2_36,484.0,0.9074388779675455,0.8249444345159505,1.1,0.8800000000000001
CALCE,CS2_36,485.0,0.9068267772848303,0.8243879793498456,1.1,0.8800000000000001
CALCE,CS2_36,486.0,0.9163830184275225,0.8330754712977476,1.1,0.8800000000000001
CALCE,CS2_36,487.0,0.9170138814407273,0.8336489831279338,1.1,0.8800000000000001
CALCE,CS2_36,488.0,0.9079070019449429,0.8253700017681298,1.1,0.8800000000000001
CALCE,CS2_36,489.0,0.8987291404555128,0.8170264913231934,1.1,0.8800000000000001
CALCE,CS2_36,490.0,0.8987431298467629,0.8170392089516025,1.1,0.8800000000000001
CALCE,CS2_36,491.0,0.8987308336451023,0.8170280305864566,1.1,0.8800000000000001
CALCE,CS2_36,492.0,0.8803555737246227,0.800323248840566,1.1,0.8800000000000001
CALCE,CS2_36,493.0,0.880332321012715,0.800302110011559,1.1,0.8800000000000001
CALCE,CS2_36,494.0,0.8987302067449677,0.8170274606772433,1.1,0.8800000000000001
CALCE,CS2_36,495.0,0.9068602307169679,0.8244183915608798,1.1,0.8800000000000001
CALCE,CS2_36,496.0,0.889523496810908,0.8086577243735527,1.1,0.8800000000000001
CALCE,CS2_36,497.0,0.8711782747099857,0.7919802497363505,1.1,0.8800000000000001
CALCE,CS2_36,498.0,0.8711527010527841,0.7919570009570763,1.1,0.8800000000000001
CALCE,CS2_36,499.0,0.8711680306057458,0.7919709369143143,1.1,0.8800000000000001
CALCE,CS2_36,500.0,0.8711967972223283,0.7919970883839348,1.1,0.8800000000000001
CALCE,CS2_36,501.0,0.8711803429506728,0.791982129955157,1.1,0.8800000000000001
CALCE,CS2_36,502.0,0.8895333870961856,0.8086667155419868,1.1,0.8800000000000001
CALCE,CS2_36,503.0,0.8977800557693958,0.8161636870630871,1.1,0.8800000000000001
CALCE,CS2_36,504.0,0.8980756709439232,0.8164324281308392,1.1,0.8800000000000001
CALCE,CS2_36,505.0,0.8983429355253587,0.8166753959321442,1.1,0.8800000000000001
CALCE,CS2_36,506.0,0.8986076975883235,0.8169160887166577,1.1,0.8800000000000001
CALCE,CS2_36,507.0,0.8987548897506132,0.8170498997732847,1.1,0.8800000000000001
CALCE,CS2_36,508.0,0.8987646445606167,0.8170587677823787,1.1,0.8800000000000001
CALCE,CS2_36,509.0,0.8987509704010407,0.8170463367282187,1.1,0.8800000000000001
CALCE,CS2_36,510.0,0.898758281652376,0.8170529833203418,1.1,0.8800000000000001
CALCE,CS2_36,511.0,0.8987365778776639,0.8170332526160581,1.1,0.8800000000000001
CALCE,CS2_36,512.0,0.8987792661903926,0.8170720601730841,1.1,0.8800000000000001
CALCE,CS2_36,513.0,0.898733921394475,0.8170308376313409,1.1,0.8800000000000001
CALCE,CS2_36,514.0,0.8985659675668618,0.8168781523335107,1.1,0.8800000000000001
CALCE,CS2_36,515.0,0.8986215654355665,0.8169286958505149,1.1,0.8800000000000001
CALCE,CS2_36,516.0,0.8986213280992978,0.8169284800902707,1.1,0.8800000000000001
CALCE,CS2_36,517.0,0.8986421281635526,0.8169473892395932,1.1,0.8800000000000001
CALCE,CS2_36,518.0,0.8803360563007161,0.8003055057279237,1.1,0.8800000000000001
CALCE,CS2_36,519.0,0.8711757493394716,0.7919779539449742,1.1,0.8800000000000001
CALCE,CS2_36,520.0,0.8892857327536372,0.8084415752305792,1.1,0.8800000000000001
CALCE,CS2_36,521.0,0.7608341285837117,0.691667389621556,1.1,0.8800000000000001
CALCE,CS2_36,522.0,0.8895915161106582,0.8087195601005983,1.1,0.8800000000000001
CALCE,CS2_36,523.0,0.8712427854590916,0.7920388958719015,1.1,0.8800000000000001
CALCE,CS2_36,524.0,0.8620597065261462,0.7836906422964964,1.1,0.8800000000000001
CALCE,CS2_36,525.0,0.8620221531592986,0.7836565028720897,1.1,0.8800000000000001
CALCE,CS2_36,526.0,0.8620267358705903,0.7836606689732638,1.1,0.8800000000000001
CALCE,CS2_36,527.0,0.8528411287701776,0.7753101170637977,1.1,0.8800000000000001
CALCE,CS2_36,528.0,0.8620071249350578,0.7836428408500525,1.1,0.8800000000000001
CALCE,CS2_36,529.0,0.8712026089034963,0.7920023717304512,1.1,0.8800000000000001
CALCE,CS2_36,530.0,0.8803418331389499,0.8003107573990452,1.1,0.8800000000000001
CALCE,CS2_36,531.0,0.8620129796929624,0.7836481633572385,1.1,0.8800000000000001
CALCE,CS2_36,532.0,0.8528179172249519,0.7752890156590472,1.1,0.8800000000000001
CALCE,CS2_36,533.0,0.8436645017261012,0.7669677288419101,1.1,0.8800000000000001
CALCE,CS2_36,534.0,0.8798508554784722,0.7998644140713383,1.1,0.8800000000000001
CALCE,CS2_36,535.0,0.862053064780495,0.7836846043459045,1.1,0.8800000000000001
CALCE,CS2_36,536.0,0.8620531006339325,0.7836846369399385,1.1,0.8800000000000001
CALCE,CS2_36,537.0,0.8620380633597068,0.7836709666906425,1.1,0.8800000000000001
CALCE,CS2_36,538.0,0.8797623105551132,0.7997839186864665,1.1,0.8800000000000001
CALCE,CS2_36,539.0,0.8803974917235913,0.8003613561123556,1.1,0.8800000000000001
CALCE,CS2_36,540.0,0.8620180403067136,0.7836527639151941,1.1,0.8800000000000001
CALCE,CS2_36,541.0,0.8528447492305936,0.7753134083914487,1.1,0.8800000000000001
CALCE,CS2_36,542.0,0.8528151470560087,0.7752864973236442,1.1,0.8800000000000001
CALCE,CS2_36,543.0,0.8436696505486406,0.7669724095896733,1.1,0.8800000000000001
CALCE,CS2_36,544.0,0.8436629345688308,0.7669663041534824,1.1,0.8800000000000001
CALCE,CS2_36,545.0,0.8528169781421857,0.7752881619474415,1.1,0.8800000000000001
CALCE,CS2_36,546.0,0.8620191299938703,0.7836537545398821,1.1,0.8800000000000001
CALCE,CS2_36,547.0,0.8620302839533345,0.7836638945030313,1.1,0.8800000000000001
CALCE,CS2_36,548.0,0.8528370350119656,0.7753063954654232,1.1,0.8800000000000001
CALCE,CS2_36,549.0,0.8344857921587095,0.7586234474170086,1.1,0.8800000000000001
CALCE,CS2_36,550.0,0.8344826660144808,0.7586206054677098,1.1,0.8800000000000001
CALCE,CS2_36,551.0,0.8344810222180467,0.7586191111073151,1.1,0.8800000000000001
CALCE,CS2_36,552.0,0.8344658756214602,0.7586053414740547,1.1,0.8800000000000001
CALCE,CS2_36,553.0,0.8344646989504457,0.7586042717731324,1.1,0.8800000000000001
CALCE,CS2_36,554.0,0.852840276497965,0.7753093422708772,1.1,0.8800000000000001
CALCE,CS2_36,555.0,0.8528441030800163,0.775312820981833,1.1,0.8800000000000001
CALCE,CS2_36,556.0,0.8344872896489391,0.7586248087717627,1.1,0.8800000000000001
CALCE,CS2_36,557.0,0.8344778768513144,0.7586162516830129,1.1,0.8800000000000001
CALCE,CS2_36,558.0,0.8344957641154368,0.7586325128322152,1.1,0.8800000000000001
CALCE,CS2_36,559.0,0.8344951795576893,0.7586319814160811,1.1,0.8800000000000001
CALCE,CS2_36,560.0,0.8344753672037024,0.758613970185184,1.1,0.8800000000000001
CALCE,CS2_36,561.0,0.8253201415701708,0.7502910377910642,1.1,0.8800000000000001
CALCE,CS2_36,562.0,0.8436784693405561,0.7669804266732327,1.1,0.8800000000000001
CALCE,CS2_36,563.0,0.8436509177088495,0.7669553797353177,1.1,0.8800000000000001
CALCE,CS2_36,564.0,0.8436515879412263,0.7669559890374784,1.1,0.8800000000000001
CALCE,CS2_36,565.0,0.8253073812679254,0.7502794375162957,1.1,0.8800000000000001
CALCE,CS2_36,566.0,0.8253066740137166,0.7502787945579241,1.1,0.8800000000000001
CALCE,CS2_36,567.0,0.8253308873899826,0.7503008067181659,1.1,0.8800000000000001
CALCE,CS2_36,568.0,0.8253323869721151,0.75030216997465,1.1,0.8800000000000001
CALCE,CS2_36,569.0,0.8253212046242392,0.7502920042038538,1.1,0.8800000000000001
CALCE,CS2_36,570.0,0.8345055651178331,0.7586414228343937,1.1,0.8800000000000001
CALCE,CS2_36,571.0,0.843689760971289,0.7669906917920809,1.1,0.8800000000000001
CALCE,CS2_36,572.0,0.8436744512433993,0.7669767738576357,1.1,0.8800000000000001
CALCE,CS2_36,573.0,0.8436731791463229,0.766975617405748,1.1,0.8800000000000001
CALCE,CS2_36,574.0,0.8436776008793535,0.7669796371630486,1.1,0.8800000000000001
CALCE,CS2_36,575.0,0.8436673128527294,0.7669702844115721,1.1,0.8800000000000001
CALCE,CS2_36,576.0,0.8436749394862217,0.766977217714747,1.1,0.8800000000000001
CALCE,CS2_36,577.0,0.8436718130330163,0.7669743754845603,1.1,0.8800000000000001
CALCE,CS2_36,578.0,0.8436944679828092,0.7669949708934629,1.1,0.8800000000000001
CALCE,CS2_36,579.0,0.8436827440190545,0.766984312744595,1.1,0.8800000000000001
CALCE,CS2_36,580.0,0.8436933854045741,0.7669939867314309,1.1,0.8800000000000001
CALCE,CS2_36,581.0,0.8436813270745215,0.7669830246132013,1.1,0.8800000000000001
CALCE,CS2_36,582.0,0.8436809121398088,0.7669826473998261,1.1,0.8800000000000001
CALCE,CS2_36,583.0,0.843716232955935,0.7670147572326681,1.1,0.8800000000000001
CALCE,CS2_36,584.0,0.8345061040433274,0.7586419127666612,1.1,0.8800000000000001
CALCE,CS2_36,585.0,0.82533273910078,0.7503024900916181,1.1,0.8800000000000001
CALCE,CS2_36,586.0,0.8253112545026481,0.7502829586387709,1.1,0.8800000000000001
CALCE,CS2_36,587.0,0.8431836088832474,0.7665305535302248,1.1,0.8800000000000001
CALCE,CS2_36,588.0,0.843130257595134,0.7664820523592127,1.1,0.8800000000000001
CALCE,CS2_36,589.0,0.8253315580120563,0.7503014163745966,1.1,0.8800000000000001
CALCE,CS2_36,590.0,0.8161485137053894,0.7419531942776267,1.1,0.8800000000000001
CALCE,CS2_36,591.0,0.8161696648188058,0.7419724225625507,1.1,0.8800000000000001
CALCE,CS2_36,592.0,0.8161623181008582,0.7419657437280528,1.1,0.8800000000000001
CALCE,CS2_36,593.0,0.8069858213008714,0.733623473909883,1.1,0.8800000000000001
CALCE,CS2_36,594.0,0.8069828526025751,0.73362077509325,1.1,0.8800000000000001
CALCE,CS2_36,595.0,0.8161661643741751,0.7419692403401591,1.1,0.8800000000000001
CALCE,CS2_36,596.0,0.8249451602472205,0.7499501456792913,1.1,0.8800000000000001
CALCE,CS2_36,597.0,0.8250326964594586,0.7500297240540532,1.1,0.8800000000000001
CALCE,CS2_36,598.0,0.8070011377709213,0.7336373979735648,1.1,0.8800000000000001
CALCE,CS2_36,599.0,0.7978375177548369,0.7253068343225789,1.1,0.8800000000000001
CALCE,CS2_36,600.0,0.7978331893282931,0.7253028993893572,1.1,0.8800000000000001
CALCE,CS2_36,601.0,0.7978427981545247,0.7253116346859315,1.1,0.8800000000000001
CALCE,CS2_36,602.0,0.7978349974040868,0.7253045430946243,1.1,0.8800000000000001
CALCE,CS2_36,603.0,0.8070196465727095,0.7336542241570086,1.1,0.8800000000000001
CALCE,CS2_36,604.0,0.8157832221777528,0.7416211110706843,1.1,0.8800000000000001
CALCE,CS2_36,605.0,0.807012414334848,0.7336476493953163,1.1,0.8800000000000001
CALCE,CS2_36,606.0,0.7886600520390702,0.7169636836718819,1.1,0.8800000000000001
CALCE,CS2_36,607.0,0.7886692062304341,0.716972005664031,1.1,0.8800000000000001
CALCE,CS2_36,608.0,0.7978226612100521,0.7252933283727746,1.1,0.8800000000000001
CALCE,CS2_36,609.0,0.7886567538699819,0.7169606853363472,1.1,0.8800000000000001
CALCE,CS2_36,610.0,0.7886770297053252,0.7169791179139319,1.1,0.8800000000000001
CALCE,CS2_36,611.0,0.7978662708600095,0.7253329735090995,1.1,0.8800000000000001
CALCE,CS2_36,612.0,0.8070166691375142,0.7336515173977401,1.1,0.8800000000000001
CALCE,CS2_36,613.0,0.7886579650042324,0.7169617863674839,1.1,0.8800000000000001
CALCE,CS2_36,614.0,0.788654468829129,0.7169586080264809,1.1,0.8800000000000001
CALCE,CS2_36,615.0,0.788669206346389,0.7169720057694445,1.1,0.8800000000000001
CALCE,CS2_36,616.0,0.7886785412566182,0.716980492051471,1.1,0.8800000000000001
CALCE,CS2_36,617.0,0.7886457816851185,0.7169507106228349,1.1,0.8800000000000001
CALCE,CS2_36,618.0,0.7978579563404109,0.725325414854919,1.1,0.8800000000000001
CALCE,CS2_36,619.0,0.807015251277107,0.7336502284337336,1.1,0.8800000000000001
CALCE,CS2_36,620.0,0.8070173335128888,0.7336521213753534,1.1,0.8800000000000001
CALCE,CS2_36,621.0,0.8070300174105234,0.7336636521913849,1.1,0.8800000000000001
CALCE,CS2_36,622.0,0.8070093213044306,0.7336448375494823,1.1,0.8800000000000001
CALCE,CS2_36,623.0,0.8070401124735802,0.7336728295214365,1.1,0.8800000000000001
CALCE,CS2_36,624.0,0.8070231110878758,0.7336573737162507,1.1,0.8800000000000001
CALCE,CS2_36,625.0,0.8070325058532244,0.7336659144120221,1.1,0.8800000000000001
CALCE,CS2_36,626.0,0.8070432358170097,0.7336756689245542,1.1,0.8800000000000001
CALCE,CS2_36,627.0,0.8070390164163161,0.7336718331057419,1.1,0.8800000000000001
CALCE,CS2_36,628.0,0.8070374788754205,0.7336704353412914,1.1,0.8800000000000001
CALCE,CS2_36,629.0,0.8070161537107918,0.7336510488279925,1.1,0.8800000000000001
CALCE,CS2_36,630.0,0.8070173102852599,0.7336521002593271,1.1,0.8800000000000001
CALCE,CS2_36,631.0,0.7886095544786196,0.716917776798745,1.1,0.8800000000000001
CALCE,CS2_36,632.0,0.779446797487339,0.7085879977157626,1.1,0.8800000000000001
CALCE,CS2_36,633.0,0.7794452611283115,0.7085866010257377,1.1,0.8800000000000001
CALCE,CS2_36,634.0,0.7886224925416369,0.7169295386742153,1.1,0.8800000000000001
CALCE,CS2_36,635.0,0.7886381944513093,0.7169438131375538,1.1,0.8800000000000001
CALCE,CS2_36,636.0,0.7794447800670674,0.708586163697334,1.1,0.8800000000000001
CALCE,CS2_36,637.0,0.7702779525620963,0.7002526841473602,1.1,0.8800000000000001
CALCE,CS2_36,638.0,0.7702825934213096,0.7002569031102813,1.1,0.8800000000000001
CALCE,CS2_36,639.0,0.7702795183933456,0.7002541076303141,1.1,0.8800000000000001
CALCE,CS2_36,640.0,0.7702855859698761,0.7002596236089782,1.1,0.8800000000000001
CALCE,CS2_36,641.0,0.7702932572646838,0.7002665975133489,1.1,0.8800000000000001
CALCE,CS2_36,642.0,0.7794687854650256,0.7086079867863869,1.1,0.8800000000000001
CALCE,CS2_36,643.0,0.7794598323000035,0.7085998475454577,1.1,0.8800000000000001
CALCE,CS2_36,644.0,0.7794783482328264,0.7086166802116602,1.1,0.8800000000000001
CALCE,CS2_36,645.0,0.7702965033427306,0.7002695484933914,1.1,0.8800000000000001
CALCE,CS2_36,646.0,0.7611258502328907,0.6919325911208096,1.1,0.8800000000000001
CALCE,CS2_36,647.0,0.7611186525259319,0.6919260477508471,1.1,0.8800000000000001
CALCE,CS2_36,648.0,0.7611170063267553,0.691924551206141,1.1,0.8800000000000001
CALCE,CS2_36,649.0,0.7611078218844748,0.6919162017131588,1.1,0.8800000000000001
CALCE,CS2_36,650.0,0.7611265048881726,0.691933186261975,1.1,0.8800000000000001
CALCE,CS2_36,651.0,0.7702985823882345,0.7002714385347585,1.1,0.8800000000000001
CALCE,CS2_36,652.0,0.7703173316654857,0.7002884833322597,1.1,0.8800000000000001
CALCE,CS2_36,653.0,0.7703129030619836,0.700284457329076,1.1,0.8800000000000001
CALCE,CS2_36,654.0,0.7519329417946232,0.6835754016314756,1.1,0.8800000000000001
CALCE,CS2_36,655.0,0.7519417776936047,0.6835834342669134,1.1,0.8800000000000001
CALCE,CS2_36,656.0,0.7519390461116053,0.6835809510105503,1.1,0.8800000000000001
CALCE,CS2_36,657.0,0.7519540974714031,0.6835946340649118,1.1,0.8800000000000001
CALCE,CS2_36,658.0,0.7519445900523698,0.6835859909566998,1.1,0.8800000000000001
CALCE,CS2_36,659.0,0.7519419500659489,0.6835835909690444,1.1,0.8800000000000001
CALCE,CS2_36,660.0,0.7702635824949347,0.7002396204499405,1.1,0.8800000000000001
CALCE,CS2_36,661.0,0.7611266719488989,0.6919333381353626,1.1,0.8800000000000001
CALCE,CS2_36,662.0,0.7519548596244373,0.6835953269313066,1.1,0.8800000000000001
CALCE,CS2_36,663.0,0.7611403528076515,0.691945775279683,1.1,0.8800000000000001
CALCE,CS2_36,664.0,0.7611209590172899,0.6919281445611726,1.1,0.8800000000000001
CALCE,CS2_36,665.0,0.7611103844097609,0.6919185312816007,1.1,0.8800000000000001
CALCE,CS2_36,666.0,0.7611194227414364,0.6919267479467603,1.1,0.8800000000000001
CALCE,CS2_36,667.0,0.77031480436073,0.7002861857824817,1.1,0.8800000000000001
CALCE,CS2_36,668.0,0.7703104316799002,0.700282210618091,1.1,0.8800000000000001
CALCE,CS2_36,669.0,0.7787469939766429,0.707951812706039,1.1,0.8800000000000001
CALCE,CS2_36,670.0,0.7788756181400934,0.7080687437637212,1.1,0.8800000000000001
CALCE,CS2_36,671.0,0.7788946001876081,0.7080860001705528,1.1,0.8800000000000001
CALCE,CS2_36,672.0,0.7788938810121367,0.7080853463746697,1.1,0.8800000000000001
CALCE,CS2_36,673.0,0.7789623726740217,0.7081476115218378,1.1,0.8800000000000001
CALCE,CS2_36,674.0,0.7790352269089696,0.7082138426445178,1.1,0.8800000000000001
CALCE,CS2_36,675.0,0.7790586614502408,0.7082351467729462,1.1,0.8800000000000001
CALCE,CS2_36,676.0,0.7790855274287456,0.7082595703897686,1.1,0.8800000000000001
CALCE,CS2_36,677.0,0.7790189976376792,0.7081990887615265,1.1,0.8800000000000001
CALCE,CS2_36,678.0,0.7789444098982692,0.7081312817256992,1.1,0.8800000000000001
CALCE,CS2_36,679.0,0.7794757225287291,0.7086142932079355,1.1,0.8800000000000001
CALCE,CS2_36,680.0,0.7703022833499285,0.7002748030453895,1.1,0.8800000000000001
CALCE,CS2_36,681.0,0.7611330231315762,0.6919391119377964,1.1,0.8800000000000001
CALCE,CS2_36,682.0,0.7791765633761095,0.7083423303419177,1.1,0.8800000000000001
CALCE,CS2_36,683.0,0.7792611817304564,0.7084192561185967,1.1,0.8800000000000001
CALCE,CS2_36,684.0,0.7790398100177697,0.7082180091070632,1.1,0.8800000000000001
CALCE,CS2_36,685.0,0.7611228313820244,0.6919298467109313,1.1,0.8800000000000001
CALCE,CS2_36,686.0,0.7519477808956516,0.6835888917233196,1.1,0.8800000000000001
CALCE,CS2_36,687.0,0.7519707456051626,0.683609768731966,1.1,0.8800000000000001
CALCE,CS2_36,688.0,0.751982800679161,0.6836207278901463,1.1,0.8800000000000001
CALCE,CS2_36,689.0,0.7519603794548875,0.6836003449589886,1.1,0.8800000000000001
CALCE,CS2_36,690.0,0.7517027655251285,0.6833661504773895,1.1,0.8800000000000001
CALCE,CS2_36,691.0,0.7611709199430153,0.6919735635845593,1.1,0.8800000000000001
CALCE,CS2_36,692.0,0.7692792040625126,0.6993447309659205,1.1,0.8800000000000001
CALCE,CS2_36,693.0,0.7692667571223295,0.699333415565754,1.1,0.8800000000000001
CALCE,CS2_36,694.0,0.7515328277717181,0.6832116616106528,1.1,0.8800000000000001
CALCE,CS2_36,695.0,0.7428487935324154,0.6753170850294685,1.1,0.8800000000000001
CALCE,CS2_36,696.0,0.742852142942184,0.67532012994744,1.1,0.8800000000000001
CALCE,CS2_36,697.0,0.7336787370254829,0.6669806700231662,1.1,0.8800000000000001
CALCE,CS2_36,698.0,0.7336709996023923,0.6669736360021749,1.1,0.8800000000000001
CALCE,CS2_36,699.0,0.7336756806192225,0.6669778914720204,1.1,0.8800000000000001
CALCE,CS2_36,700.0,0.7519096761372586,0.6835542510338714,1.1,0.8800000000000001
CALCE,CS2_36,701.0,0.7520381123813691,0.68367101125579,1.1,0.8800000000000001
CALCE,CS2_36,702.0,0.7520467948736204,0.6836789044305639,1.1,0.8800000000000001
CALCE,CS2_36,703.0,0.733689349639332,0.6669903178539381,1.1,0.8800000000000001
CALCE,CS2_36,704.0,0.724505213279123,0.6586411029810209,1.1,0.8800000000000001
CALCE,CS2_36,705.0,0.7245036501674509,0.6586396819704099,1.1,0.8800000000000001
CALCE,CS2_36,706.0,0.7428814891992552,0.6753468083629592,1.1,0.8800000000000001
CALCE,CS2_36,707.0,0.7326134240219601,0.6660122036563273,1.1,0.8800000000000001
CALCE,CS2_36,708.0,0.6878042120426561,0.6252765564024145,1.1,0.8800000000000001
CALCE,CS2_36,709.0,0.6786376291192338,0.6169432991993034,1.1,0.8800000000000001
CALCE,CS2_36,710.0,0.7060210847776428,0.641837349797857,1.1,0.8800000000000001
CALCE,CS2_36,711.0,0.7061584609407369,0.6419622372188516,1.1,0.8800000000000001
CALCE,CS2_36,712.0,0.7061748208677621,0.6419771098797836,1.1,0.8800000000000001
CALCE,CS2_36,713.0,0.669469141871689,0.6086083107924445,1.1,0.8800000000000001
CALCE,CS2_36,714.0,0.6511086664681589,0.5919169695165081,1.1,0.8800000000000001
CALCE,CS2_36,715.0,0.6511025362486509,0.5919113965896826,1.1,0.8800000000000001
CALCE,CS2_36,716.0,0.6419323354470592,0.5835748504064174,1.1,0.8800000000000001
CALCE,CS2_36,717.0,0.6327543712964352,0.5752312466331229,1.1,0.8800000000000001
CALCE,CS2_36,718.0,0.6327511886055714,0.5752283532777922,1.1,0.8800000000000001
CALCE,CS2_36,719.0,0.6511065427505708,0.5919150388641552,1.1,0.8800000000000001
CALCE,CS2_36,720.0,0.6602696700475508,0.6002451545886824,1.1,0.8800000000000001
CALCE,CS2_36,721.0,0.6602731175453229,0.6002482886775662,1.1,0.8800000000000001
CALCE,CS2_36,722.0,0.6327498720480139,0.5752271564072853,1.1,0.8800000000000001
CALCE,CS2_36,723.0,0.6235806599786283,0.5668915090714802,1.1,0.8800000000000001
CALCE,CS2_36,724.0,0.6235847648185537,0.5668952407441397,1.1,0.8800000000000001
CALCE,CS2_36,725.0,0.6144135776980257,0.5585577979072961,1.1,0.8800000000000001
CALCE,CS2_36,726.0,0.6144286523882663,0.5585715021711511,1.1,0.8800000000000001
CALCE,CS2_36,727.0,0.6052366458063813,0.5502151325512556,1.1,0.8800000000000001
CALCE,CS2_36,728.0,0.6144012610824254,0.5585466009840231,1.1,0.8800000000000001
CALCE,CS2_36,729.0,0.6327604051851277,0.5752367319864796,1.1,0.8800000000000001
CALCE,CS2_36,730.0,0.6327611032258831,0.5752373665689846,1.1,0.8800000000000001
CALCE,CS2_36,731.0,0.6419334560007126,0.5835758690915569,1.1,0.8800000000000001
CALCE,CS2_36,732.0,0.6052462163698099,0.5502238330634636,1.1,0.8800000000000001
CALCE,CS2_36,733.0,0.5960772358261275,0.5418883962055704,1.1,0.8800000000000001
CALCE,CS2_36,734.0,0.596078620732782,0.5418896552116199,1.1,0.8800000000000001
CALCE,CS2_36,735.0,0.5960741581499276,0.541885598318116,1.1,0.8800000000000001
CALCE,CS2_36,736.0,0.5960667828745954,0.5418788935223594,1.1,0.8800000000000001
CALCE,CS2_36,737.0,0.5868990494621258,0.5335445904201143,1.1,0.8800000000000001
CALCE,CS2_36,738.0,0.5869038330145805,0.533548939104164,1.1,0.8800000000000001
CALCE,CS2_36,739.0,0.5777152084886814,0.5251956440806195,1.1,0.8800000000000001
CALCE,CS2_36,740.0,0.5685433522607604,0.5168575929643275,1.1,0.8800000000000001
CALCE,CS2_36,741.0,0.5685418353575702,0.5168562139614274,1.1,0.8800000000000001
CALCE,CS2_36,742.0,0.5685599413789499,0.5168726739808636,1.1,0.8800000000000001
CALCE,CS2_36,743.0,0.5685491971385997,0.5168629064896361,1.1,0.8800000000000001
CALCE,CS2_36,744.0,0.5685494604719865,0.516863145883624,1.1,0.8800000000000001
CALCE,CS2_36,745.0,0.5869008848768746,0.5335462589789769,1.1,0.8800000000000001
CALCE,CS2_36,746.0,0.5869087922307828,0.5335534474825299,1.1,0.8800000000000001
CALCE,CS2_36,747.0,0.5869087219130419,0.5335533835573107,1.1,0.8800000000000001
CALCE,CS2_36,748.0,0.5869072286213082,0.533552026019371,1.1,0.8800000000000001
CALCE,CS2_36,749.0,0.5868963480246298,0.5335421345678452,1.1,0.8800000000000001
CALCE,CS2_36,750.0,0.586893613256672,0.5335396484151563,1.1,0.8800000000000001
CALCE,CS2_36,751.0,0.5869057803794668,0.5335507094358789,1.1,0.8800000000000001
CALCE,CS2_36,752.0,0.586913371437481,0.53355761039771,1.1,0.8800000000000001
CALCE,CS2_36,753.0,0.5868904054188921,0.5335367321989928,1.1,0.8800000000000001
CALCE,CS2_36,754.0,0.6235907545565355,0.5669006859604867,1.1,0.8800000000000001
CALCE,CS2_36,755.0,0.605240202310293,0.55021836573663,1.1,0.8800000000000001
CALCE,CS2_36,756.0,0.5960961718861135,0.5419056108055577,1.1,0.8800000000000001
CALCE,CS2_36,757.0,0.5869134871217921,0.5335577155652655,1.1,0.8800000000000001
CALCE,CS2_36,758.0,0.5777343371525879,0.5252130337750799,1.1,0.8800000000000001
CALCE,CS2_36,759.0,0.5777262008313646,0.5252056371194224,1.1,0.8800000000000001
CALCE,CS2_36,760.0,0.5685480548781897,0.5168618680710815,1.1,0.8800000000000001
CALCE,CS2_36,761.0,0.5685708381536057,0.5168825801396415,1.1,0.8800000000000001
CALCE,CS2_36,762.0,0.5685612362133641,0.5168738511030582,1.1,0.8800000000000001
CALCE,CS2_36,763.0,0.5777340051802398,0.5252127319820361,1.1,0.8800000000000001
CALCE,CS2_36,764.0,0.5777432394890079,0.5252211268081889,1.1,0.8800000000000001
CALCE,CS2_36,765.0,0.5777434796320658,0.5252213451200598,1.1,0.8800000000000001
CALCE,CS2_36,766.0,0.5685442486487087,0.5168584078624624,1.1,0.8800000000000001
CALCE,CS2_36,767.0,0.5593905137399657,0.5085368306726961,1.1,0.8800000000000001
CALCE,CS2_36,768.0,0.5593736784487048,0.5085215258624588,1.1,0.8800000000000001
CALCE,CS2_36,769.0,0.5502002469860212,0.5001820427145647,1.1,0.8800000000000001
CALCE,CS2_36,770.0,0.550215261427391,0.500195692206719,1.1,0.8800000000000001
CALCE,CS2_36,771.0,0.5502093979037502,0.500190361730682,1.1,0.8800000000000001
CALCE,CS2_36,772.0,0.5502412131237253,0.5002192846579321,1.1,0.8800000000000001
CALCE,CS2_36,773.0,0.5410678040821679,0.4918798218928799,1.1,0.8800000000000001
CALCE,CS2_36,774.0,0.5502352139960449,0.5002138309054953,1.1,0.8800000000000001
CALCE,CS2_36,775.0,0.5777449472553726,0.525222679323066,1.1,0.8800000000000001
CALCE,CS2_36,776.0,0.5502185528005402,0.5001986843641274,1.1,0.8800000000000001
CALCE,CS2_36,777.0,0.5410397769021331,0.4918543426383028,1.1,0.8800000000000001
CALCE,CS2_36,778.0,0.5410490228255459,0.4918627480232235,1.1,0.8800000000000001
CALCE,CS2_36,779.0,0.5318665177548232,0.4835150161407483,1.1,0.8800000000000001
CALCE,CS2_36,780.0,0.5227022221436229,0.4751838383123845,1.1,0.8800000000000001
CALCE,CS2_36,781.0,0.5226930889719313,0.47517553542902846,1.1,0.8800000000000001
CALCE,CS2_36,782.0,0.5227051627499014,0.4751865115908194,1.1,0.8800000000000001
CALCE,CS2_36,783.0,0.5135437008193269,0.46685790983575165,1.1,0.8800000000000001
CALCE,CS2_36,784.0,0.5135272304460843,0.4668429367691675,1.1,0.8800000000000001
CALCE,CS2_36,785.0,0.5135279721497742,0.46684361104524924,1.1,0.8800000000000001
CALCE,CS2_36,786.0,0.5135264919926945,0.4668422654479041,1.1,0.8800000000000001
CALCE,CS2_36,787.0,0.5135333520747332,0.46684850188612104,1.1,0.8800000000000001
CALCE,CS2_36,788.0,0.5135409729189913,0.46685542992635565,1.1,0.8800000000000001
CALCE,CS2_36,789.0,0.5043629599467657,0.45851178176978696,1.1,0.8800000000000001
CALCE,CS2_36,790.0,0.5043565290669756,0.45850593551543234,1.1,0.8800000000000001
CALCE,CS2_36,791.0,0.5043492529444553,0.4584993208585957,1.1,0.8800000000000001
CALCE,CS2_36,792.0,0.48600777187109634,0.4418252471555421,1.1,0.8800000000000001
CALCE,CS2_36,793.0,0.48601300915783624,0.4418300083253056,1.1,0.8800000000000001
CALCE,CS2_36,794.0,0.47683936871532384,0.4334903351957489,1.1,0.8800000000000001
CALCE,CS2_36,795.0,0.47683329096667343,0.43348480996970307,1.1,0.8800000000000001
CALCE,CS2_36,796.0,0.47684114114629655,0.4334919464966332,1.1,0.8800000000000001
CALCE,CS2_36,797.0,0.47685027597542384,0.43350025088674893,1.1,0.8800000000000001
CALCE,CS2_36,798.0,0.47683897093251115,0.4334899735750101,1.1,0.8800000000000001
CALCE,CS2_36,799.0,0.4768554922730048,0.43350499297545886,1.1,0.8800000000000001
CALCE,CS2_36,800.0,0.4768387326970327,0.4334897569973024,1.1,0.8800000000000001
CALCE,CS2_36,801.0,0.46767228012860196,0.425156618298729,1.1,0.8800000000000001
CALCE,CS2_36,802.0,0.4676858345023537,0.42516894045668513,1.1,0.8800000000000001
CALCE,CS2_36,803.0,0.4951789506797556,0.45016268243614144,1.1,0.8800000000000001
CALCE,CS2_36,804.0,0.47684709384871476,0.43349735804428613,1.1,0.8800000000000001
CALCE,CS2_36,805.0,0.46767382221830744,0.4251580201984613,1.1,0.8800000000000001
CALCE,CS2_36,806.0,0.458486523178308,0.41680593016209816,1.1,0.8800000000000001
CALCE,CS2_36,807.0,0.4493270591837598,0.4084791447125089,1.1,0.8800000000000001
CALCE,CS2_36,808.0,0.44933007023526417,0.4084818820320583,1.1,0.8800000000000001
CALCE,CS2_36,809.0,0.44015491393093886,0.400140830846308,1.1,0.8800000000000001
CALCE,CS2_36,810.0,0.44015339479608123,0.4001394498146193,1.1,0.8800000000000001
CALCE,CS2_36,811.0,0.4309862840425107,0.3918057127659188,1.1,0.8800000000000001
CALCE,CS2_36,812.0,0.44017028422140725,0.4001548038376429,1.1,0.8800000000000001
CALCE,CS2_36,813.0,0.44015824971725226,0.40014386337932023,1.1,0.8800000000000001
CALCE,CS2_36,814.0,0.4493424390052702,0.40849312636842744,1.1,0.8800000000000001
CALCE,CS2_36,815.0,0.42182489346501273,0.38347717587728425,1.1,0.8800000000000001
CALCE,CS2_36,816.0,0.42182205012659324,0.38347459102417564,1.1,0.8800000000000001
CALCE,CS2_36,817.0,0.4126514034834533,0.37513763953041207,1.1,0.8800000000000001
CALCE,CS2_36,818.0,0.41264530474669614,0.3751320952242692,1.1,0.8800000000000001
CALCE,CS2_36,819.0,0.39431081801162204,0.35846438001056546,1.1,0.8800000000000001
CALCE,CS2_36,820.0,0.39431382056805153,0.35846710960731953,1.1,0.8800000000000001
CALCE,CS2_36,821.0,0.3851449496607439,0.35013177241885807,1.1,0.8800000000000001
CALCE,CS2_36,822.0,0.3851373324752366,0.35012484770476054,1.1,0.8800000000000001
CALCE,CS2_36,823.0,0.3851361992940125,0.3501238175400113,1.1,0.8800000000000001
CALCE,CS2_36,824.0,0.3759654375553729,0.34178676141397535,1.1,0.8800000000000001
CALCE,CS2_36,825.0,0.38512510353611207,0.3501137304873746,1.1,0.8800000000000001
CALCE,CS2_36,826.0,0.3942956309162435,0.3584505735602213,1.1,0.8800000000000001
CALCE,CS2_36,827.0,0.3943002169880211,0.3584547427163828,1.1,0.8800000000000001
CALCE,CS2_36,828.0,0.3942986728983519,0.3584533389985017,1.1,0.8800000000000001
CALCE,CS2_36,829.0,0.39429697579105105,0.3584517961736827,1.1,0.8800000000000001
CALCE,CS2_36,830.0,0.39429057300579334,0.3584459754598121,1.1,0.8800000000000001
CALCE,CS2_36,831.0,0.375960938998975,0.34178267181725,1.1,0.8800000000000001
CALCE,CS2_36,832.0,0.37594102741428165,0.34176457037661967,1.1,0.8800000000000001
CALCE,CS2_36,833.0,0.3759442197755594,0.3417674725232358,1.1,0.8800000000000001
CALCE,CS2_36,834.0,0.3667738846970948,0.3334308042700862,1.1,0.8800000000000001
CALCE,CS2_36,835.0,0.366799688543635,0.3334542623123954,1.1,0.8800000000000001
CALCE,CS2_36,836.0,0.37595788139567676,0.34177989217788796,1.1,0.8800000000000001
CALCE,CS2_36,837.0,0.36680703112297297,0.3334609373845209,1.1,0.8800000000000001
CALCE,CS2_36,838.0,0.366805685360922,0.33345971396447455,1.1,0.8800000000000001
CALCE,CS2_36,839.0,0.37598672301557734,0.341806111832343,1.1,0.8800000000000001
CALCE,CS2_36,840.0,0.37597463265685543,0.3417951205971413,1.1,0.8800000000000001
CALCE,CS2_36,841.0,0.37596704441251577,0.34178822219319616,1.1,0.8800000000000001
CALCE,CS2_36,842.0,0.37598825481335185,0.3418075043757744,1.1,0.8800000000000001
CALCE,CS2_36,843.0,0.3668042445830111,0.3334584041663737,1.1,0.8800000000000001
CALCE,CS2_36,844.0,0.3668111236193598,0.3334646578357816,1.1,0.8800000000000001
CALCE,CS2_36,845.0,0.35762928184101767,0.3251175289463797,1.1,0.8800000000000001
CALCE,CS2_36,846.0,0.35764144514673213,0.3251285864970292,1.1,0.8800000000000001
CALCE,CS2_36,847.0,0.34846044275005217,0.31678222068186557,1.1,0.8800000000000001
CALCE,CS2_36,848.0,0.348466487656957,0.316787716051779,1.1,0.8800000000000001
CALCE,CS2_36,849.0,0.3484634334888233,0.3167849395352939,1.1,0.8800000000000001
CALCE,CS2_36,850.0,0.34847330611504496,0.31679391465004086,1.1,0.8800000000000001
CALCE,CS2_36,851.0,0.34846497385842895,0.316786339871299,1.1,0.8800000000000001
CALCE,CS2_36,852.0,0.40347348201912675,0.36679407456284246,1.1,0.8800000000000001
CALCE,CS2_36,853.0,0.38514192351028664,0.35012902137298785,1.1,0.8800000000000001
CALCE,CS2_36,854.0,0.3759639202329665,0.3417853820299695,1.1,0.8800000000000001
CALCE,CS2_36,855.0,0.3576262636126246,0.325114785102386,1.1,0.8800000000000001
CALCE,CS2_36,856.0,0.3576291874333137,0.3251174431211942,1.1,0.8800000000000001
CALCE,CS2_36,857.0,0.3484528329591334,0.3167753026901212,1.1,0.8800000000000001
CALCE,CS2_36,858.0,0.33928547507869594,0.30844134098063264,1.1,0.8800000000000001
CALCE,CS2_36,859.0,0.33928525773062757,0.3084411433914796,1.1,0.8800000000000001
CALCE,CS2_36,860.0,0.33928093492509453,0.30843721356826775,1.1,0.8800000000000001
CALCE,CS2_36,861.0,0.33927944112720854,0.30843585557018954,1.1,0.8800000000000001
CALCE,CS2_36,862.0,0.33011795251164844,0.300107229556044,1.1,0.8800000000000001
CALCE,CS2_36,863.0,0.3301014599211929,0.3000922362919935,1.1,0.8800000000000001
CALCE,CS2_36,864.0,0.3301075234920409,0.3000977486291281,1.1,0.8800000000000001
CALCE,CS2_36,865.0,0.3392960915920559,0.30845099235641443,1.1,0.8800000000000001
CALCE,CS2_36,866.0,0.33011060876118004,0.30010055341925457,1.1,0.8800000000000001
CALCE,CS2_36,867.0,0.3209508037130671,0.2917734579209701,1.1,0.8800000000000001
CALCE,CS2_36,868.0,0.3117774328034203,0.2834340298212912,1.1,0.8800000000000001
CALCE,CS2_36,869.0,0.33012252172964396,0.3001113833905854,1.1,0.8800000000000001
CALCE,CS2_36,870.0,0.33011741423046315,0.30010674020951195,1.1,0.8800000000000001
CALCE,CS2_36,871.0,0.32095844606397345,0.2917804055127031,1.1,0.8800000000000001
CALCE,CS2_36,872.0,0.30261462078317136,0.27510420071197395,1.1,0.8800000000000001
CALCE,CS2_36,873.0,0.2934321325198799,0.2667564841089817,1.1,0.8800000000000001
CALCE,CS2_36,874.0,0.2934516215313152,0.2667742013921047,1.1,0.8800000000000001
CALCE,CS2_36,875.0,0.30261611027113416,0.27510555479194015,1.1,0.8800000000000001
CALCE,CS2_36,876.0,0.31178326773124126,0.2834393343011284,1.1,0.8800000000000001
CALCE,CS2_36,877.0,0.31178806654837454,0.28344369686215865,1.1,0.8800000000000001
CALCE,CS2_36,878.0,0.31178351028603735,0.2834395548054885,1.1,0.8800000000000001
CALCE,CS2_36,879.0,0.3117772113340679,0.28343382848551624,1.1,0.8800000000000001
CALCE,CS2_36,880.0,0.31176988818988727,0.28342717108171567,1.1,0.8800000000000001
CALCE,CS2_36,881.0,0.3209521579093929,0.291774689008539,1.1,0.8800000000000001
CALCE,CS2_36,882.0,0.32096305053137525,0.2917845913921593,1.1,0.8800000000000001
CALCE,CS2_36,883.0,0.32094787875034675,0.2917707988639516,1.1,0.8800000000000001
CALCE,CS2_36,884.0,0.3209615512928783,0.29178322844807114,1.1,0.8800000000000001
CALCE,CS2_36,885.0,0.311789658796864,0.28344514436078544,1.1,0.8800000000000001
CALCE,CS2_36,886.0,0.3117850702252477,0.28344097293204334,1.1,0.8800000000000001
CALCE,CS2_36,887.0,0.31177902757957554,0.2834354796177959,1.1,0.8800000000000001
CALCE,CS2_36,888.0,0.30260254423360167,0.2750932220305469,1.1,0.8800000000000001
CALCE,CS2_36,889.0,0.30260839432813347,0.2750985402983031,1.1,0.8800000000000001
CALCE,CS2_36,890.0,0.3026162207951625,0.27510565526832953,1.1,0.8800000000000001
CALCE,CS2_36,891.0,0.2842764716741114,0.258433156067374,1.1,0.8800000000000001
CALCE,CS2_36,892.0,0.2751005007468232,0.2500913643152938,1.1,0.8800000000000001
CALCE,CS2_36,893.0,0.2751029441386164,0.25009358558056033,1.1,0.8800000000000001
CALCE,CS2_36,894.0,0.2750974829972045,0.25008862090654954,1.1,0.8800000000000001
CALCE,CS2_36,895.0,0.27510049195667036,0.2500913563242458,1.1,0.8800000000000001
CALCE,CS2_36,896.0,0.27509117582760106,0.25008288711600096,1.1,0.8800000000000001
CALCE,CS2_36,897.0,0.27508697853619146,0.2500790713965377,1.1,0.8800000000000001
CALCE,CS2_36,898.0,0.2751080775883215,0.2500982523530195,1.1,0.8800000000000001
CALCE,CS2_36,899.0,0.26592561247001795,0.24175055679092539,1.1,0.8800000000000001
CALCE,CS2_36,900.0,0.20176041997666608,0.18341856361515096,1.1,0.8800000000000001
CALCE,CS2_36,901.0,0.2109216344672276,0.19174694042475235,1.1,0.8800000000000001
CALCE,CS2_36,902.0,0.20175956472092824,0.18341778610993476,1.1,0.8800000000000001
CALCE,CS2_36,903.0,0.20175124357136456,0.18341022142851324,1.1,0.8800000000000001
CALCE,CS2_36,904.0,0.20175731059205332,0.18341573690186663,1.1,0.8800000000000001
CALCE,CS2_36,905.0,0.19257462830454122,0.17506784391321928,1.1,0.8800000000000001
CALCE,CS2_36,906.0,0.19257558413478193,0.17506871284980174,1.1,0.8800000000000001
CALCE,CS2_36,907.0,0.18340452222137735,0.16673138383761577,1.1,0.8800000000000001
CALCE,CS2_36,908.0,0.18340136859431772,0.16672851690392518,1.1,0.8800000000000001
CALCE,CS2_36,909.0,0.18340592020770444,0.16673265473427676,1.1,0.8800000000000001
CALCE,CS2_36,910.0,0.1833997059886611,0.16672700544423735,1.1,0.8800000000000001
CALCE,CS2_36,911.0,0.18339986236190844,0.16672714760173493,1.1,0.8800000000000001
CALCE,CS2_36,912.0,0.1834059087000809,0.1667326442728008,1.1,0.8800000000000001
CALCE,CS2_36,913.0,0.17423707139513975,0.15839733763194522,1.1,0.8800000000000001
CALCE,CS2_36,914.0,0.17422888365219275,0.1583898942292661,1.1,0.8800000000000001
CALCE,CS2_36,915.0,0.17422938994587073,0.1583903544962461,1.1,0.8800000000000001
CALCE,CS2_36,916.0,0.13754795953533758,0.1250435995775796,1.1,0.8800000000000001
CALCE,CS2_36,917.0,0.17423404488615774,0.15839458626014338,1.1,0.8800000000000001
CALCE,CS2_36,918.0,0.17423857805659054,0.15839870732417322,1.1,0.8800000000000001
CALCE,CS2_36,919.0,0.17422812821546735,0.15838920746860666,1.1,0.8800000000000001
CALCE,CS2_36,920.0,0.17422943972415944,0.15839039974923586,1.1,0.8800000000000001
CALCE,CS2_36,921.0,0.17423554389719767,0.1583959489974524,1.1,0.8800000000000001
CALCE,CS2_36,922.0,0.17422444469553627,0.15838585881412387,1.1,0.8800000000000001
CALCE,CS2_36,923.0,0.1834028685004656,0.16672988045496873,1.1,0.8800000000000001
CALCE,CS2_36,924.0,0.17422797977317198,0.15838907252106543,1.1,0.8800000000000001
CALCE,CS2_36,925.0,0.18340592044045154,0.16673265494586503,1.1,0.8800000000000001
CALCE,CS2_36,926.0,0.17422193654476853,0.1583835786770623,1.1,0.8800000000000001
CALCE,CS2_36,927.0,0.17422947778975761,0.1583904343543251,1.1,0.8800000000000001
CALCE,CS2_36,928.0,0.17423860496346627,0.15839873178496933,1.1,0.8800000000000001
CALCE,CS2_36,929.0,0.17423711358194988,0.15839737598359077,1.1,0.8800000000000001
CALCE,CS2_36,930.0,0.1650667311869926,0.15006066471544782,1.1,0.8800000000000001
CALCE,CS2_36,931.0,0.1650629499520146,0.15005722722910417,1.1,0.8800000000000001
CALCE,CS2_36,932.0,0.1650591372775655,0.15005376116142316,1.1,0.8800000000000001
CALCE,CS2_36,933.0,0.16507282392407097,0.15006620356733724,1.1,0.8800000000000001
CALCE,CS2_36,934.0,0.1650636598471169,0.1500578725882881,1.1,0.8800000000000001
CALCE,CS2_36,935.0,0.16506664363479753,0.1500605851225432,1.1,0.8800000000000001
CALCE,CS2_36,936.0,0.16505912597061612,0.15005375088237827,1.1,0.8800000000000001
CALCE,CS2_37,1.0,1.1242514698926915,1.0220467908115376,1.1,0.8800000000000001
CALCE,CS2_37,2.0,1.1239680467646185,1.0217891334223803,1.1,0.8800000000000001
CALCE,CS2_37,3.0,1.1236105136578227,1.0214641033252934,1.1,0.8800000000000001
CALCE,CS2_37,4.0,1.117114771021268,1.0155588827466073,1.1,0.8800000000000001
CALCE,CS2_37,5.0,1.1162394574481525,1.014763143134684,1.1,0.8800000000000001
CALCE,CS2_37,6.0,1.108957941766771,1.008143583424337,1.1,0.8800000000000001
CALCE,CS2_37,7.0,1.0981491184637169,0.9983173804215607,1.1,0.8800000000000001
CALCE,CS2_37,8.0,1.0958776870178866,0.9962524427435332,1.1,0.8800000000000001
CALCE,CS2_37,9.0,1.089672638213185,0.9906114892847135,1.1,0.8800000000000001
CALCE,CS2_37,10.0,1.0874846393851407,0.9886223994410369,1.1,0.8800000000000001
CALCE,CS2_37,11.0,1.0945754725367562,0.995068611397051,1.1,0.8800000000000001
CALCE,CS2_37,12.0,1.0957344361950596,0.9961222147227814,1.1,0.8800000000000001
CALCE,CS2_37,13.0,1.095762108609611,0.9961473714632826,1.1,0.8800000000000001
CALCE,CS2_37,14.0,1.0955137193692257,0.9959215630629323,1.1,0.8800000000000001
CALCE,CS2_37,15.0,1.0952649132021466,0.995695375638315,1.1,0.8800000000000001
CALCE,CS2_37,16.0,1.0947067300112066,0.9951879363738241,1.1,0.8800000000000001
CALCE,CS2_37,17.0,1.0943257046782395,0.9948415497074904,1.1,0.8800000000000001
CALCE,CS2_37,18.0,1.0937011753550059,0.994273795777278,1.1,0.8800000000000001
CALCE,CS2_37,19.0,1.0931352487692285,0.993759317062935,1.1,0.8800000000000001
CALCE,CS2_37,20.0,1.0926356846926204,0.9933051679023821,1.1,0.8800000000000001
CALCE,CS2_37,21.0,1.0888153717764701,0.9898321561604273,1.1,0.8800000000000001
CALCE,CS2_37,22.0,1.0885092227174524,0.9895538388340476,1.1,0.8800000000000001
CALCE,CS2_37,23.0,1.0882085882511443,0.9892805347737674,1.1,0.8800000000000001
CALCE,CS2_37,24.0,1.0877279390935983,0.9888435809941802,1.1,0.8800000000000001
CALCE,CS2_37,25.0,1.087289431892091,0.9884449380837189,1.1,0.8800000000000001
CALCE,CS2_37,26.0,1.0798652723735558,0.9816957021577779,1.1,0.8800000000000001
CALCE,CS2_37,27.0,1.0694498509285462,0.9722271372077692,1.1,0.8800000000000001
CALCE,CS2_37,28.0,1.067894979287813,0.9708136175343753,1.1,0.8800000000000001
CALCE,CS2_37,29.0,1.0619544406014105,0.9654131278194641,1.1,0.8800000000000001
CALCE,CS2_37,30.0,1.0604383869811467,0.9640348972555878,1.1,0.8800000000000001
CALCE,CS2_37,31.0,1.0692825977398996,0.9720750888544542,1.1,0.8800000000000001
CALCE,CS2_37,32.0,1.074870171494901,0.9771547013590007,1.1,0.8800000000000001
CALCE,CS2_37,33.0,1.0694893704477002,0.9722630640433637,1.1,0.8800000000000001
CALCE,CS2_37,34.0,1.0594285659815754,0.9631168781650685,1.1,0.8800000000000001
CALCE,CS2_37,35.0,1.0575282466909732,0.9613893151736119,1.1,0.8800000000000001
CALCE,CS2_37,36.0,1.0527086741698506,0.957007885608955,1.1,0.8800000000000001
CALCE,CS2_37,37.0,1.0514152980476226,0.9558320891342023,1.1,0.8800000000000001
CALCE,CS2_37,38.0,1.0606646827273778,0.9642406206612525,1.1,0.8800000000000001
CALCE,CS2_37,39.0,1.0662982574601805,0.9693620522365276,1.1,0.8800000000000001
CALCE,CS2_37,40.0,1.0667978023778433,0.9698161839798575,1.1,0.8800000000000001
CALCE,CS2_37,41.0,1.050711716697463,0.9551924697249664,1.1,0.8800000000000001
CALCE,CS2_37,42.0,1.050165123934831,0.9546955672134827,1.1,0.8800000000000001
CALCE,CS2_37,43.0,1.049639202225427,0.9542174565685699,1.1,0.8800000000000001
CALCE,CS2_37,44.0,1.0485109025385053,0.9531917295804593,1.1,0.8800000000000001
CALCE,CS2_37,45.0,1.0507824824426413,0.9552568022205828,1.1,0.8800000000000001
CALCE,CS2_37,46.0,1.0582523243064943,0.9620475675513583,1.1,0.8800000000000001
CALCE,CS2_37,47.0,1.0591994988614655,0.9629086353286049,1.1,0.8800000000000001
CALCE,CS2_37,48.0,1.0480745802826386,0.9527950729842168,1.1,0.8800000000000001
CALCE,CS2_37,49.0,1.0431270037559512,0.9482972761417737,1.1,0.8800000000000001
CALCE,CS2_37,50.0,1.0423841737075843,0.9476219760978039,1.1,0.8800000000000001
CALCE,CS2_37,51.0,1.0415767932703677,0.9468879938821524,1.1,0.8800000000000001
CALCE,CS2_37,52.0,1.087456803032094,0.9885970936655398,1.1,0.8800000000000001
CALCE,CS2_37,53.0,1.0852813973537598,0.9866194521397816,1.1,0.8800000000000001
CALCE,CS2_37,54.0,1.0874953964532459,0.9886321785938598,1.1,0.8800000000000001
CALCE,CS2_37,55.0,1.0871837266699331,0.9883488424272119,1.1,0.8800000000000001
CALCE,CS2_37,56.0,1.0776374293894657,0.9796703903540597,1.1,0.8800000000000001
CALCE,CS2_37,57.0,1.0708724495034165,0.9735204086394695,1.1,0.8800000000000001
CALCE,CS2_37,58.0,1.0699158338879207,0.9726507580799278,1.1,0.8800000000000001
CALCE,CS2_37,59.0,1.0599973896674324,0.9636339906067567,1.1,0.8800000000000001
CALCE,CS2_37,60.0,1.0619581412433647,0.9654164920394224,1.1,0.8800000000000001
CALCE,CS2_37,61.0,1.060535074950135,0.9641227954092135,1.1,0.8800000000000001
CALCE,CS2_37,62.0,1.0518360038548848,0.9562145489589862,1.1,0.8800000000000001
CALCE,CS2_37,63.0,1.0510534964888452,0.9555031786262228,1.1,0.8800000000000001
CALCE,CS2_37,64.0,1.0501665351364118,0.9546968501240106,1.1,0.8800000000000001
CALCE,CS2_37,65.0,1.0444716263185987,0.9495196602896351,1.1,0.8800000000000001
CALCE,CS2_37,66.0,1.042316698804884,0.9475606352771672,1.1,0.8800000000000001
CALCE,CS2_37,67.0,1.0437725622399756,0.9488841474908868,1.1,0.8800000000000001
CALCE,CS2_37,68.0,1.0434471953532873,0.9485883594120793,1.1,0.8800000000000001
CALCE,CS2_37,69.0,1.0405321221890436,0.9459382928991305,1.1,0.8800000000000001
CALCE,CS2_37,70.0,1.0348924800449497,0.9408113454954088,1.1,0.8800000000000001
CALCE,CS2_37,71.0,1.0347168464180396,0.9406516785618542,1.1,0.8800000000000001
CALCE,CS2_37,72.0,1.034135735694405,0.9401233960858226,1.1,0.8800000000000001
CALCE,CS2_37,73.0,1.032167952478061,0.9383345022527826,1.1,0.8800000000000001
CALCE,CS2_37,74.0,1.0347642617383002,0.9406947833984546,1.1,0.8800000000000001
CALCE,CS2_37,75.0,1.0345973554710606,0.9405430504282368,1.1,0.8800000000000001
CALCE,CS2_37,76.0,1.0340897149741386,0.9400815590673987,1.1,0.8800000000000001
CALCE,CS2_37,77.0,1.033459644919352,0.9395087681085018,1.1,0.8800000000000001
CALCE,CS2_37,78.0,1.032944700057437,0.9390406364158518,1.1,0.8800000000000001
CALCE,CS2_37,79.0,0.9206629631993534,0.8369663301812302,1.1,0.8800000000000001
CALCE,CS2_37,80.0,1.0326349475335,0.9387590432122725,1.1,0.8800000000000001
CALCE,CS2_37,81.0,1.031854126902701,0.9380492062751827,1.1,0.8800000000000001
CALCE,CS2_37,82.0,1.0313673009308502,0.9376066372098637,1.1,0.8800000000000001
CALCE,CS2_37,83.0,1.030823847354896,0.9371125885044509,1.1,0.8800000000000001
CALCE,CS2_37,84.0,1.0301282901094893,0.9364802637358992,1.1,0.8800000000000001
CALCE,CS2_37,85.0,1.025449089688058,0.9322264451709616,1.1,0.8800000000000001
CALCE,CS2_37,86.0,1.0250148887072112,0.9318317170065556,1.1,0.8800000000000001
CALCE,CS2_37,87.0,1.0249470753592849,0.9317700685084407,1.1,0.8800000000000001
CALCE,CS2_37,88.0,0.9122446502294078,0.8293133183903707,1.1,0.8800000000000001
CALCE,CS2_37,89.0,1.0238647829409824,0.9307861663099839,1.1,0.8800000000000001
CALCE,CS2_37,90.0,1.0235424492032066,0.9304931356392786,1.1,0.8800000000000001
CALCE,CS2_37,91.0,0.9041430117093464,0.8219481924630421,1.1,0.8800000000000001
CALCE,CS2_37,92.0,1.008244180478403,0.9165856186167299,1.1,0.8800000000000001
CALCE,CS2_37,93.0,1.007446918585444,0.9158608350776762,1.1,0.8800000000000001
CALCE,CS2_37,94.0,1.006737359170378,0.91521578106398,1.1,0.8800000000000001
CALCE,CS2_37,95.0,1.0242034930514996,0.9310940845922723,1.1,0.8800000000000001
CALCE,CS2_37,96.0,1.0236859066292827,0.930623551481166,1.1,0.8800000000000001
CALCE,CS2_37,97.0,1.0230357220591089,0.9300324745991898,1.1,0.8800000000000001
CALCE,CS2_37,98.0,1.0303083192946838,0.9366439266315306,1.1,0.8800000000000001
CALCE,CS2_37,99.0,1.0311314385208525,0.9373922168371386,1.1,0.8800000000000001
CALCE,CS2_37,100.0,1.0242303288264585,0.9311184807513259,1.1,0.8800000000000001
CALCE,CS2_37,101.0,1.016614075681691,0.9241946142560827,1.1,0.8800000000000001
CALCE,CS2_37,102.0,1.0166026435114,0.9241842213739999,1.1,0.8800000000000001
CALCE,CS2_37,103.0,1.0163085990210874,0.9239169082009885,1.1,0.8800000000000001
CALCE,CS2_37,104.0,1.0150456340465381,0.9227687582241255,1.1,0.8800000000000001
CALCE,CS2_37,105.0,1.0221169771985763,0.9291972519987056,1.1,0.8800000000000001
CALCE,CS2_37,106.0,1.0235778231503287,0.9305252937730261,1.1,0.8800000000000001
CALCE,CS2_37,107.0,1.0238326361244499,0.930756941931318,1.1,0.8800000000000001
CALCE,CS2_37,108.0,1.0131887482262094,0.9210806802056448,1.1,0.8800000000000001
CALCE,CS2_37,109.0,0.8948926587988703,0.8135387807262456,1.1,0.8800000000000001
CALCE,CS2_37,110.0,1.012015257052343,0.9200138700475845,1.1,0.8800000000000001
CALCE,CS2_37,111.0,1.0069225957811534,0.9153841779828666,1.1,0.8800000000000001
CALCE,CS2_37,112.0,1.0051411192967947,0.913764653906177,1.1,0.8800000000000001
CALCE,CS2_37,113.0,1.015586780844971,0.9232607098590645,1.1,0.8800000000000001
CALCE,CS2_37,114.0,1.0201290800549017,0.9273900727771832,1.1,0.8800000000000001
CALCE,CS2_37,115.0,1.007339027303895,0.9157627520944498,1.1,0.8800000000000001
CALCE,CS2_37,116.0,1.0049417542345147,0.9135834129404679,1.1,0.8800000000000001
CALCE,CS2_37,117.0,1.0046882631675529,0.9133529665159571,1.1,0.8800000000000001
CALCE,CS2_37,118.0,1.0049989998930071,0.9136354544481882,1.1,0.8800000000000001
CALCE,CS2_37,119.0,0.9971640938600319,0.9065128126000289,1.1,0.8800000000000001
CALCE,CS2_37,120.0,1.0118844185355371,0.9198949259413973,1.1,0.8800000000000001
CALCE,CS2_37,121.0,1.0132410725508108,0.9211282477734642,1.1,0.8800000000000001
CALCE,CS2_37,122.0,1.0136001009316984,0.9214546372106348,1.1,0.8800000000000001
CALCE,CS2_37,123.0,1.0150776530595396,0.9227978664177632,1.1,0.8800000000000001
CALCE,CS2_37,124.0,1.015726339483435,0.9233875813485772,1.1,0.8800000000000001
CALCE,CS2_37,125.0,1.019705665700135,0.9270051506364864,1.1,0.8800000000000001
CALCE,CS2_37,126.0,1.020107297871706,0.92737027079246,1.1,0.8800000000000001
CALCE,CS2_37,127.0,1.0207449325022566,0.927949938638415,1.1,0.8800000000000001
CALCE,CS2_37,128.0,1.0206639223689693,0.9278762930626993,1.1,0.8800000000000001
CALCE,CS2_37,129.0,1.0209573802744358,0.9281430729767598,1.1,0.8800000000000001
CALCE,CS2_37,130.0,1.0211441784693769,0.9283128895176153,1.1,0.8800000000000001
CALCE,CS2_37,131.0,1.0214018173170052,0.9285471066518228,1.1,0.8800000000000001
CALCE,CS2_37,132.0,1.0215983695956097,0.9287257905414633,1.1,0.8800000000000001
CALCE,CS2_37,133.0,1.0216847687457529,0.9288043352234117,1.1,0.8800000000000001
CALCE,CS2_37,134.0,1.0216903032783882,0.9288093666167164,1.1,0.8800000000000001
CALCE,CS2_37,135.0,1.0217759676774256,0.9288872433431141,1.1,0.8800000000000001
CALCE,CS2_37,136.0,1.0139166595687596,0.9217424177897814,1.1,0.8800000000000001
CALCE,CS2_37,137.0,1.003551707859748,0.9123197344179527,1.1,0.8800000000000001
CALCE,CS2_37,138.0,1.0039581100137605,0.9126891909216004,1.1,0.8800000000000001
CALCE,CS2_37,139.0,0.998490492809329,0.9077186298266626,1.1,0.8800000000000001
CALCE,CS2_37,140.0,0.9979594846745465,0.9072358951586786,1.1,0.8800000000000001
CALCE,CS2_37,141.0,1.0055375187253806,0.9141250170230731,1.1,0.8800000000000001
CALCE,CS2_37,142.0,1.0132411249286093,0.9211282953896447,1.1,0.8800000000000001
CALCE,CS2_37,143.0,1.0138543078220914,0.9216857343837194,1.1,0.8800000000000001
CALCE,CS2_37,144.0,1.0132866064595167,0.9211696422359242,1.1,0.8800000000000001
CALCE,CS2_37,145.0,1.014152584001478,0.9219568945467981,1.1,0.8800000000000001
CALCE,CS2_37,146.0,1.0220698286969765,0.929154389724524,1.1,0.8800000000000001
CALCE,CS2_37,147.0,1.022435044882774,0.9294864044388853,1.1,0.8800000000000001
CALCE,CS2_37,148.0,1.0064719486405336,0.9149744987641214,1.1,0.8800000000000001
CALCE,CS2_37,149.0,1.005710850364521,0.9142825912404735,1.1,0.8800000000000001
CALCE,CS2_37,150.0,1.0076174042672148,0.9160158220611043,1.1,0.8800000000000001
CALCE,CS2_37,151.0,1.0063896080674621,0.9148996436976928,1.1,0.8800000000000001
CALCE,CS2_37,152.0,1.004936896973527,0.9135789972486609,1.1,0.8800000000000001
CALCE,CS2_37,153.0,1.0147766440799937,0.9225242218909033,1.1,0.8800000000000001
CALCE,CS2_37,154.0,1.0159636163569485,0.9236032875972259,1.1,0.8800000000000001
CALCE,CS2_37,155.0,1.006781124531442,0.9152555677558563,1.1,0.8800000000000001
CALCE,CS2_37,156.0,1.0046150624503734,0.9132864204094302,1.1,0.8800000000000001
CALCE,CS2_37,157.0,1.0049899725641671,0.9136272477856064,1.1,0.8800000000000001
CALCE,CS2_37,158.0,1.0050083005564718,0.9136439095967925,1.1,0.8800000000000001
CALCE,CS2_37,159.0,0.9985735251731301,0.9077941137937546,1.1,0.8800000000000001
CALCE,CS2_37,160.0,1.0068067873346038,0.9152788975769125,1.1,0.8800000000000001
CALCE,CS2_37,161.0,1.0132589974334143,0.9211445431212857,1.1,0.8800000000000001
CALCE,CS2_37,162.0,1.0140087464333465,0.921826133121224,1.1,0.8800000000000001
CALCE,CS2_37,163.0,0.997658884372512,0.9069626221568291,1.1,0.8800000000000001
CALCE,CS2_37,164.0,0.997982210876029,0.9072565553418445,1.1,0.8800000000000001
CALCE,CS2_37,165.0,0.998234381630659,0.9074858014824172,1.1,0.8800000000000001
CALCE,CS2_37,166.0,0.9980789158827869,0.9073444689843516,1.1,0.8800000000000001
CALCE,CS2_37,167.0,0.9973483703128281,0.9066803366480255,1.1,0.8800000000000001
CALCE,CS2_37,168.0,1.011000702926293,0.9190915481148119,1.1,0.8800000000000001
CALCE,CS2_37,169.0,1.012255991488651,0.9202327195351373,1.1,0.8800000000000001
CALCE,CS2_37,170.0,1.0131071038946724,0.9210064580860657,1.1,0.8800000000000001
CALCE,CS2_37,171.0,1.0132339451223127,0.9211217682930115,1.1,0.8800000000000001
CALCE,CS2_37,172.0,1.0133880814698573,0.9212618922453247,1.1,0.8800000000000001
CALCE,CS2_37,173.0,1.0140592202744447,0.9218720184313133,1.1,0.8800000000000001
CALCE,CS2_37,174.0,1.0144325517029278,0.9222114106390252,1.1,0.8800000000000001
CALCE,CS2_37,175.0,1.0146031016671304,0.9223664560610276,1.1,0.8800000000000001
CALCE,CS2_37,176.0,1.014781068273492,0.9225282438849925,1.1,0.8800000000000001
CALCE,CS2_37,177.0,1.015003655956703,0.9227305963242755,1.1,0.8800000000000001
CALCE,CS2_37,178.0,1.0150783855315317,0.9227985323013924,1.1,0.8800000000000001
CALCE,CS2_37,179.0,1.0152525743767598,0.9229568857970543,1.1,0.8800000000000001
CALCE,CS2_37,180.0,1.01553515649321,0.9232137786301908,1.1,0.8800000000000001
CALCE,CS2_37,181.0,1.0158560839697868,0.9235055308816242,1.1,0.8800000000000001
CALCE,CS2_37,182.0,1.0159508573283702,0.9235916884803365,1.1,0.8800000000000001
CALCE,CS2_37,183.0,1.0207465267235587,0.9279513879305078,1.1,0.8800000000000001
CALCE,CS2_37,184.0,1.0209262208363283,0.9281147462148439,1.1,0.8800000000000001
CALCE,CS2_37,185.0,1.0046611821021443,0.9133283473655857,1.1,0.8800000000000001
CALCE,CS2_37,186.0,1.004429701210964,0.9131179101917853,1.1,0.8800000000000001
CALCE,CS2_37,187.0,1.0041826812888601,0.9128933466262364,1.1,0.8800000000000001
CALCE,CS2_37,188.0,0.9980966866774372,0.9073606242522156,1.1,0.8800000000000001
CALCE,CS2_37,189.0,1.0072097010886338,0.9156451828078489,1.1,0.8800000000000001
CALCE,CS2_37,190.0,1.0129344346988507,0.9208494860898642,1.1,0.8800000000000001
CALCE,CS2_37,191.0,1.0072772719648686,0.9157066108771532,1.1,0.8800000000000001
CALCE,CS2_37,192.0,0.9975373051770905,0.9068520956155367,1.1,0.8800000000000001
CALCE,CS2_37,193.0,1.006055979274799,0.9145963447952717,1.1,0.8800000000000001
CALCE,CS2_37,194.0,1.0142745860452362,0.9220678054956692,1.1,0.8800000000000001
CALCE,CS2_37,195.0,1.0153370616681452,0.9230336924255864,1.1,0.8800000000000001
CALCE,CS2_37,196.0,1.0078465465789896,0.9162241332536268,1.1,0.8800000000000001
CALCE,CS2_37,197.0,1.0048231081029404,0.9134755528208548,1.1,0.8800000000000001
CALCE,CS2_37,198.0,1.0055623709518071,0.9141476099561883,1.1,0.8800000000000001
CALCE,CS2_37,199.0,1.005730915191811,0.9143008319925554,1.1,0.8800000000000001
CALCE,CS2_37,200.0,1.005406070373928,0.9140055185217527,1.1,0.8800000000000001
CALCE,CS2_37,201.0,1.012871866995702,0.920792606359729,1.1,0.8800000000000001
CALCE,CS2_37,202.0,1.013633461126696,0.9214849646606326,1.1,0.8800000000000001
CALCE,CS2_37,203.0,1.0046715534437625,0.9133377758579658,1.1,0.8800000000000001
CALCE,CS2_37,204.0,1.0042150382774835,0.9129227620704394,1.1,0.8800000000000001
CALCE,CS2_37,205.0,1.0044086999301622,0.9130988181183293,1.1,0.8800000000000001
CALCE,CS2_37,206.0,1.0039672830508393,0.9126975300462175,1.1,0.8800000000000001
CALCE,CS2_37,207.0,1.0035862865394682,0.9123511695813347,1.1,0.8800000000000001
CALCE,CS2_37,208.0,1.0119728046439507,0.919975276949046,1.1,0.8800000000000001
CALCE,CS2_37,209.0,1.013372989096383,0.9212481719058027,1.1,0.8800000000000001
CALCE,CS2_37,210.0,1.0064322172428455,0.9149383793116777,1.1,0.8800000000000001
CALCE,CS2_37,211.0,0.9986948824379214,0.9079044385799284,1.1,0.8800000000000001
CALCE,CS2_37,212.0,1.0046403773846906,0.9133094339860823,1.1,0.8800000000000001
CALCE,CS2_37,213.0,1.0114560081543913,0.9195054619585374,1.1,0.8800000000000001
CALCE,CS2_37,214.0,1.0134231673401595,0.921293788491054,1.1,0.8800000000000001
CALCE,CS2_37,215.0,1.013666695886839,0.9215151780789445,1.1,0.8800000000000001
CALCE,CS2_37,216.0,1.0137193606721193,0.9215630551564721,1.1,0.8800000000000001
CALCE,CS2_37,217.0,1.013942344960365,0.9217657681457864,1.1,0.8800000000000001
CALCE,CS2_37,218.0,1.014104426949484,0.9219131154086219,1.1,0.8800000000000001
CALCE,CS2_37,219.0,1.0141630702931148,0.9219664275391952,1.1,0.8800000000000001
CALCE,CS2_37,220.0,1.014409502958717,0.9221904572351972,1.1,0.8800000000000001
CALCE,CS2_37,221.0,1.0149994654760688,0.9227267867964261,1.1,0.8800000000000001
CALCE,CS2_37,222.0,1.0148382130556333,0.9225801936869392,1.1,0.8800000000000001
CALCE,CS2_37,223.0,1.0147989880267345,0.9225445345697586,1.1,0.8800000000000001
CALCE,CS2_37,224.0,1.0148699281533569,0.9226090255939607,1.1,0.8800000000000001
CALCE,CS2_37,225.0,1.01490017417439,0.9226365219767181,1.1,0.8800000000000001
CALCE,CS2_37,226.0,1.015000240054316,0.9227274909584691,1.1,0.8800000000000001
CALCE,CS2_37,227.0,1.0150973908287522,0.9228158098443201,1.1,0.8800000000000001
CALCE,CS2_37,228.0,1.0153872332013736,0.9230793029103396,1.1,0.8800000000000001
CALCE,CS2_37,229.0,1.0151134613050936,0.9228304193682668,1.1,0.8800000000000001
CALCE,CS2_37,230.0,1.0150714024198093,0.9227921840180084,1.1,0.8800000000000001
CALCE,CS2_37,231.0,1.0150697531302861,0.9227906846638965,1.1,0.8800000000000001
CALCE,CS2_37,232.0,1.0150926707221455,0.922811518838314,1.1,0.8800000000000001
CALCE,CS2_37,233.0,1.004607541619381,0.9132795832903462,1.1,0.8800000000000001
CALCE,CS2_37,234.0,1.005442619578057,0.9140387450709608,1.1,0.8800000000000001
CALCE,CS2_37,235.0,1.0047805841338906,0.9134368946671731,1.1,0.8800000000000001
CALCE,CS2_37,236.0,0.9986100098391324,0.9078272816719385,1.1,0.8800000000000001
CALCE,CS2_37,237.0,0.9977803567553813,0.9070730515958012,1.1,0.8800000000000001
CALCE,CS2_37,238.0,1.0071135245574807,0.9155577495977096,1.1,0.8800000000000001
CALCE,CS2_37,239.0,1.0121445538656741,0.9201314126051583,1.1,0.8800000000000001
CALCE,CS2_37,240.0,1.00362111035311,0.9123828275937363,1.1,0.8800000000000001
CALCE,CS2_37,241.0,0.9973415313270323,0.9066741193882111,1.1,0.8800000000000001
CALCE,CS2_37,242.0,0.9987402783497412,0.9079457075906737,1.1,0.8800000000000001
CALCE,CS2_37,243.0,0.9982200691111619,0.9074727901010562,1.1,0.8800000000000001
CALCE,CS2_37,244.0,0.9957516792766912,0.9052287993424465,1.1,0.8800000000000001
CALCE,CS2_37,245.0,1.004655098484111,0.9133228168037372,1.1,0.8800000000000001
CALCE,CS2_37,246.0,1.0055963478771863,0.9141784980701693,1.1,0.8800000000000001
CALCE,CS2_37,247.0,0.9979105863098772,0.9071914420998882,1.1,0.8800000000000001
CALCE,CS2_37,248.0,0.9953076216595533,0.9048251105995939,1.1,0.8800000000000001
CALCE,CS2_37,249.0,0.9958550278424464,0.9053227525840422,1.1,0.8800000000000001
CALCE,CS2_37,250.0,0.9898613887600406,0.8998739897818551,1.1,0.8800000000000001
CALCE,CS2_37,251.0,0.9951134997421135,0.904648636129194,1.1,0.8800000000000001
CALCE,CS2_37,252.0,0.9962010390772791,0.9056373082520718,1.1,0.8800000000000001
CALCE,CS2_37,253.0,0.9983783345048735,0.907616667731703,1.1,0.8800000000000001
CALCE,CS2_37,254.0,1.0035759073080939,0.9123417339164489,1.1,0.8800000000000001
CALCE,CS2_37,255.0,0.989028584027301,0.8991168945702736,1.1,0.8800000000000001
CALCE,CS2_37,256.0,0.988826929891533,0.8989335726286662,1.1,0.8800000000000001
CALCE,CS2_37,257.0,0.9899099705533692,0.8999181550485174,1.1,0.8800000000000001
CALCE,CS2_37,258.0,0.9887752190396685,0.8988865627633349,1.1,0.8800000000000001
CALCE,CS2_37,259.0,0.9885349484142245,0.8986681349220222,1.1,0.8800000000000001
CALCE,CS2_37,260.0,0.9976499627859894,0.9069545116236266,1.1,0.8800000000000001
CALCE,CS2_37,261.0,1.002560110086908,0.911418281897189,1.1,0.8800000000000001
CALCE,CS2_37,262.0,0.9891077518279592,0.8991888652981447,1.1,0.8800000000000001
CALCE,CS2_37,263.0,0.9875432923903923,0.8977666294458111,1.1,0.8800000000000001
CALCE,CS2_37,264.0,0.9871675410201906,0.8974250372910823,1.1,0.8800000000000001
CALCE,CS2_37,265.0,0.9877684550627688,0.8979713227843352,1.1,0.8800000000000001
CALCE,CS2_37,266.0,0.9966628161552203,0.9060571055956548,1.1,0.8800000000000001
CALCE,CS2_37,267.0,0.9883572525417947,0.8985065932198133,1.1,0.8800000000000001
CALCE,CS2_37,268.0,0.997348801170141,0.9066807283364917,1.1,0.8800000000000001
CALCE,CS2_37,269.0,1.0027558215708159,0.9115962014280143,1.1,0.8800000000000001
CALCE,CS2_37,270.0,0.9969487748466878,0.9063170680424434,1.1,0.8800000000000001
CALCE,CS2_37,271.0,0.9874643205692782,0.8976948368811619,1.1,0.8800000000000001
CALCE,CS2_37,272.0,0.987326384503957,0.8975694404581427,1.1,0.8800000000000001
CALCE,CS2_37,273.0,0.9866207451577498,0.8969279501434089,1.1,0.8800000000000001
CALCE,CS2_37,274.0,0.9888062300403839,0.8989147545821672,1.1,0.8800000000000001
CALCE,CS2_37,275.0,0.9882253582131759,0.8983866892847053,1.1,0.8800000000000001
CALCE,CS2_37,276.0,0.9964212555928945,0.9058375050844495,1.1,0.8800000000000001
CALCE,CS2_37,277.0,0.9977411190187147,0.9070373809261042,1.1,0.8800000000000001
CALCE,CS2_37,278.0,0.9969898215335896,0.9063543832123542,1.1,0.8800000000000001
CALCE,CS2_37,279.0,0.9869305047961217,0.897209549814656,1.1,0.8800000000000001
CALCE,CS2_37,280.0,0.9869023607388794,0.8971839643080721,1.1,0.8800000000000001
CALCE,CS2_37,281.0,0.9810172574539632,0.8918338704126937,1.1,0.8800000000000001
CALCE,CS2_37,282.0,0.9805556884580946,0.8914142622346314,1.1,0.8800000000000001
CALCE,CS2_37,283.0,0.980708986684376,0.8915536242585236,1.1,0.8800000000000001
CALCE,CS2_37,284.0,0.9887741041079231,0.898885549189021,1.1,0.8800000000000001
CALCE,CS2_37,285.0,0.989344495757048,0.8994040870518617,1.1,0.8800000000000001
CALCE,CS2_37,286.0,0.9778539573822254,0.8889581430747503,1.1,0.8800000000000001
CALCE,CS2_37,287.0,0.977986907802073,0.8890790070927935,1.1,0.8800000000000001
CALCE,CS2_37,288.0,0.9781574207133044,0.8892340188302766,1.1,0.8800000000000001
CALCE,CS2_37,289.0,0.9775406584548737,0.8886733258680669,1.1,0.8800000000000001
CALCE,CS2_37,290.0,0.9801077676021457,0.891007061456496,1.1,0.8800000000000001
CALCE,CS2_37,291.0,0.9863057378994642,0.8966415799086037,1.1,0.8800000000000001
CALCE,CS2_37,292.0,0.9866803966634249,0.8969821787849317,1.1,0.8800000000000001
CALCE,CS2_37,293.0,0.9868308182021711,0.8971189256383373,1.1,0.8800000000000001
CALCE,CS2_37,294.0,0.9870231728088599,0.8972937934625999,1.1,0.8800000000000001
CALCE,CS2_37,295.0,0.9873802940635874,0.8976184491487158,1.1,0.8800000000000001
CALCE,CS2_37,296.0,0.987481690943569,0.8977106281305172,1.1,0.8800000000000001
CALCE,CS2_37,297.0,0.9877417995654241,0.8979470905140218,1.1,0.8800000000000001
CALCE,CS2_37,298.0,0.9878197291475611,0.8980179355886918,1.1,0.8800000000000001
CALCE,CS2_37,299.0,0.9878929473587316,0.8980844975988468,1.1,0.8800000000000001
CALCE,CS2_37,300.0,0.9876639726124467,0.8978763387385877,1.1,0.8800000000000001
CALCE,CS2_37,301.0,0.9875604611161313,0.8977822373783011,1.1,0.8800000000000001
CALCE,CS2_37,302.0,0.9881604076041743,0.898327643276522,1.1,0.8800000000000001
CALCE,CS2_37,303.0,0.9877817503992589,0.8979834094538717,1.1,0.8800000000000001
CALCE,CS2_37,304.0,0.9880243643364928,0.8982039675786297,1.1,0.8800000000000001
CALCE,CS2_37,305.0,0.988164597429334,0.8983314522084854,1.1,0.8800000000000001
CALCE,CS2_37,306.0,0.9883730708828921,0.8985209735299018,1.1,0.8800000000000001
CALCE,CS2_37,307.0,0.9773252354725832,0.8884774867932574,1.1,0.8800000000000001
CALCE,CS2_37,308.0,0.9708279597340095,0.8825708724854631,1.1,0.8800000000000001
CALCE,CS2_37,309.0,0.9770970823848795,0.8882700748953449,1.1,0.8800000000000001
CALCE,CS2_37,310.0,0.970209264762063,0.8820084225109663,1.1,0.8800000000000001
CALCE,CS2_37,311.0,0.9692033780166183,0.8810939800151074,1.1,0.8800000000000001
CALCE,CS2_37,312.0,0.9785418590741238,0.8895835082492034,1.1,0.8800000000000001
CALCE,CS2_37,313.0,0.9797495367485289,0.8906813970441172,1.1,0.8800000000000001
CALCE,CS2_37,314.0,0.9772882598714205,0.8884438726103823,1.1,0.8800000000000001
CALCE,CS2_37,315.0,0.9686063632922616,0.8805512393566014,1.1,0.8800000000000001
CALCE,CS2_37,316.0,0.9687407410760203,0.8806734009782001,1.1,0.8800000000000001
CALCE,CS2_37,317.0,0.9689511264665931,0.8808646604241754,1.1,0.8800000000000001
CALCE,CS2_37,318.0,0.9684556353493456,0.8804142139539505,1.1,0.8800000000000001
CALCE,CS2_37,319.0,0.9691752065307362,0.8810683695733965,1.1,0.8800000000000001
CALCE,CS2_37,320.0,0.9768627666092694,0.8880570605538812,1.1,0.8800000000000001
CALCE,CS2_37,321.0,0.9793060316272099,0.8902782105701907,1.1,0.8800000000000001
CALCE,CS2_37,322.0,0.9784466434912401,0.8894969486284,1.1,0.8800000000000001
CALCE,CS2_37,323.0,0.9803490512535842,0.891226410230531,1.1,0.8800000000000001
CALCE,CS2_37,324.0,0.9867550844031592,0.8970500767301446,1.1,0.8800000000000001
CALCE,CS2_37,325.0,0.987044513705682,0.8973131942778927,1.1,0.8800000000000001
CALCE,CS2_37,326.0,0.9719398244891045,0.8835816586264587,1.1,0.8800000000000001
CALCE,CS2_37,327.0,0.9715381161542171,0.8832164692311064,1.1,0.8800000000000001
CALCE,CS2_37,328.0,0.9711178436576123,0.8828344033251021,1.1,0.8800000000000001
CALCE,CS2_37,329.0,0.9705864934761267,0.8823513577055696,1.1,0.8800000000000001
CALCE,CS2_37,330.0,0.9693604892205573,0.8812368083823248,1.1,0.8800000000000001
CALCE,CS2_37,331.0,0.9779408778739439,0.8890371617035853,1.1,0.8800000000000001
CALCE,CS2_37,332.0,0.9787531545534444,0.8897755950485857,1.1,0.8800000000000001
CALCE,CS2_37,333.0,0.9789141027686596,0.8899219116078724,1.1,0.8800000000000001
CALCE,CS2_37,334.0,0.9790747999100632,0.8900679999182391,1.1,0.8800000000000001
CALCE,CS2_37,335.0,0.9793301194159407,0.890300108559946,1.1,0.8800000000000001
CALCE,CS2_37,336.0,0.9793682338777389,0.8903347580706716,1.1,0.8800000000000001
CALCE,CS2_37,337.0,0.9793768958805922,0.89034263261872,1.1,0.8800000000000001
CALCE,CS2_37,338.0,0.9793834832732461,0.8903486211574964,1.1,0.8800000000000001
CALCE,CS2_37,339.0,0.9792773188356176,0.8902521080323796,1.1,0.8800000000000001
CALCE,CS2_37,340.0,0.9791432521565767,0.8901302292332515,1.1,0.8800000000000001
CALCE,CS2_37,341.0,0.9790367001395586,0.8900333637632349,1.1,0.8800000000000001
CALCE,CS2_37,342.0,0.9789435622742142,0.8899486929765583,1.1,0.8800000000000001
CALCE,CS2_37,343.0,0.9789301151578687,0.889936468325335,1.1,0.8800000000000001
CALCE,CS2_37,344.0,0.9789372546152696,0.8899429587411541,1.1,0.8800000000000001
CALCE,CS2_37,345.0,0.9789961902953959,0.889996536632178,1.1,0.8800000000000001
CALCE,CS2_37,346.0,0.9788175538782292,0.8898341398892993,1.1,0.8800000000000001
CALCE,CS2_37,347.0,0.9772914188299353,0.8884467443908503,1.1,0.8800000000000001
CALCE,CS2_37,348.0,0.9617622127654523,0.8743292843322292,1.1,0.8800000000000001
CALCE,CS2_37,349.0,0.9614269204567831,0.8740244731425301,1.1,0.8800000000000001
CALCE,CS2_37,350.0,0.9610057022815978,0.8736415475287251,1.1,0.8800000000000001
CALCE,CS2_37,351.0,0.9602642378817544,0.872967488983413,1.1,0.8800000000000001
CALCE,CS2_37,352.0,0.960710386743095,0.8733730788573589,1.1,0.8800000000000001
CALCE,CS2_37,353.0,0.9696263096501357,0.8814784633183051,1.1,0.8800000000000001
CALCE,CS2_37,354.0,0.9616113642129199,0.8741921492844726,1.1,0.8800000000000001
CALCE,CS2_37,355.0,0.953606748355866,0.8669152257780599,1.1,0.8800000000000001
CALCE,CS2_37,356.0,0.9593844785553807,0.8721677077776188,1.1,0.8800000000000001
CALCE,CS2_37,357.0,0.9530268671338755,0.8663880610307959,1.1,0.8800000000000001
CALCE,CS2_37,358.0,0.9534266981566555,0.8667515437787776,1.1,0.8800000000000001
CALCE,CS2_37,359.0,0.9603785660551554,0.8730714236865048,1.1,0.8800000000000001
CALCE,CS2_37,360.0,0.9618305708185874,0.8743914280168975,1.1,0.8800000000000001
CALCE,CS2_37,361.0,0.9679126209362285,0.8799205644874805,1.1,0.8800000000000001
CALCE,CS2_37,362.0,0.9526110127493721,0.8660100115903382,1.1,0.8800000000000001
CALCE,CS2_37,363.0,0.9518804370218511,0.8653458518380464,1.1,0.8800000000000001
CALCE,CS2_37,364.0,0.9514106569129712,0.8649187790117919,1.1,0.8800000000000001
CALCE,CS2_37,365.0,0.9510598941214072,0.8645999037467338,1.1,0.8800000000000001
CALCE,CS2_37,366.0,0.9509370728954073,0.8644882480867339,1.1,0.8800000000000001
CALCE,CS2_37,367.0,0.9597424649169028,0.872493149924457,1.1,0.8800000000000001
CALCE,CS2_37,368.0,0.9604821031327374,0.8731655483024885,1.1,0.8800000000000001
CALCE,CS2_37,369.0,0.96001803265761,0.8727436660523726,1.1,0.8800000000000001
CALCE,CS2_37,370.0,0.9596073018123683,0.8723702743748802,1.1,0.8800000000000001
CALCE,CS2_37,371.0,0.9525688161257129,0.8659716510233753,1.1,0.8800000000000001
CALCE,CS2_37,372.0,0.9614485150080772,0.8740441045527974,1.1,0.8800000000000001
CALCE,CS2_37,373.0,0.9623106888797168,0.8748278989815607,1.1,0.8800000000000001
CALCE,CS2_37,374.0,0.9595115268143083,0.8722832061948257,1.1,0.8800000000000001
CALCE,CS2_37,375.0,0.9513634089636592,0.8648758263305992,1.1,0.8800000000000001
CALCE,CS2_37,376.0,0.9516184515560374,0.8651076832327612,1.1,0.8800000000000001
CALCE,CS2_37,377.0,0.9512247824254604,0.8647498022049639,1.1,0.8800000000000001
CALCE,CS2_37,378.0,0.9506831701976755,0.8642574274524322,1.1,0.8800000000000001
CALCE,CS2_37,379.0,0.9522152067162851,0.8656501879238955,1.1,0.8800000000000001
CALCE,CS2_37,380.0,0.959315919939206,0.8721053817629144,1.1,0.8800000000000001
CALCE,CS2_37,381.0,0.9595165521035905,0.8722877746396277,1.1,0.8800000000000001
CALCE,CS2_37,382.0,0.9596974563594903,0.872452233054082,1.1,0.8800000000000001
CALCE,CS2_37,383.0,0.959789307166731,0.8725357337879373,1.1,0.8800000000000001
CALCE,CS2_37,384.0,0.9600190617544613,0.8727446015949647,1.1,0.8800000000000001
CALCE,CS2_37,385.0,0.9604562682477911,0.8731420620434464,1.1,0.8800000000000001
CALCE,CS2_37,386.0,0.9608533682036406,0.8735030620033096,1.1,0.8800000000000001
CALCE,CS2_37,387.0,0.961047228170081,0.8736792983364372,1.1,0.8800000000000001
CALCE,CS2_37,388.0,0.961104367388228,0.8737312430802072,1.1,0.8800000000000001
CALCE,CS2_37,389.0,0.9612209934185761,0.8738372667441601,1.1,0.8800000000000001
CALCE,CS2_37,390.0,0.9613595426649069,0.8739632206044607,1.1,0.8800000000000001
CALCE,CS2_37,391.0,0.9613319976829944,0.873938179711813,1.1,0.8800000000000001
CALCE,CS2_37,392.0,0.9614248934798353,0.8740226304362139,1.1,0.8800000000000001
CALCE,CS2_37,393.0,0.9615481382905958,0.8741346711732688,1.1,0.8800000000000001
CALCE,CS2_37,394.0,0.9617520898674344,0.8743200816976676,1.1,0.8800000000000001
CALCE,CS2_37,395.0,0.9615670896855028,0.8741518997140934,1.1,0.8800000000000001
CALCE,CS2_37,396.0,0.9615669285549453,0.8741517532317684,1.1,0.8800000000000001
CALCE,CS2_37,397.0,0.9507356627598624,0.8643051479635112,1.1,0.8800000000000001
CALCE,CS2_37,398.0,0.9440437688322462,0.8582216080293146,1.1,0.8800000000000001
CALCE,CS2_37,399.0,0.9434275811883134,0.8576614374439212,1.1,0.8800000000000001
CALCE,CS2_37,400.0,0.9430109422875291,0.8572826748068446,1.1,0.8800000000000001
CALCE,CS2_37,401.0,0.9421536679987186,0.8565033345442895,1.1,0.8800000000000001
CALCE,CS2_37,402.0,0.9510094101029773,0.8645540091845247,1.1,0.8800000000000001
CALCE,CS2_37,403.0,0.952319639851694,0.8657451271379035,1.1,0.8800000000000001
CALCE,CS2_37,404.0,0.9520354492862972,0.8654867720784519,1.1,0.8800000000000001
CALCE,CS2_37,405.0,0.9419894864883679,0.8563540786257889,1.1,0.8800000000000001
CALCE,CS2_37,406.0,0.9424188616294678,0.8567444196631524,1.1,0.8800000000000001
CALCE,CS2_37,407.0,0.9421763937133755,0.8565239942848867,1.1,0.8800000000000001
CALCE,CS2_37,408.0,0.9417538786290702,0.8561398896627911,1.1,0.8800000000000001
CALCE,CS2_37,409.0,0.9352374773620448,0.8502158885109498,1.1,0.8800000000000001
CALCE,CS2_37,410.0,0.9502638125691212,0.8638761932446556,1.1,0.8800000000000001
CALCE,CS2_37,411.0,0.9511355102878172,0.8646686457161974,1.1,0.8800000000000001
CALCE,CS2_37,412.0,0.9426599433537594,0.8569635848670539,1.1,0.8800000000000001
CALCE,CS2_37,413.0,0.9352391352526783,0.8502173956842529,1.1,0.8800000000000001
CALCE,CS2_37,414.0,0.935252663031231,0.8502296936647554,1.1,0.8800000000000001
CALCE,CS2_37,415.0,0.9414000189526923,0.855818199047902,1.1,0.8800000000000001
CALCE,CS2_37,416.0,0.9411435483582533,0.8555850439620484,1.1,0.8800000000000001
CALCE,CS2_37,417.0,0.942526382794446,0.856842166176769,1.1,0.8800000000000001
CALCE,CS2_37,418.0,0.9499060286799945,0.8635509351636314,1.1,0.8800000000000001
CALCE,CS2_37,419.0,0.9436293364122434,0.8578448512838576,1.1,0.8800000000000001
CALCE,CS2_37,420.0,0.9430152804437439,0.8572866185852217,1.1,0.8800000000000001
CALCE,CS2_37,421.0,0.9429527186786769,0.8572297442533425,1.1,0.8800000000000001
CALCE,CS2_37,422.0,0.9415795161442361,0.8559813783129419,1.1,0.8800000000000001
CALCE,CS2_37,423.0,0.9352387887666066,0.850217080696915,1.1,0.8800000000000001
CALCE,CS2_37,424.0,0.935219970977315,0.8501999736157408,1.1,0.8800000000000001
CALCE,CS2_37,425.0,0.9352132089089653,0.8501938262808775,1.1,0.8800000000000001
CALCE,CS2_37,426.0,0.9350964644583721,0.8500876949621564,1.1,0.8800000000000001
CALCE,CS2_37,427.0,0.9341147752014097,0.8491952501830997,1.1,0.8800000000000001
CALCE,CS2_37,428.0,0.9418448339052269,0.8562225762774789,1.1,0.8800000000000001
CALCE,CS2_37,429.0,0.9431328448310682,0.857393495300971,1.1,0.8800000000000001
CALCE,CS2_37,430.0,0.9437195322148293,0.8579268474680266,1.1,0.8800000000000001
CALCE,CS2_37,431.0,0.9440145117860581,0.8581950107145982,1.1,0.8800000000000001
CALCE,CS2_37,432.0,0.9441555706067591,0.8583232460061446,1.1,0.8800000000000001
CALCE,CS2_37,433.0,0.9442320298827457,0.8583927544388597,1.1,0.8800000000000001
CALCE,CS2_37,434.0,0.9497803827048522,0.8634367115498656,1.1,0.8800000000000001
CALCE,CS2_37,435.0,0.935226369232669,0.8502057902115172,1.1,0.8800000000000001
CALCE,CS2_37,436.0,0.9351962971142945,0.8501784519220859,1.1,0.8800000000000001
CALCE,CS2_37,437.0,0.9433629522677166,0.8576026838797423,1.1,0.8800000000000001
CALCE,CS2_37,438.0,0.9496796479884639,0.8633451345349672,1.1,0.8800000000000001
CALCE,CS2_37,439.0,0.9432352282725832,0.8574865711568938,1.1,0.8800000000000001
CALCE,CS2_37,440.0,0.9410614445128942,0.855510404102631,1.1,0.8800000000000001
CALCE,CS2_37,441.0,0.9414721510408461,0.8558837736734964,1.1,0.8800000000000001
CALCE,CS2_37,442.0,0.9423057101474936,0.8566415546795396,1.1,0.8800000000000001
CALCE,CS2_37,443.0,0.9431169028064782,0.8573790025513437,1.1,0.8800000000000001
CALCE,CS2_37,444.0,0.9433407263407325,0.857582478491575,1.1,0.8800000000000001
CALCE,CS2_37,445.0,0.9504483533133102,0.8640439575575547,1.1,0.8800000000000001
CALCE,CS2_37,446.0,0.9507269882868443,0.8642972620789493,1.1,0.8800000000000001
CALCE,CS2_37,447.0,0.9430714701147987,0.8573377001043624,1.1,0.8800000000000001
CALCE,CS2_37,448.0,0.9416189523209619,0.8560172293826926,1.1,0.8800000000000001
CALCE,CS2_37,449.0,0.9420488375224537,0.8564080341113215,1.1,0.8800000000000001
CALCE,CS2_37,450.0,0.9420527179577304,0.8564115617797549,1.1,0.8800000000000001
CALCE,CS2_37,451.0,0.941671532547848,0.8560650295889526,1.1,0.8800000000000001
CALCE,CS2_37,452.0,0.943422842487148,0.8576571295337708,1.1,0.8800000000000001
CALCE,CS2_37,453.0,0.9496204186507332,0.8632912896824847,1.1,0.8800000000000001
CALCE,CS2_37,454.0,0.9497491070823694,0.8634082791657902,1.1,0.8800000000000001
CALCE,CS2_37,455.0,0.9351573418257408,0.8501430380234007,1.1,0.8800000000000001
CALCE,CS2_37,456.0,0.9351775943018936,0.8501614493653578,1.1,0.8800000000000001
CALCE,CS2_37,457.0,0.9351381110975475,0.850125555543225,1.1,0.8800000000000001
CALCE,CS2_37,458.0,0.9349365626026315,0.8499423296387558,1.1,0.8800000000000001
CALCE,CS2_37,459.0,0.9339282158477055,0.8490256507706413,1.1,0.8800000000000001
CALCE,CS2_37,460.0,0.9418971254339525,0.8562701140308658,1.1,0.8800000000000001
CALCE,CS2_37,461.0,0.9426256909080537,0.8569324462800487,1.1,0.8800000000000001
CALCE,CS2_37,462.0,0.9416154867442301,0.856014078858391,1.1,0.8800000000000001
CALCE,CS2_37,463.0,0.933477300990915,0.848615728173559,1.1,0.8800000000000001
CALCE,CS2_37,464.0,0.9338803406357761,0.8489821278507055,1.1,0.8800000000000001
CALCE,CS2_37,465.0,0.9336430068156116,0.8487663698323742,1.1,0.8800000000000001
CALCE,CS2_37,466.0,0.9347762055919182,0.8497965505381074,1.1,0.8800000000000001
CALCE,CS2_37,467.0,0.9338207754440364,0.8489279776763967,1.1,0.8800000000000001
CALCE,CS2_37,468.0,0.9416973670670843,0.8560885155155311,1.1,0.8800000000000001
CALCE,CS2_37,469.0,0.9420696302390784,0.8564269365809803,1.1,0.8800000000000001
CALCE,CS2_37,470.0,0.9421900723555867,0.8565364294141696,1.1,0.8800000000000001
CALCE,CS2_37,471.0,0.9423810784966824,0.8567100713606203,1.1,0.8800000000000001
CALCE,CS2_37,472.0,0.9424557669036031,0.8567779699123664,1.1,0.8800000000000001
CALCE,CS2_37,473.0,0.942709714800913,0.8570088316371935,1.1,0.8800000000000001
CALCE,CS2_37,474.0,0.9431499795126347,0.8574090722842133,1.1,0.8800000000000001
CALCE,CS2_37,475.0,0.9434274227475548,0.8576612934068679,1.1,0.8800000000000001
CALCE,CS2_37,476.0,0.9433939313135201,0.8576308466486546,1.1,0.8800000000000001
CALCE,CS2_37,477.0,0.943391267657708,0.8576284251433708,1.1,0.8800000000000001
CALCE,CS2_37,478.0,0.9433474824562802,0.8575886204148001,1.1,0.8800000000000001
CALCE,CS2_37,479.0,0.9432241503894048,0.8574765003540042,1.1,0.8800000000000001
CALCE,CS2_37,480.0,0.9430992046975581,0.8573629133614165,1.1,0.8800000000000001
CALCE,CS2_37,481.0,0.9432844145824894,0.8575312859840811,1.1,0.8800000000000001
CALCE,CS2_37,482.0,0.9432321502661685,0.8574837729692439,1.1,0.8800000000000001
CALCE,CS2_37,483.0,0.9430894870074664,0.8573540790976967,1.1,0.8800000000000001
CALCE,CS2_37,484.0,0.9429325343023097,0.8572113948202815,1.1,0.8800000000000001
CALCE,CS2_37,485.0,0.9414013703754607,0.855819427614055,1.1,0.8800000000000001
CALCE,CS2_37,486.0,0.9352024792528059,0.8501840720480053,1.1,0.8800000000000001
CALCE,CS2_37,487.0,0.9418969427695291,0.856269947972299,1.1,0.8800000000000001
CALCE,CS2_37,488.0,0.9429749797579519,0.857249981598138,1.1,0.8800000000000001
CALCE,CS2_37,489.0,0.9429708570616824,0.8572462336924385,1.1,0.8800000000000001
CALCE,CS2_37,490.0,0.9334558503301519,0.8485962275728652,1.1,0.8800000000000001
CALCE,CS2_37,491.0,0.9329469527848261,0.8481335934407509,1.1,0.8800000000000001
CALCE,CS2_37,492.0,0.9337656704643841,0.8488778822403491,1.1,0.8800000000000001
CALCE,CS2_37,493.0,0.9333784960142929,0.8485259054675389,1.1,0.8800000000000001
CALCE,CS2_37,494.0,0.9323784401075138,0.8476167637341034,1.1,0.8800000000000001
CALCE,CS2_37,495.0,0.940729116101533,0.85520828736503,1.1,0.8800000000000001
CALCE,CS2_37,496.0,0.940940394591739,0.8554003587197626,1.1,0.8800000000000001
CALCE,CS2_37,497.0,0.9407304660509016,0.8552095145917287,1.1,0.8800000000000001
CALCE,CS2_37,498.0,0.9260334993619294,0.841848635783572,1.1,0.8800000000000001
CALCE,CS2_37,499.0,0.9260155673528452,0.8418323339571319,1.1,0.8800000000000001
CALCE,CS2_37,500.0,0.9319312260637433,0.8472102055124939,1.1,0.8800000000000001
CALCE,CS2_37,501.0,0.9254115598250536,0.8412832362045941,1.1,0.8800000000000001
CALCE,CS2_37,502.0,0.9334029229945003,0.848548111813182,1.1,0.8800000000000001
CALCE,CS2_37,503.0,0.9340308755611517,0.8491189777828652,1.1,0.8800000000000001
CALCE,CS2_37,504.0,0.9335894549130265,0.8487176862845695,1.1,0.8800000000000001
CALCE,CS2_37,505.0,0.9243125728450103,0.8402841571318275,1.1,0.8800000000000001
CALCE,CS2_37,506.0,0.9236256676740854,0.8396596978855321,1.1,0.8800000000000001
CALCE,CS2_37,507.0,0.9239922291507827,0.8399929355916206,1.1,0.8800000000000001
CALCE,CS2_37,508.0,0.9232931554066973,0.8393574140060884,1.1,0.8800000000000001
CALCE,CS2_37,509.0,0.9317117303028655,0.8470106639116958,1.1,0.8800000000000001
CALCE,CS2_37,510.0,0.9321695701089044,0.8474268819171857,1.1,0.8800000000000001
CALCE,CS2_37,511.0,0.9319888314964879,0.8472625740877162,1.1,0.8800000000000001
CALCE,CS2_37,512.0,0.9167318990763873,0.8333926355239883,1.1,0.8800000000000001
CALCE,CS2_37,513.0,0.9168018384014355,0.8334562167285776,1.1,0.8800000000000001
CALCE,CS2_37,514.0,0.9168486432415067,0.8334987665831879,1.1,0.8800000000000001
CALCE,CS2_37,515.0,0.9168623248295331,0.8335112043904845,1.1,0.8800000000000001
CALCE,CS2_37,516.0,0.9159852804753934,0.8327138913412666,1.1,0.8800000000000001
CALCE,CS2_37,517.0,0.924504693943859,0.8404588126762355,1.1,0.8800000000000001
CALCE,CS2_37,518.0,0.9252512902251239,0.8411375365682944,1.1,0.8800000000000001
CALCE,CS2_37,519.0,0.9253541067673834,0.8412310061521666,1.1,0.8800000000000001
CALCE,CS2_37,520.0,0.9254952605540392,0.8413593277763992,1.1,0.8800000000000001
CALCE,CS2_37,521.0,0.9256838638023827,0.8415307852748932,1.1,0.8800000000000001
CALCE,CS2_37,522.0,0.9258706322805839,0.8417005748005307,1.1,0.8800000000000001
CALCE,CS2_37,523.0,0.9260059402735801,0.8418235820668909,1.1,0.8800000000000001
CALCE,CS2_37,524.0,0.9259636606476185,0.8417851460432895,1.1,0.8800000000000001
CALCE,CS2_37,525.0,0.9259840303850887,0.8418036639864442,1.1,0.8800000000000001
CALCE,CS2_37,526.0,0.9257248608857146,0.8415680553506496,1.1,0.8800000000000001
CALCE,CS2_37,527.0,0.9255659496167424,0.8414235905606748,1.1,0.8800000000000001
CALCE,CS2_37,528.0,0.9254914800280959,0.8413558909346326,1.1,0.8800000000000001
CALCE,CS2_37,529.0,0.9253618006807404,0.8412380006188548,1.1,0.8800000000000001
CALCE,CS2_37,530.0,0.9252472297026354,0.841133845184214,1.1,0.8800000000000001
CALCE,CS2_37,531.0,0.9252605129893844,0.8411459208994403,1.1,0.8800000000000001
CALCE,CS2_37,532.0,0.9252250078111115,0.8411136434646468,1.1,0.8800000000000001
CALCE,CS2_37,533.0,0.9237586819335583,0.8397806199395983,1.1,0.8800000000000001
CALCE,CS2_37,534.0,0.9168426714844622,0.8334933377131474,1.1,0.8800000000000001
CALCE,CS2_37,535.0,0.924577176103809,0.8405247055489171,1.1,0.8800000000000001
CALCE,CS2_37,536.0,0.9257451946231989,0.8415865405665444,1.1,0.8800000000000001
CALCE,CS2_37,537.0,0.9258904491167463,0.8417185901061329,1.1,0.8800000000000001
CALCE,CS2_37,538.0,0.9153826051628852,0.8321660046935319,1.1,0.8800000000000001
CALCE,CS2_37,539.0,0.9148337528008447,0.8316670480007679,1.1,0.8800000000000001
CALCE,CS2_37,540.0,0.9146116626692455,0.8314651478811322,1.1,0.8800000000000001
CALCE,CS2_37,541.0,0.9144898355473526,0.8313543959521387,1.1,0.8800000000000001
CALCE,CS2_37,542.0,0.9141322881326801,0.8310293528478909,1.1,0.8800000000000001
CALCE,CS2_37,543.0,0.9168049843449578,0.8334590766772343,1.1,0.8800000000000001
CALCE,CS2_37,544.0,0.9231415598419215,0.8392195998562921,1.1,0.8800000000000001
CALCE,CS2_37,545.0,0.9232780367427513,0.8393436697661375,1.1,0.8800000000000001
CALCE,CS2_37,546.0,0.9076007672319364,0.8250916065744875,1.1,0.8800000000000001
CALCE,CS2_37,547.0,0.9074424229061405,0.8249476571874004,1.1,0.8800000000000001
CALCE,CS2_37,548.0,0.9070922478995549,0.8246293162723226,1.1,0.8800000000000001
CALCE,CS2_37,549.0,0.9063822015326812,0.8239838195751646,1.1,0.8800000000000001
CALCE,CS2_37,550.0,0.9146616435783349,0.8315105850712134,1.1,0.8800000000000001
CALCE,CS2_37,551.0,0.9155080135444269,0.8322800123131153,1.1,0.8800000000000001
CALCE,CS2_37,552.0,0.9158732721990025,0.8326120656354568,1.1,0.8800000000000001
CALCE,CS2_37,553.0,0.9056112637587325,0.8232829670533931,1.1,0.8800000000000001
CALCE,CS2_37,554.0,0.905195550757569,0.8229050461432444,1.1,0.8800000000000001
CALCE,CS2_37,555.0,0.9056113628222946,0.8232830571111769,1.1,0.8800000000000001
CALCE,CS2_37,556.0,0.8971273111006093,0.8155702828187357,1.1,0.8800000000000001
CALCE,CS2_37,557.0,0.8884430929645314,0.8076755390586648,1.1,0.8800000000000001
CALCE,CS2_37,558.0,0.8984722777470093,0.8167929797700084,1.1,0.8800000000000001
CALCE,CS2_37,559.0,0.9060608577778732,0.8236916888889755,1.1,0.8800000000000001
CALCE,CS2_37,560.0,0.9067013867710367,0.8242739879736697,1.1,0.8800000000000001
CALCE,CS2_37,561.0,0.8879253967384987,0.8072049061259078,1.1,0.8800000000000001
CALCE,CS2_37,562.0,0.880209889160585,0.8001908083278044,1.1,0.8800000000000001
CALCE,CS2_37,563.0,0.8801822480384407,0.800165680034946,1.1,0.8800000000000001
CALCE,CS2_37,564.0,0.8710204596181277,0.7918367814710251,1.1,0.8800000000000001
CALCE,CS2_37,565.0,0.888849728602658,0.8080452078205981,1.1,0.8800000000000001
CALCE,CS2_37,566.0,0.8967532876691381,0.8152302615173982,1.1,0.8800000000000001
CALCE,CS2_37,567.0,0.8975204534891847,0.8159276849901679,1.1,0.8800000000000001
CALCE,CS2_37,568.0,0.8980894302234547,0.8164449365667769,1.1,0.8800000000000001
CALCE,CS2_37,569.0,0.8984785380496007,0.8167986709541823,1.1,0.8800000000000001
CALCE,CS2_37,570.0,0.8985138855043464,0.8168308050039512,1.1,0.8800000000000001
CALCE,CS2_37,571.0,0.9050190721345847,0.8227446110314405,1.1,0.8800000000000001
CALCE,CS2_37,572.0,0.905106476584157,0.8228240696219609,1.1,0.8800000000000001
CALCE,CS2_37,573.0,0.9051742034624627,0.8228856395113296,1.1,0.8800000000000001
CALCE,CS2_37,574.0,0.8985027514685998,0.8168206831532725,1.1,0.8800000000000001
CALCE,CS2_37,575.0,0.8984527915471935,0.8167752650429031,1.1,0.8800000000000001
CALCE,CS2_37,576.0,0.8982846335082874,0.816622394098443,1.1,0.8800000000000001
CALCE,CS2_37,577.0,0.8980834291533653,0.8164394810485138,1.1,0.8800000000000001
CALCE,CS2_37,578.0,0.8979249861764032,0.8162954419785482,1.1,0.8800000000000001
CALCE,CS2_37,579.0,0.8980021145985455,0.8163655587259504,1.1,0.8800000000000001
CALCE,CS2_37,580.0,0.8979643678288441,0.8163312434807674,1.1,0.8800000000000001
CALCE,CS2_37,581.0,0.8801801638577238,0.8001637853252034,1.1,0.8800000000000001
CALCE,CS2_37,582.0,0.8791860543525585,0.7992600494114167,1.1,0.8800000000000001
CALCE,CS2_37,583.0,0.88861843679895,0.8078349425445,1.1,0.8800000000000001
CALCE,CS2_37,584.0,0.8961540787448548,0.8146855261316861,1.1,0.8800000000000001
CALCE,CS2_37,585.0,0.8710386801932135,0.791853345630194,1.1,0.8800000000000001
CALCE,CS2_37,586.0,0.8708366628484023,0.7916696934985475,1.1,0.8800000000000001
CALCE,CS2_37,587.0,0.870452267302894,0.7913202430026309,1.1,0.8800000000000001
CALCE,CS2_37,588.0,0.869925104995171,0.7908410045410644,1.1,0.8800000000000001
CALCE,CS2_37,589.0,0.8618733894134425,0.7835212631031295,1.1,0.8800000000000001
CALCE,CS2_37,590.0,0.8782401451994765,0.798400131999524,1.1,0.8800000000000001
CALCE,CS2_37,591.0,0.8801224472140228,0.8001113156491115,1.1,0.8800000000000001
CALCE,CS2_37,592.0,0.88017356755711,0.8001577886882817,1.1,0.8800000000000001
CALCE,CS2_37,593.0,0.8618415035304341,0.7834922759367582,1.1,0.8800000000000001
CALCE,CS2_37,594.0,0.8610747160244911,0.782795196385901,1.1,0.8800000000000001
CALCE,CS2_37,595.0,0.860859298620565,0.7825993623823317,1.1,0.8800000000000001
CALCE,CS2_37,596.0,0.8711355403857203,0.7919414003506547,1.1,0.8800000000000001
CALCE,CS2_37,597.0,0.8700474080037734,0.7909521890943394,1.1,0.8800000000000001
CALCE,CS2_37,598.0,0.8619432625668652,0.7835847841516955,1.1,0.8800000000000001
CALCE,CS2_37,599.0,0.8619253812577778,0.7835685284161616,1.1,0.8800000000000001
CALCE,CS2_37,600.0,0.8781103052657206,0.7982820956961096,1.1,0.8800000000000001
CALCE,CS2_37,601.0,0.8790101127018815,0.7991001024562558,1.1,0.8800000000000001
CALCE,CS2_37,602.0,0.8707363802348984,0.7915785274862712,1.1,0.8800000000000001
CALCE,CS2_37,603.0,0.8609764835010344,0.7827058940918494,1.1,0.8800000000000001
CALCE,CS2_37,604.0,0.8608836734518764,0.7826215213198876,1.1,0.8800000000000001
CALCE,CS2_37,605.0,0.8526953616073107,0.7751776014611915,1.1,0.8800000000000001
CALCE,CS2_37,606.0,0.8527091996033197,0.7751901814575634,1.1,0.8800000000000001
CALCE,CS2_37,607.0,0.8520937236135099,0.7746306578304635,1.1,0.8800000000000001
CALCE,CS2_37,608.0,0.8618492745739857,0.7834993405218051,1.1,0.8800000000000001
CALCE,CS2_37,609.0,0.8693156865919273,0.790286987810843,1.1,0.8800000000000001
CALCE,CS2_37,610.0,0.861748804758937,0.7834080043263063,1.1,0.8800000000000001
CALCE,CS2_37,611.0,0.8516972382967575,0.7742702166334158,1.1,0.8800000000000001
CALCE,CS2_37,612.0,0.8515133109517596,0.7741030099561451,1.1,0.8800000000000001
CALCE,CS2_37,613.0,0.8435031414836885,0.766821037712444,1.1,0.8800000000000001
CALCE,CS2_37,614.0,0.8433389879450813,0.7666718072228011,1.1,0.8800000000000001
CALCE,CS2_37,615.0,0.8427388877965136,0.7661262616331942,1.1,0.8800000000000001
CALCE,CS2_37,616.0,0.8524973907093105,0.774997627917555,1.1,0.8800000000000001
CALCE,CS2_37,617.0,0.859963902385456,0.7817853658049599,1.1,0.8800000000000001
CALCE,CS2_37,618.0,0.852646566436574,0.7751332422150672,1.1,0.8800000000000001
CALCE,CS2_37,619.0,0.8425708380158474,0.7659734891053158,1.1,0.8800000000000001
CALCE,CS2_37,620.0,0.8429806393036341,0.7663460357305764,1.1,0.8800000000000001
CALCE,CS2_37,621.0,0.8430839811515481,0.7664399828650437,1.1,0.8800000000000001
CALCE,CS2_37,622.0,0.8429048057365272,0.7662770961241155,1.1,0.8800000000000001
CALCE,CS2_37,623.0,0.8343491904950242,0.7584992640863856,1.1,0.8800000000000001
CALCE,CS2_37,624.0,0.8514523916989594,0.7740476288172358,1.1,0.8800000000000001
CALCE,CS2_37,625.0,0.8522133832605403,0.7747394393277639,1.1,0.8800000000000001
CALCE,CS2_37,626.0,0.852624785964622,0.7751134417860199,1.1,0.8800000000000001
CALCE,CS2_37,627.0,0.8423557629690134,0.7657779663354667,1.1,0.8800000000000001
CALCE,CS2_37,628.0,0.834333679507709,0.7584851631888263,1.1,0.8800000000000001
CALCE,CS2_37,629.0,0.8343303133708426,0.7584821030644023,1.1,0.8800000000000001
CALCE,CS2_37,630.0,0.8343400858423159,0.758490987129378,1.1,0.8800000000000001
CALCE,CS2_37,631.0,0.83432343273645,0.7584758479422272,1.1,0.8800000000000001
CALCE,CS2_37,632.0,0.8431395155434481,0.7664904686758619,1.1,0.8800000000000001
CALCE,CS2_37,633.0,0.843484782266101,0.7668043475146372,1.1,0.8800000000000001
CALCE,CS2_37,634.0,0.8434868796855317,0.7668062542595743,1.1,0.8800000000000001
CALCE,CS2_37,635.0,0.8509049666473192,0.773549969679381,1.1,0.8800000000000001
CALCE,CS2_37,636.0,0.8508599003705876,0.7735090003368977,1.1,0.8800000000000001
CALCE,CS2_37,637.0,0.8434750269926423,0.7667954790842202,1.1,0.8800000000000001
CALCE,CS2_37,638.0,0.843481349895318,0.7668012271775617,1.1,0.8800000000000001
CALCE,CS2_37,639.0,0.8508575811961149,0.773506891996468,1.1,0.8800000000000001
CALCE,CS2_37,640.0,0.8509694623243119,0.7736086021130107,1.1,0.8800000000000001
CALCE,CS2_37,641.0,0.8509340910768955,0.7735764464335414,1.1,0.8800000000000001
CALCE,CS2_37,642.0,0.8508511765863476,0.7735010696239523,1.1,0.8800000000000001
CALCE,CS2_37,643.0,0.8507409598802986,0.7734008726184533,1.1,0.8800000000000001
CALCE,CS2_37,644.0,0.8434619335621558,0.7667835759655961,1.1,0.8800000000000001
CALCE,CS2_37,645.0,0.8434570972939753,0.7667791793581593,1.1,0.8800000000000001
CALCE,CS2_37,646.0,0.8435280953645159,0.7668437230586508,1.1,0.8800000000000001
CALCE,CS2_37,647.0,0.8423385431511464,0.7657623119555876,1.1,0.8800000000000001
CALCE,CS2_37,648.0,0.834361303496278,0.7585102759057072,1.1,0.8800000000000001
CALCE,CS2_37,649.0,0.8435065314255487,0.7668241194777714,1.1,0.8800000000000001
CALCE,CS2_37,650.0,0.8435157716075881,0.7668325196432618,1.1,0.8800000000000001
CALCE,CS2_37,651.0,0.834349633947694,0.7584996672251764,1.1,0.8800000000000001
CALCE,CS2_37,652.0,0.8251934251570489,0.7501758410518625,1.1,0.8800000000000001
CALCE,CS2_37,653.0,0.8251663327991579,0.750151211635598,1.1,0.8800000000000001
CALCE,CS2_37,654.0,0.825183968203542,0.7501672438214018,1.1,0.8800000000000001
CALCE,CS2_37,655.0,0.8246265711884732,0.7496605192622483,1.1,0.8800000000000001
CALCE,CS2_37,656.0,0.82432482447997,0.7493862040727,1.1,0.8800000000000001
CALCE,CS2_37,657.0,0.833414942232865,0.7576499474844227,1.1,0.8800000000000001
CALCE,CS2_37,658.0,0.83389015487593,0.7580819589781181,1.1,0.8800000000000001
CALCE,CS2_37,659.0,0.816063252396025,0.7418756839963863,1.1,0.8800000000000001
CALCE,CS2_37,660.0,0.8160629948675898,0.7418754498796271,1.1,0.8800000000000001
CALCE,CS2_37,661.0,0.8160245120029135,0.7418404654571941,1.1,0.8800000000000001
CALCE,CS2_37,662.0,0.8159798442485009,0.741799858407728,1.1,0.8800000000000001
CALCE,CS2_37,663.0,0.8156194665690009,0.7414722423354553,1.1,0.8800000000000001
CALCE,CS2_37,664.0,0.8160339957065077,0.741849087005916,1.1,0.8800000000000001
CALCE,CS2_37,665.0,0.8247313061592354,0.7497557328720321,1.1,0.8800000000000001
CALCE,CS2_37,666.0,0.825024866502793,0.75002260591163,1.1,0.8800000000000001
CALCE,CS2_37,667.0,0.8154904977994568,0.7413549979995061,1.1,0.8800000000000001
CALCE,CS2_37,668.0,0.8068719978598273,0.7335199980543884,1.1,0.8800000000000001
CALCE,CS2_37,669.0,0.8068675231787906,0.7335159301625369,1.1,0.8800000000000001
CALCE,CS2_37,670.0,0.8068465828591529,0.7334968935083207,1.1,0.8800000000000001
CALCE,CS2_37,671.0,0.8067754350514615,0.7334322136831468,1.1,0.8800000000000001
CALCE,CS2_37,672.0,0.7977041782045614,0.7251856165496012,1.1,0.8800000000000001
CALCE,CS2_37,673.0,0.8155057961280067,0.7413689055709151,1.1,0.8800000000000001
CALCE,CS2_37,674.0,0.8160184746372593,0.741834976942963,1.1,0.8800000000000001
CALCE,CS2_37,675.0,0.8160229025700124,0.7418390023363749,1.1,0.8800000000000001
CALCE,CS2_37,676.0,0.7977069995634017,0.7251881814212743,1.1,0.8800000000000001
CALCE,CS2_37,677.0,0.7977094660889407,0.7251904237172188,1.1,0.8800000000000001
CALCE,CS2_37,678.0,0.7977164896607732,0.725196808782521,1.1,0.8800000000000001
CALCE,CS2_37,679.0,0.797716225577679,0.7251965687069808,1.1,0.8800000000000001
CALCE,CS2_37,680.0,0.7977133281715766,0.7251939347014332,1.1,0.8800000000000001
CALCE,CS2_37,681.0,0.8065681732266299,0.7332437938423907,1.1,0.8800000000000001
CALCE,CS2_37,682.0,0.8068375016297405,0.7334886378452187,1.1,0.8800000000000001
CALCE,CS2_37,683.0,0.8068554077750455,0.7335049161591322,1.1,0.8800000000000001
CALCE,CS2_37,684.0,0.8068495046998267,0.7334995497271152,1.1,0.8800000000000001
CALCE,CS2_37,685.0,0.8145845468142303,0.7405314061947548,1.1,0.8800000000000001
CALCE,CS2_37,686.0,0.8146152547239918,0.7405593224763561,1.1,0.8800000000000001
CALCE,CS2_37,687.0,0.814702653793472,0.7406387761758836,1.1,0.8800000000000001
CALCE,CS2_37,688.0,0.8147262923208844,0.7406602657462585,1.1,0.8800000000000001
CALCE,CS2_37,689.0,0.8147768117597738,0.7407061925088853,1.1,0.8800000000000001
CALCE,CS2_37,690.0,0.8147361294241732,0.7406692085674301,1.1,0.8800000000000001
CALCE,CS2_37,691.0,0.814732755795882,0.7406661416326199,1.1,0.8800000000000001
CALCE,CS2_37,692.0,0.8147194940462512,0.740654085496592,1.1,0.8800000000000001
CALCE,CS2_37,693.0,0.8148844026845433,0.7408040024404938,1.1,0.8800000000000001
CALCE,CS2_37,694.0,0.8068580844516307,0.7335073495014823,1.1,0.8800000000000001
CALCE,CS2_37,695.0,0.7976764901993565,0.7251604456357785,1.1,0.8800000000000001
CALCE,CS2_37,696.0,0.7885220034136516,0.7168381849215014,1.1,0.8800000000000001
CALCE,CS2_37,697.0,0.8057413410659244,0.7324921282417495,1.1,0.8800000000000001
CALCE,CS2_37,698.0,0.806009295964697,0.7327357236042699,1.1,0.8800000000000001
CALCE,CS2_37,699.0,0.7976484593062071,0.7251349630056427,1.1,0.8800000000000001
CALCE,CS2_37,700.0,0.788240226783178,0.7165820243483435,1.1,0.8800000000000001
CALCE,CS2_37,701.0,0.788155300800862,0.7165048189098745,1.1,0.8800000000000001
CALCE,CS2_37,702.0,0.7793375518313552,0.7084886834830502,1.1,0.8800000000000001
CALCE,CS2_37,703.0,0.7793332024242176,0.7084847294765614,1.1,0.8800000000000001
CALCE,CS2_37,704.0,0.7793375960193243,0.7084887236539311,1.1,0.8800000000000001
CALCE,CS2_37,705.0,0.7884990391418383,0.716817308310762,1.1,0.8800000000000001
CALCE,CS2_37,706.0,0.7884721497975439,0.7167928634523125,1.1,0.8800000000000001
CALCE,CS2_37,707.0,0.7884888934501759,0.7168080849547053,1.1,0.8800000000000001
CALCE,CS2_37,708.0,0.7793360420472072,0.7084873109520065,1.1,0.8800000000000001
CALCE,CS2_37,709.0,0.7787559264041721,0.7079599330947018,1.1,0.8800000000000001
CALCE,CS2_37,710.0,0.7787111190915508,0.707919199174137,1.1,0.8800000000000001
CALCE,CS2_37,711.0,0.7787072056808348,0.7079156415280317,1.1,0.8800000000000001
CALCE,CS2_37,712.0,0.770160705079152,0.7001460955265018,1.1,0.8800000000000001
CALCE,CS2_37,713.0,0.7701640977663855,0.7001491797876231,1.1,0.8800000000000001
CALCE,CS2_37,714.0,0.7793069704051035,0.7084608821864578,1.1,0.8800000000000001
CALCE,CS2_37,715.0,0.7792857266263442,0.7084415696603129,1.1,0.8800000000000001
CALCE,CS2_37,716.0,0.7793164191000127,0.7084694719091024,1.1,0.8800000000000001
CALCE,CS2_37,717.0,0.7697710546328862,0.6997918678480783,1.1,0.8800000000000001
CALCE,CS2_37,718.0,0.7610105733432071,0.69182779394837,1.1,0.8800000000000001
CALCE,CS2_37,719.0,0.7610017469281309,0.6918197699346644,1.1,0.8800000000000001
CALCE,CS2_37,720.0,0.7610046760738088,0.6918224327943716,1.1,0.8800000000000001
CALCE,CS2_37,721.0,0.7609878737565198,0.6918071579604724,1.1,0.8800000000000001
CALCE,CS2_37,722.0,0.7695847713823447,0.6996225194384952,1.1,0.8800000000000001
CALCE,CS2_37,723.0,0.7780370449509022,0.7073064045008202,1.1,0.8800000000000001
CALCE,CS2_37,724.0,0.7782662906953303,0.7075148097230275,1.1,0.8800000000000001
CALCE,CS2_37,725.0,0.7699700969365985,0.6999728153969076,1.1,0.8800000000000001
CALCE,CS2_37,726.0,0.7609732442817807,0.6917938584379824,1.1,0.8800000000000001
CALCE,CS2_37,727.0,0.7609629659866679,0.6917845145333344,1.1,0.8800000000000001
CALCE,CS2_37,728.0,0.7691626630163511,0.6992387845603191,1.1,0.8800000000000001
CALCE,CS2_37,729.0,0.7609707770364739,0.6917916154877034,1.1,0.8800000000000001
CALCE,CS2_37,730.0,0.7609693728346718,0.6917903389406107,1.1,0.8800000000000001
CALCE,CS2_37,731.0,0.7701366365320023,0.7001242150290929,1.1,0.8800000000000001
CALCE,CS2_37,732.0,0.7701379532012492,0.7001254120011356,1.1,0.8800000000000001
CALCE,CS2_37,733.0,0.7777510591448854,0.7070464174044412,1.1,0.8800000000000001
CALCE,CS2_37,734.0,0.7778197425493741,0.7071088568630673,1.1,0.8800000000000001
CALCE,CS2_37,735.0,0.7778112427638101,0.7071011297852818,1.1,0.8800000000000001
CALCE,CS2_37,736.0,0.7776078731886689,0.7069162483533352,1.1,0.8800000000000001
CALCE,CS2_37,737.0,0.7777364004817187,0.7070330913470169,1.1,0.8800000000000001
CALCE,CS2_37,738.0,0.7777746712056858,0.7070678829142597,1.1,0.8800000000000001
CALCE,CS2_37,739.0,0.7777968355016346,0.7070880322742132,1.1,0.8800000000000001
CALCE,CS2_37,740.0,0.7776922390321205,0.7069929445746549,1.1,0.8800000000000001
CALCE,CS2_37,741.0,0.7777007024134592,0.7070006385576901,1.1,0.8800000000000001
CALCE,CS2_37,742.0,0.7777645681740761,0.7070586983400692,1.1,0.8800000000000001
CALCE,CS2_37,743.0,0.787773964476129,0.7161581495237536,1.1,0.8800000000000001
CALCE,CS2_37,744.0,0.7786042928043504,0.7078220843675912,1.1,0.8800000000000001
CALCE,CS2_37,745.0,0.7701391446200333,0.7001264951091212,1.1,0.8800000000000001
CALCE,CS2_37,746.0,0.778692024694692,0.7079018406315382,1.1,0.8800000000000001
CALCE,CS2_37,747.0,0.7783856566956286,0.7076233242687533,1.1,0.8800000000000001
CALCE,CS2_37,748.0,0.7780897942531835,0.7073543584119849,1.1,0.8800000000000001
CALCE,CS2_37,749.0,0.760971600501005,0.6917923640918227,1.1,0.8800000000000001
CALCE,CS2_37,750.0,0.7602768185348822,0.6911607441226201,1.1,0.8800000000000001
CALCE,CS2_37,751.0,0.7517985189623699,0.6834531990566999,1.1,0.8800000000000001
CALCE,CS2_37,752.0,0.7518261295684743,0.6834782996077038,1.1,0.8800000000000001
CALCE,CS2_37,753.0,0.7517965462148882,0.6834514056498984,1.1,0.8800000000000001
CALCE,CS2_37,754.0,0.7516480579953678,0.6833164163594252,1.1,0.8800000000000001
CALCE,CS2_37,755.0,0.7609650723422423,0.6917864294020384,1.1,0.8800000000000001
CALCE,CS2_37,756.0,0.7686288678445553,0.698753516222323,1.1,0.8800000000000001
CALCE,CS2_37,757.0,0.7686471799151533,0.6987701635592302,1.1,0.8800000000000001
CALCE,CS2_37,758.0,0.7518034198211759,0.6834576543828872,1.1,0.8800000000000001
CALCE,CS2_37,759.0,0.742695970701875,0.6751781551835226,1.1,0.8800000000000001
CALCE,CS2_37,760.0,0.742697017865321,0.6751791071502918,1.1,0.8800000000000001
CALCE,CS2_37,761.0,0.7426788827635972,0.6751626206941792,1.1,0.8800000000000001
CALCE,CS2_37,762.0,0.7426926411037136,0.6751751282761032,1.1,0.8800000000000001
CALCE,CS2_37,763.0,0.7426792936547897,0.675162994231627,1.1,0.8800000000000001
CALCE,CS2_37,764.0,0.7518303435666132,0.6834821305151029,1.1,0.8800000000000001
CALCE,CS2_37,765.0,0.7595307734105102,0.6904825212822819,1.1,0.8800000000000001
CALCE,CS2_37,766.0,0.7426915415739193,0.6751741287035629,1.1,0.8800000000000001
CALCE,CS2_37,767.0,0.7335077788991919,0.6668252535447199,1.1,0.8800000000000001
CALCE,CS2_37,768.0,0.7334926352729448,0.666811486611768,1.1,0.8800000000000001
CALCE,CS2_37,769.0,0.788212009324019,0.7165563721127445,1.1,0.8800000000000001
CALCE,CS2_37,770.0,0.7792217568550017,0.7083834153227287,1.1,0.8800000000000001
CALCE,CS2_37,771.0,0.7426954539708854,0.6751776854280777,1.1,0.8800000000000001
CALCE,CS2_37,772.0,0.7243595524425454,0.6585086840386776,1.1,0.8800000000000001
CALCE,CS2_37,773.0,0.7426521030980084,0.675138275543644,1.1,0.8800000000000001
CALCE,CS2_37,774.0,0.7426591444837441,0.6751446768034037,1.1,0.8800000000000001
CALCE,CS2_37,775.0,0.7426440259513354,0.6751309326830321,1.1,0.8800000000000001
CALCE,CS2_37,776.0,0.715203652451516,0.6501851385922872,1.1,0.8800000000000001
CALCE,CS2_37,777.0,0.7060244372372267,0.641840397488388,1.1,0.8800000000000001
CALCE,CS2_37,778.0,0.6968325298119129,0.6334841180108298,1.1,0.8800000000000001
CALCE,CS2_37,779.0,0.6876599409662539,0.6251454008784126,1.1,0.8800000000000001
CALCE,CS2_37,780.0,0.67852222237229,0.6168383839748091,1.1,0.8800000000000001
CALCE,CS2_37,781.0,0.6968153444629904,0.6334684949663549,1.1,0.8800000000000001
CALCE,CS2_37,782.0,0.6968075947580863,0.6334614497800783,1.1,0.8800000000000001
CALCE,CS2_37,783.0,0.6785087435155092,0.6168261304686447,1.1,0.8800000000000001
CALCE,CS2_37,784.0,0.66935260096626,0.6085023645147818,1.1,0.8800000000000001
CALCE,CS2_37,785.0,0.6693454132991119,0.6084958302719199,1.1,0.8800000000000001
CALCE,CS2_37,786.0,0.6601860023591025,0.6001690930537296,1.1,0.8800000000000001
CALCE,CS2_37,787.0,0.6601785073519815,0.6001622794108922,1.1,0.8800000000000001
CALCE,CS2_37,788.0,0.6510028772648012,0.5918207975134556,1.1,0.8800000000000001
CALCE,CS2_37,789.0,0.6601695863375638,0.6001541693977852,1.1,0.8800000000000001
CALCE,CS2_37,790.0,0.6784974209154092,0.6168158371958266,1.1,0.8800000000000001
CALCE,CS2_37,791.0,0.6873050089968968,0.6248227354517244,1.1,0.8800000000000001
CALCE,CS2_37,792.0,0.6510014050307434,0.5918194591188576,1.1,0.8800000000000001
CALCE,CS2_37,793.0,0.6418271603462382,0.5834792366783983,1.1,0.8800000000000001
CALCE,CS2_37,794.0,0.6418239752788724,0.5834763411626112,1.1,0.8800000000000001
CALCE,CS2_37,795.0,0.6418267095833403,0.5834788268939457,1.1,0.8800000000000001
CALCE,CS2_37,796.0,0.6418332742201411,0.5834847947455828,1.1,0.8800000000000001
CALCE,CS2_37,797.0,0.6326754908837782,0.575159537167071,1.1,0.8800000000000001
CALCE,CS2_37,798.0,0.6235120915740934,0.5668291741582666,1.1,0.8800000000000001
CALCE,CS2_37,799.0,0.6235000308373421,0.566818209852129,1.1,0.8800000000000001
CALCE,CS2_37,800.0,0.6234726990258533,0.5667933627507757,1.1,0.8800000000000001
CALCE,CS2_37,801.0,0.6234832577515464,0.5668029615923149,1.1,0.8800000000000001
CALCE,CS2_37,802.0,0.6143106098994054,0.5584641908176413,1.1,0.8800000000000001
CALCE,CS2_37,803.0,0.6143109390424624,0.5584644900386021,1.1,0.8800000000000001
CALCE,CS2_37,804.0,0.6234911285799998,0.5668101168909089,1.1,0.8800000000000001
CALCE,CS2_37,805.0,0.6234925948864642,0.5668114498967857,1.1,0.8800000000000001
CALCE,CS2_37,806.0,0.6326352273804865,0.5751229339822604,1.1,0.8800000000000001
CALCE,CS2_37,807.0,0.6326353988444847,0.5751230898586224,1.1,0.8800000000000001
CALCE,CS2_37,808.0,0.6234610434894136,0.5667827668085578,1.1,0.8800000000000001
CALCE,CS2_37,809.0,0.6234628325298989,0.5667843932089989,1.1,0.8800000000000001
CALCE,CS2_37,810.0,0.6234628389560644,0.5667843990509676,1.1,0.8800000000000001
CALCE,CS2_37,811.0,0.6326322144978266,0.5751201949980241,1.1,0.8800000000000001
CALCE,CS2_37,812.0,0.6326414821723447,0.575128620156677,1.1,0.8800000000000001
CALCE,CS2_37,813.0,0.6326881805438638,0.5751710732216943,1.1,0.8800000000000001
CALCE,CS2_37,814.0,0.6327033342255619,0.5751848492959654,1.1,0.8800000000000001
CALCE,CS2_37,815.0,0.6326973298732181,0.5751793907938346,1.1,0.8800000000000001
CALCE,CS2_37,816.0,0.660159818811223,0.6001452898283844,1.1,0.8800000000000001
CALCE,CS2_37,817.0,0.6417979070820522,0.5834526428018656,1.1,0.8800000000000001
CALCE,CS2_37,818.0,0.6418052270629558,0.5834592973299598,1.1,0.8800000000000001
CALCE,CS2_37,819.0,0.6326225470516136,0.5751114064105578,1.1,0.8800000000000001
CALCE,CS2_37,820.0,0.6326384715376263,0.5751258832160239,1.1,0.8800000000000001
CALCE,CS2_37,821.0,0.623462801301926,0.5667843648199327,1.1,0.8800000000000001
CALCE,CS2_37,822.0,0.6234824591367768,0.566802235578888,1.1,0.8800000000000001
CALCE,CS2_37,823.0,0.6234629008241187,0.5667844552946533,1.1,0.8800000000000001
CALCE,CS2_37,824.0,0.6326404047494243,0.5751276406812947,1.1,0.8800000000000001
CALCE,CS2_37,825.0,0.6234602693436312,0.5667820630396647,1.1,0.8800000000000001
CALCE,CS2_37,826.0,0.6234618893018634,0.5667835357289667,1.1,0.8800000000000001
CALCE,CS2_37,827.0,0.6234422843195085,0.566765713017735,1.1,0.8800000000000001
CALCE,CS2_37,828.0,0.61427629869262,0.5584329988114727,1.1,0.8800000000000001
CALCE,CS2_37,829.0,0.6142620340909993,0.5584200309918176,1.1,0.8800000000000001
CALCE,CS2_37,830.0,0.6142692956067187,0.5584266323697442,1.1,0.8800000000000001
CALCE,CS2_37,831.0,0.6051030360760193,0.5500936691600176,1.1,0.8800000000000001
CALCE,CS2_37,832.0,0.6051345970108618,0.5501223609189653,1.1,0.8800000000000001
CALCE,CS2_37,833.0,0.605134341602787,0.5501221287298064,1.1,0.8800000000000001
CALCE,CS2_37,834.0,0.6051457882894288,0.5501325348085716,1.1,0.8800000000000001
CALCE,CS2_37,835.0,0.6234064963446491,0.5667331784951355,1.1,0.8800000000000001
CALCE,CS2_37,836.0,0.6051363086964766,0.5501239169967969,1.1,0.8800000000000001
CALCE,CS2_37,837.0,0.6051263416308483,0.5501148560280439,1.1,0.8800000000000001
CALCE,CS2_37,838.0,0.5959741662036112,0.5417946965487375,1.1,0.8800000000000001
CALCE,CS2_37,839.0,0.5867963588134743,0.5334512352849765,1.1,0.8800000000000001
CALCE,CS2_37,840.0,0.5867978469420885,0.5334525881291713,1.1,0.8800000000000001
CALCE,CS2_37,841.0,0.586799275031245,0.5334538863920408,1.1,0.8800000000000001
CALCE,CS2_37,842.0,0.5776264884068614,0.525114989460783,1.1,0.8800000000000001
CALCE,CS2_37,843.0,0.5776266167666274,0.5251151061514794,1.1,0.8800000000000001
CALCE,CS2_37,844.0,0.5776237123192465,0.5251124657447694,1.1,0.8800000000000001
CALCE,CS2_37,845.0,0.5776298235750251,0.5251180214318409,1.1,0.8800000000000001
CALCE,CS2_37,846.0,0.5776252901015424,0.5251139000923112,1.1,0.8800000000000001
CALCE,CS2_37,847.0,0.5776190454937535,0.5251082231761396,1.1,0.8800000000000001
CALCE,CS2_37,848.0,0.5684693338265903,0.5167903034787183,1.1,0.8800000000000001
CALCE,CS2_37,849.0,0.568464566891431,0.5167859699013009,1.1,0.8800000000000001
CALCE,CS2_37,850.0,0.5592800435321883,0.5084364032110802,1.1,0.8800000000000001
CALCE,CS2_37,851.0,0.5593056020465628,0.508459638224148,1.1,0.8800000000000001
CALCE,CS2_37,852.0,0.5501327765354509,0.500120705941319,1.1,0.8800000000000001
CALCE,CS2_37,853.0,0.550123924352609,0.5001126585023719,1.1,0.8800000000000001
CALCE,CS2_37,854.0,0.5409695455574517,0.4917904959613197,1.1,0.8800000000000001
CALCE,CS2_37,855.0,0.5409453230619686,0.49176847551088054,1.1,0.8800000000000001
CALCE,CS2_37,856.0,0.5501267273796409,0.5001152067087644,1.1,0.8800000000000001
CALCE,CS2_37,857.0,0.540979970041176,0.49179997276470544,1.1,0.8800000000000001
CALCE,CS2_37,858.0,0.5409639375070172,0.491785397733652,1.1,0.8800000000000001
CALCE,CS2_37,859.0,0.5409695172832923,0.49179047025753847,1.1,0.8800000000000001
CALCE,CS2_37,860.0,0.5318074500734099,0.48346131824855443,1.1,0.8800000000000001
CALCE,CS2_37,861.0,0.5318134027419733,0.48346672976543026,1.1,0.8800000000000001
CALCE,CS2_37,862.0,0.5318538871407765,0.48350353376434224,1.1,0.8800000000000001
CALCE,CS2_37,863.0,0.5226858612176772,0.4751689647433429,1.1,0.8800000000000001
CALCE,CS2_37,864.0,0.5226935731857321,0.47517597562339275,1.1,0.8800000000000001
CALCE,CS2_37,865.0,0.5409645745498681,0.49178597686351644,1.1,0.8800000000000001
CALCE,CS2_37,866.0,0.5226166394369435,0.47510603585176675,1.1,0.8800000000000001
CALCE,CS2_37,867.0,0.5134472589599224,0.46677023541811125,1.1,0.8800000000000001
CALCE,CS2_37,868.0,0.5042729471453863,0.45842995195035113,1.1,0.8800000000000001
CALCE,CS2_37,869.0,0.5042807382424969,0.4584370347659062,1.1,0.8800000000000001
CALCE,CS2_37,870.0,0.5042852760884828,0.4584411600804389,1.1,0.8800000000000001
CALCE,CS2_37,871.0,0.4951016309226048,0.4500923917478225,1.1,0.8800000000000001
CALCE,CS2_37,872.0,0.4951004044964086,0.45009127681491684,1.1,0.8800000000000001
CALCE,CS2_37,873.0,0.4859338323799725,0.44175802943633863,1.1,0.8800000000000001
CALCE,CS2_37,874.0,0.49508988394285414,0.45008171267532193,1.1,0.8800000000000001
CALCE,CS2_37,875.0,0.4950915698678707,0.45008324533442784,1.1,0.8800000000000001
CALCE,CS2_37,876.0,0.4859386800990216,0.4417624364536559,1.1,0.8800000000000001
CALCE,CS2_37,877.0,0.48594017057528455,0.44176379143207684,1.1,0.8800000000000001
CALCE,CS2_37,878.0,0.4767617868978288,0.4334198062707534,1.1,0.8800000000000001
CALCE,CS2_37,879.0,0.4675988919084863,0.4250899017349875,1.1,0.8800000000000001
CALCE,CS2_37,880.0,0.4584569406311214,0.41677903693738305,1.1,0.8800000000000001
CALCE,CS2_37,881.0,0.44927827295396605,0.40843479359451457,1.1,0.8800000000000001
CALCE,CS2_37,882.0,0.4492525062351607,0.4084113693046915,1.1,0.8800000000000001
CALCE,CS2_37,883.0,0.44928443870064166,0.4084403988187651,1.1,0.8800000000000001
CALCE,CS2_37,884.0,0.4401027635864922,0.4000934214422656,1.1,0.8800000000000001
CALCE,CS2_37,885.0,0.4400967108683985,0.40008791897127133,1.1,0.8800000000000001
CALCE,CS2_37,886.0,0.44927467426679646,0.40843152206072403,1.1,0.8800000000000001
CALCE,CS2_37,887.0,0.44927096228761493,0.4084281475341954,1.1,0.8800000000000001
CALCE,CS2_37,888.0,0.44925581384971064,0.40841437622700966,1.1,0.8800000000000001
CALCE,CS2_37,889.0,0.44924675164769273,0.4084061378615388,1.1,0.8800000000000001
CALCE,CS2_37,890.0,0.44009830608567124,0.400089369168792,1.1,0.8800000000000001
CALCE,CS2_37,891.0,0.4309255883842786,0.39175053489479866,1.1,0.8800000000000001
CALCE,CS2_37,892.0,0.43093620678865024,0.391760187989682,1.1,0.8800000000000001
CALCE,CS2_37,893.0,0.4217499510665564,0.38340904642414214,1.1,0.8800000000000001
CALCE,CS2_37,894.0,0.4217726943832109,0.38342972216655535,1.1,0.8800000000000001
CALCE,CS2_37,895.0,0.42177547665471665,0.38343225150428784,1.1,0.8800000000000001
CALCE,CS2_37,896.0,0.4217666430648684,0.3834242209680621,1.1,0.8800000000000001
CALCE,CS2_37,897.0,0.42176662777402774,0.3834242070672979,1.1,0.8800000000000001
CALCE,CS2_37,898.0,0.4217908027942002,0.3834461843583638,1.1,0.8800000000000001
CALCE,CS2_37,899.0,0.4217831852803645,0.3834392593457859,1.1,0.8800000000000001
CALCE,CS2_37,900.0,0.42178018329628925,0.3834365302693538,1.1,0.8800000000000001
CALCE,CS2_37,901.0,0.4217772093479888,0.38343382667998976,1.1,0.8800000000000001
CALCE,CS2_37,902.0,0.4217772100461474,0.3834338273146794,1.1,0.8800000000000001
CALCE,CS2_37,903.0,0.4126136826826999,0.37510334789336347,1.1,0.8800000000000001
CALCE,CS2_37,904.0,0.41261365892811225,0.37510332629828386,1.1,0.8800000000000001
CALCE,CS2_37,905.0,0.41261313929409155,0.37510285390371956,1.1,0.8800000000000001
CALCE,CS2_37,906.0,0.40345540701844707,0.36677764274404273,1.1,0.8800000000000001
CALCE,CS2_37,907.0,0.40347113319208233,0.3667919392655294,1.1,0.8800000000000001
CALCE,CS2_37,908.0,0.40344712199475,0.36677011090431816,1.1,0.8800000000000001
CALCE,CS2_37,909.0,0.403502831477395,0.3668207558885409,1.1,0.8800000000000001
CALCE,CS2_37,910.0,0.39432662533289126,0.3584787503026284,1.1,0.8800000000000001
CALCE,CS2_37,911.0,0.39431966256955003,0.3584724205177727,1.1,0.8800000000000001
CALCE,CS2_37,912.0,0.39432732808909343,0.3584793891719031,1.1,0.8800000000000001
CALCE,CS2_37,913.0,0.4401238422062453,0.40011258382385934,1.1,0.8800000000000001
CALCE,CS2_37,914.0,0.42176034622000025,0.3834184965636366,1.1,0.8800000000000001
CALCE,CS2_37,915.0,0.41259701950073535,0.375088199546123,1.1,0.8800000000000001
CALCE,CS2_37,916.0,0.40342446935002313,0.3667495175909301,1.1,0.8800000000000001
CALCE,CS2_37,917.0,0.39423844811812775,0.3583985891982979,1.1,0.8800000000000001
CALCE,CS2_37,918.0,0.39427595519406405,0.3584326865400582,1.1,0.8800000000000001
CALCE,CS2_37,919.0,0.38509596545782454,0.350087241325295,1.1,0.8800000000000001
CALCE,CS2_37,920.0,0.3850989490022936,0.3500899536384487,1.1,0.8800000000000001
CALCE,CS2_37,921.0,0.3850988959558174,0.35008990541437945,1.1,0.8800000000000001
CALCE,CS2_37,922.0,0.37592787669570565,0.3417526151779142,1.1,0.8800000000000001
CALCE,CS2_37,923.0,0.37592006880457357,0.34174551709506684,1.1,0.8800000000000001
CALCE,CS2_37,924.0,0.375930866967552,0.34175533360686544,1.1,0.8800000000000001
CALCE,CS2_37,925.0,0.37591427346723566,0.34174024860657787,1.1,0.8800000000000001
CALCE,CS2_37,926.0,0.3759324464601041,0.34175676950918554,1.1,0.8800000000000001
CALCE,CS2_37,927.0,0.37593240908179326,0.34175673552890296,1.1,0.8800000000000001
CALCE,CS2_37,928.0,0.3667583380482845,0.3334166709529859,1.1,0.8800000000000001
CALCE,CS2_37,929.0,0.37593996330048496,0.34176360300044084,1.1,0.8800000000000001
CALCE,CS2_37,930.0,0.37591887888983644,0.34174443535439675,1.1,0.8800000000000001
CALCE,CS2_37,931.0,0.35757507810235595,0.3250682528203236,1.1,0.8800000000000001
CALCE,CS2_37,932.0,0.35759021562291243,0.32508201420264765,1.1,0.8800000000000001
CALCE,CS2_37,933.0,0.34842067894248663,0.3167460717658969,1.1,0.8800000000000001
CALCE,CS2_37,934.0,0.3575782092820334,0.32507109934730305,1.1,0.8800000000000001
CALCE,CS2_37,935.0,0.35759332250086584,0.32508483863715076,1.1,0.8800000000000001
CALCE,CS2_37,936.0,0.3575764879641774,0.3250695345128885,1.1,0.8800000000000001
CALCE,CS2_37,937.0,0.35758728616893093,0.32507935106266445,1.1,0.8800000000000001
CALCE,CS2_37,938.0,0.35758276874027395,0.32507524430933993,1.1,0.8800000000000001
CALCE,CS2_37,939.0,0.3575857320929502,0.3250779382663183,1.1,0.8800000000000001
CALCE,CS2_37,940.0,0.36675072376485035,0.33340974887713665,1.1,0.8800000000000001
CALCE,CS2_37,941.0,0.3667431223369668,0.3334028384881516,1.1,0.8800000000000001
CALCE,CS2_37,942.0,0.3575692213454335,0.3250629284958486,1.1,0.8800000000000001
CALCE,CS2_37,943.0,0.3484148072134434,0.3167407338304031,1.1,0.8800000000000001
CALCE,CS2_37,944.0,0.348411735435092,0.31673794130462907,1.1,0.8800000000000001
CALCE,CS2_37,945.0,0.3484102473021482,0.3167365884564983,1.1,0.8800000000000001
CALCE,CS2_37,946.0,0.33923530406301317,0.30839573096637557,1.1,0.8800000000000001
CALCE,CS2_37,947.0,0.3392421759079216,0.30840197809811054,1.1,0.8800000000000001
CALCE,CS2_37,948.0,0.33009818451497724,0.30008925864997926,1.1,0.8800000000000001
CALCE,CS2_37,949.0,0.3208966998152485,0.29172427255931677,1.1,0.8800000000000001
CALCE,CS2_37,950.0,0.32091053340011255,0.2917368485455568,1.1,0.8800000000000001
CALCE,CS2_37,951.0,0.3209149922425589,0.2917409020386899,1.1,0.8800000000000001
CALCE,CS2_37,952.0,0.32090449142450034,0.29173135584045484,1.1,0.8800000000000001
CALCE,CS2_37,953.0,0.320910302072754,0.29173663824795815,1.1,0.8800000000000001
CALCE,CS2_37,954.0,0.3209059313560048,0.29173266486909527,1.1,0.8800000000000001
CALCE,CS2_37,955.0,0.31173793259899446,0.2833981205445404,1.1,0.8800000000000001
CALCE,CS2_37,956.0,0.21089531531210992,0.1917230139200999,1.1,0.8800000000000001
CALCE,CS2_37,957.0,0.31174546881923343,0.28340497165384854,1.1,0.8800000000000001
CALCE,CS2_37,958.0,0.31176632005913907,0.28342392732649,1.1,0.8800000000000001
CALCE,CS2_37,959.0,0.3025960263888492,0.2750872967171356,1.1,0.8800000000000001
CALCE,CS2_37,960.0,0.26592182835225153,0.241747116683865,1.1,0.8800000000000001
CALCE,CS2_37,961.0,0.23839354068046947,0.2167214006186086,1.1,0.8800000000000001
CALCE,CS2_37,962.0,0.23840715141479574,0.21673377401345065,1.1,0.8800000000000001
CALCE,CS2_37,963.0,0.2292330545547838,0.20839368595889435,1.1,0.8800000000000001
CALCE,CS2_37,964.0,0.22923916364418379,0.2083992396765307,1.1,0.8800000000000001
CALCE,CS2_37,965.0,0.22005271048746644,0.20004791862496948,1.1,0.8800000000000001
CALCE,CS2_37,966.0,0.22005714893165196,0.20005195357422903,1.1,0.8800000000000001
CALCE,CS2_37,967.0,0.21089612817279121,0.19172375288435564,1.1,0.8800000000000001
CALCE,CS2_37,968.0,0.21089845881962496,0.1917258716542045,1.1,0.8800000000000001
CALCE,CS2_37,969.0,0.2017348408020058,0.18339530982000526,1.1,0.8800000000000001
CALCE,CS2_37,970.0,0.20171834472868644,0.18338031338971492,1.1,0.8800000000000001
CALCE,CS2_37,971.0,0.20172127919543092,0.18338298108675538,1.1,0.8800000000000001
CALCE,CS2_37,972.0,0.2017084666070867,0.1833713332791697,1.1,0.8800000000000001
CALCE,CS2_38,1.0,1.1269639224083812,1.024512656734892,1.1,0.8800000000000001
CALCE,CS2_38,2.0,1.1266423673534605,1.0242203339576912,1.1,0.8800000000000001
CALCE,CS2_38,3.0,1.1260185527087898,1.0236532297352634,1.1,0.8800000000000001
CALCE,CS2_38,4.0,1.1243545902001695,1.0221405365456084,1.1,0.8800000000000001
CALCE,CS2_38,5.0,1.1234087067005933,1.0212806424550849,1.1,0.8800000000000001
CALCE,CS2_38,6.0,1.115180092816477,1.0138000843786155,1.1,0.8800000000000001
CALCE,CS2_38,7.0,1.100052687941082,1.0000478981282561,1.1,0.8800000000000001
CALCE,CS2_38,8.0,1.098242347981245,0.9984021345284045,1.1,0.8800000000000001
CALCE,CS2_38,9.0,1.0966422128897266,0.9969474662633878,1.1,0.8800000000000001
CALCE,CS2_38,10.0,1.08975310223443,0.9906846383949363,1.1,0.8800000000000001
CALCE,CS2_38,11.0,1.0979544675033721,0.9981404250030654,1.1,0.8800000000000001
CALCE,CS2_38,12.0,1.0991567115608851,0.9992333741462591,1.1,0.8800000000000001
CALCE,CS2_38,13.0,1.1031436292730643,1.0028578447936947,1.1,0.8800000000000001
CALCE,CS2_38,14.0,1.1028658054722367,1.0026052777020333,1.1,0.8800000000000001
CALCE,CS2_38,15.0,1.0988006635689032,0.9989096941535482,1.1,0.8800000000000001
CALCE,CS2_38,16.0,1.0986060109607774,0.9987327372370702,1.1,0.8800000000000001
CALCE,CS2_38,17.0,1.098172780811427,0.9983388916467517,1.1,0.8800000000000001
CALCE,CS2_38,18.0,1.0978666825936942,0.998060620539722,1.1,0.8800000000000001
CALCE,CS2_38,19.0,1.0973708976492913,0.9976099069539011,1.1,0.8800000000000001
CALCE,CS2_38,20.0,1.09691628692272,0.9971966244752,1.1,0.8800000000000001
CALCE,CS2_38,21.0,1.0965183915789969,0.9968349014354516,1.1,0.8800000000000001
CALCE,CS2_38,22.0,1.096165026768173,0.996513660698339,1.1,0.8800000000000001
CALCE,CS2_38,23.0,1.095845957864241,0.9962235980584008,1.1,0.8800000000000001
CALCE,CS2_38,24.0,1.0955221391242471,0.9959292173856791,1.1,0.8800000000000001
CALCE,CS2_38,25.0,1.0950995552219207,0.995545050201746,1.1,0.8800000000000001
CALCE,CS2_38,26.0,1.0947547221663,0.9952315656057272,1.1,0.8800000000000001
CALCE,CS2_38,27.0,1.0786648567107073,0.9806044151915521,1.1,0.8800000000000001
CALCE,CS2_38,28.0,1.0714319070035057,0.9740290063668232,1.1,0.8800000000000001
CALCE,CS2_38,29.0,1.0698302667370543,0.9725729697609583,1.1,0.8800000000000001
CALCE,CS2_38,30.0,1.0686247035705598,0.9714770032459634,1.1,0.8800000000000001
CALCE,CS2_38,31.0,1.0673164664600707,0.9702876967818824,1.1,0.8800000000000001
CALCE,CS2_38,32.0,1.077831762607149,0.9798470569155899,1.1,0.8800000000000001
CALCE,CS2_38,33.0,1.0789995229017195,0.9809086571833813,1.1,0.8800000000000001
CALCE,CS2_38,34.0,1.0676620830966856,0.9706018937242596,1.1,0.8800000000000001
CALCE,CS2_38,35.0,1.0600508718417678,0.9636826107652434,1.1,0.8800000000000001
CALCE,CS2_38,36.0,1.059969398576011,0.96360854416001,1.1,0.8800000000000001
CALCE,CS2_38,37.0,1.0592215927072286,0.962928720642935,1.1,0.8800000000000001
CALCE,CS2_38,38.0,1.0589340100998772,0.9626672819089792,1.1,0.8800000000000001
CALCE,CS2_38,39.0,1.06896977617528,0.9717907056138909,1.1,0.8800000000000001
CALCE,CS2_38,40.0,1.0701096219429687,0.9728269290390623,1.1,0.8800000000000001
CALCE,CS2_38,41.0,1.058865050235124,0.9626045911228399,1.1,0.8800000000000001
CALCE,CS2_38,42.0,1.052498293070255,0.9568166300638682,1.1,0.8800000000000001
CALCE,CS2_38,43.0,1.0523217446554995,0.9566561315049995,1.1,0.8800000000000001
CALCE,CS2_38,44.0,1.0523710173691447,0.9567009248810406,1.1,0.8800000000000001
CALCE,CS2_38,45.0,1.0506023642407885,0.9550930584007167,1.1,0.8800000000000001
CALCE,CS2_38,46.0,1.0609424841653832,0.9644931674230756,1.1,0.8800000000000001
CALCE,CS2_38,47.0,1.0661825778054341,0.969256888914031,1.1,0.8800000000000001
CALCE,CS2_38,48.0,1.0522889437986547,0.9566263125442315,1.1,0.8800000000000001
CALCE,CS2_38,49.0,1.0504990526028102,0.9549991387298273,1.1,0.8800000000000001
CALCE,CS2_38,50.0,1.049905803633351,0.9544598214848645,1.1,0.8800000000000001
CALCE,CS2_38,51.0,1.0497819511825657,0.9543472283477868,1.1,0.8800000000000001
CALCE,CS2_38,52.0,1.0497599119156593,0.9543271926505993,1.1,0.8800000000000001
CALCE,CS2_38,53.0,1.0902939110747052,0.9911762827951864,1.1,0.8800000000000001
CALCE,CS2_38,54.0,1.0908911533815202,0.9917192303468365,1.1,0.8800000000000001
CALCE,CS2_38,55.0,1.0962904248382146,0.9966276589438313,1.1,0.8800000000000001
CALCE,CS2_38,56.0,1.0968847688793222,0.9971679717084746,1.1,0.8800000000000001
CALCE,CS2_38,57.0,1.0878293529286465,0.9889357753896785,1.1,0.8800000000000001
CALCE,CS2_38,58.0,1.0807362439818944,0.9824874945289949,1.1,0.8800000000000001
CALCE,CS2_38,59.0,1.0805099107076006,0.9822817370069096,1.1,0.8800000000000001
CALCE,CS2_38,60.0,1.078512263829186,0.980465694390169,1.1,0.8800000000000001
CALCE,CS2_38,61.0,1.078537709322427,0.9804888266567519,1.1,0.8800000000000001
CALCE,CS2_38,62.0,1.0781053066077537,0.9800957332797761,1.1,0.8800000000000001
CALCE,CS2_38,63.0,1.0709796387194535,0.9736178533813212,1.1,0.8800000000000001
CALCE,CS2_38,64.0,1.0633453924262257,0.966677629478387,1.1,0.8800000000000001
CALCE,CS2_38,65.0,1.062939994228154,0.9663090856619582,1.1,0.8800000000000001
CALCE,CS2_38,66.0,1.0609872858387364,0.964533896217033,1.1,0.8800000000000001
CALCE,CS2_38,67.0,1.052339335011166,0.9566721227374236,1.1,0.8800000000000001
CALCE,CS2_38,68.0,1.0604151938680992,0.9640138126073629,1.1,0.8800000000000001
CALCE,CS2_38,69.0,1.0593285921042053,0.9630259928220047,1.1,0.8800000000000001
CALCE,CS2_38,70.0,1.0514236496859988,0.955839681532726,1.1,0.8800000000000001
CALCE,CS2_38,71.0,1.0513113452630227,0.9557375866027479,1.1,0.8800000000000001
CALCE,CS2_38,72.0,1.0510668509751264,0.9555153190682967,1.1,0.8800000000000001
CALCE,CS2_38,73.0,1.0446965399430175,0.9497241272209249,1.1,0.8800000000000001
CALCE,CS2_38,74.0,1.0521032836569533,0.9564575305972302,1.1,0.8800000000000001
CALCE,CS2_38,75.0,1.0521291543667268,0.956481049424297,1.1,0.8800000000000001
CALCE,CS2_38,76.0,1.0515294204557981,0.9559358367779982,1.1,0.8800000000000001
CALCE,CS2_38,77.0,1.0510602131897633,0.9555092847179666,1.1,0.8800000000000001
CALCE,CS2_38,78.0,1.0505914697711651,0.9550831543374227,1.1,0.8800000000000001
CALCE,CS2_38,79.0,1.0506695617985216,0.9551541470895649,1.1,0.8800000000000001
CALCE,CS2_38,80.0,1.0502208455265467,0.9547462232059515,1.1,0.8800000000000001
CALCE,CS2_38,81.0,1.0449334944049598,0.9499395403681451,1.1,0.8800000000000001
CALCE,CS2_38,82.0,1.0446810545156464,0.9497100495596785,1.1,0.8800000000000001
CALCE,CS2_38,83.0,1.0442416166280586,0.9493105605709623,1.1,0.8800000000000001
CALCE,CS2_38,84.0,1.0436840983635811,0.9488037257850737,1.1,0.8800000000000001
CALCE,CS2_38,85.0,1.0432215238031748,0.9483832034574315,1.1,0.8800000000000001
CALCE,CS2_38,86.0,0.8866047086593583,0.8060042805994165,1.1,0.8800000000000001
CALCE,CS2_38,87.0,1.0429302761723394,0.9481184328839448,1.1,0.8800000000000001
CALCE,CS2_38,88.0,1.0421032446189264,0.9473665860172058,1.1,0.8800000000000001
CALCE,CS2_38,89.0,1.0416267678633784,0.9469334253303439,1.1,0.8800000000000001
CALCE,CS2_38,90.0,1.0412821668473649,0.9466201516794225,1.1,0.8800000000000001
CALCE,CS2_38,91.0,1.0259243858614675,0.932658532601334,1.1,0.8800000000000001
CALCE,CS2_38,92.0,1.0252117770002442,0.9320107063638583,1.1,0.8800000000000001
CALCE,CS2_38,93.0,1.0245988854950596,0.9314535322682359,1.1,0.8800000000000001
CALCE,CS2_38,94.0,1.0410332030989748,0.946393820999068,1.1,0.8800000000000001
CALCE,CS2_38,95.0,1.0349103319584005,0.9408275745076368,1.1,0.8800000000000001
CALCE,CS2_38,96.0,1.0354994103127855,0.9413631002843503,1.1,0.8800000000000001
CALCE,CS2_38,97.0,1.0445391199961294,0.9495810181782993,1.1,0.8800000000000001
CALCE,CS2_38,98.0,1.0449149809408107,0.9499227099461914,1.1,0.8800000000000001
CALCE,CS2_38,99.0,1.0409027419608827,0.9462752199644388,1.1,0.8800000000000001
CALCE,CS2_38,100.0,1.0349290101471202,0.9408445546792001,1.1,0.8800000000000001
CALCE,CS2_38,101.0,1.034353803303257,0.9403216393665973,1.1,0.8800000000000001
CALCE,CS2_38,102.0,1.033638253030655,0.9396711391187771,1.1,0.8800000000000001
CALCE,CS2_38,103.0,1.0324899626128972,0.9386272387389973,1.1,0.8800000000000001
CALCE,CS2_38,104.0,1.0415504022157251,0.9468640020142955,1.1,0.8800000000000001
CALCE,CS2_38,105.0,1.0419327991609166,0.9472116356008332,1.1,0.8800000000000001
CALCE,CS2_38,106.0,1.0329449492721001,0.9390408629746364,1.1,0.8800000000000001
CALCE,CS2_38,107.0,1.0266290759510772,0.9332991599555247,1.1,0.8800000000000001
CALCE,CS2_38,108.0,1.0251737708734954,0.9319761553395411,1.1,0.8800000000000001
CALCE,CS2_38,109.0,1.0252674513356244,0.9320613193960221,1.1,0.8800000000000001
CALCE,CS2_38,110.0,1.0233651545384388,0.9303319586713079,1.1,0.8800000000000001
CALCE,CS2_38,111.0,1.0337417866623901,0.9397652606021728,1.1,0.8800000000000001
CALCE,CS2_38,112.0,1.034170796145161,0.9401552692228735,1.1,0.8800000000000001
CALCE,CS2_38,113.0,1.0248938515114976,0.9317216831922704,1.1,0.8800000000000001
CALCE,CS2_38,114.0,1.023218346620978,0.9301984969281618,1.1,0.8800000000000001
CALCE,CS2_38,115.0,1.0230265840016934,0.9300241672742667,1.1,0.8800000000000001
CALCE,CS2_38,116.0,1.0174586167088935,0.9249623788262668,1.1,0.8800000000000001
CALCE,CS2_38,117.0,1.0081743865758397,0.9165221696143997,1.1,0.8800000000000001
CALCE,CS2_38,118.0,0.8767511882337011,0.7970465347579101,1.1,0.8800000000000001
CALCE,CS2_38,119.0,1.0250399962658978,0.931854542059907,1.1,0.8800000000000001
CALCE,CS2_38,120.0,1.0266075207471017,0.9332795643155469,1.1,0.8800000000000001
CALCE,CS2_38,121.0,1.0326935060946547,0.9388122782678678,1.1,0.8800000000000001
CALCE,CS2_38,122.0,1.0332813357290616,0.9393466688446014,1.1,0.8800000000000001
CALCE,CS2_38,123.0,1.0339791525811366,0.9399810478010332,1.1,0.8800000000000001
CALCE,CS2_38,124.0,1.034412695257573,0.9403751775068844,1.1,0.8800000000000001
CALCE,CS2_38,125.0,1.0348896370248186,0.9408087609316532,1.1,0.8800000000000001
CALCE,CS2_38,126.0,1.0350481303046615,0.9409528457315104,1.1,0.8800000000000001
CALCE,CS2_38,127.0,1.0353162604747885,0.9411966004316259,1.1,0.8800000000000001
CALCE,CS2_38,128.0,1.0356594367402205,0.9415085788547458,1.1,0.8800000000000001
CALCE,CS2_38,129.0,1.035751982474257,0.9415927113402335,1.1,0.8800000000000001
CALCE,CS2_38,130.0,1.0357849607849232,0.9416226916226574,1.1,0.8800000000000001
CALCE,CS2_38,131.0,1.0357670482221648,0.9416064074746952,1.1,0.8800000000000001
CALCE,CS2_38,132.0,1.0357745955954967,0.9416132687231787,1.1,0.8800000000000001
CALCE,CS2_38,133.0,1.0357969572247445,0.9416335974770403,1.1,0.8800000000000001
CALCE,CS2_38,134.0,1.0357972637866777,0.941633876169707,1.1,0.8800000000000001
CALCE,CS2_38,135.0,1.0174710108746805,0.9249736462497095,1.1,0.8800000000000001
CALCE,CS2_38,136.0,1.0174721228912453,0.9249746571738593,1.1,0.8800000000000001
CALCE,CS2_38,137.0,1.0168454063367807,0.9244049148516187,1.1,0.8800000000000001
CALCE,CS2_38,138.0,1.006940559204491,0.9154005083677191,1.1,0.8800000000000001
CALCE,CS2_38,139.0,1.0228508734879447,0.929864430443586,1.1,0.8800000000000001
CALCE,CS2_38,140.0,1.0266173825032379,0.933288529548398,1.1,0.8800000000000001
CALCE,CS2_38,141.0,1.031374137420783,0.9376128522007118,1.1,0.8800000000000001
CALCE,CS2_38,142.0,1.0145221085666132,0.9222928259696482,1.1,0.8800000000000001
CALCE,CS2_38,143.0,1.0161211766648015,0.9237465242407286,1.1,0.8800000000000001
CALCE,CS2_38,144.0,1.0079117594604166,0.9162834176912877,1.1,0.8800000000000001
CALCE,CS2_38,145.0,1.0138437853416578,0.9216761684924161,1.1,0.8800000000000001
CALCE,CS2_38,146.0,1.0216741515797492,0.9287946832543174,1.1,0.8800000000000001
CALCE,CS2_38,147.0,1.0219922694428973,0.9290838813117248,1.1,0.8800000000000001
CALCE,CS2_38,148.0,1.0057045384339454,0.9142768531217684,1.1,0.8800000000000001
CALCE,CS2_38,149.0,1.0050107633738328,0.913646148521666,1.1,0.8800000000000001
CALCE,CS2_38,150.0,1.0060066768770102,0.9145515244336455,1.1,0.8800000000000001
CALCE,CS2_38,151.0,1.0042972171868354,0.9129974701698503,1.1,0.8800000000000001
CALCE,CS2_38,152.0,0.9985255390514003,0.9077504900467275,1.1,0.8800000000000001
CALCE,CS2_38,153.0,1.0138234645193414,0.921657695017583,1.1,0.8800000000000001
CALCE,CS2_38,154.0,1.014601638429304,0.9223651258448217,1.1,0.8800000000000001
CALCE,CS2_38,155.0,1.004429867061584,0.9131180609650764,1.1,0.8800000000000001
CALCE,CS2_38,156.0,0.9981709328489788,0.9074281207717989,1.1,0.8800000000000001
CALCE,CS2_38,157.0,1.0040551399416802,0.9127773999469819,1.1,0.8800000000000001
CALCE,CS2_38,158.0,0.9986121387717836,0.9078292170652578,1.1,0.8800000000000001
CALCE,CS2_38,159.0,0.9956723524505554,0.9051566840459594,1.1,0.8800000000000001
CALCE,CS2_38,160.0,1.0060240798624165,0.9145673453294695,1.1,0.8800000000000001
CALCE,CS2_38,161.0,1.012361672509723,0.9203287931906573,1.1,0.8800000000000001
CALCE,CS2_38,162.0,1.0065101500991285,0.915009227362844,1.1,0.8800000000000001
CALCE,CS2_38,163.0,0.9954381568355624,0.9049437789414203,1.1,0.8800000000000001
CALCE,CS2_38,164.0,0.9955200045866478,0.9050181859878615,1.1,0.8800000000000001
CALCE,CS2_38,165.0,0.9955826966215146,0.9050751787468313,1.1,0.8800000000000001
CALCE,CS2_38,166.0,0.9953719128593941,0.9048835571449036,1.1,0.8800000000000001
CALCE,CS2_38,167.0,0.997080620582528,0.9064369278022981,1.1,0.8800000000000001
CALCE,CS2_38,168.0,1.0056317560458792,0.9142106873144356,1.1,0.8800000000000001
CALCE,CS2_38,169.0,1.0064532003118745,0.9149574548289767,1.1,0.8800000000000001
CALCE,CS2_38,170.0,1.0109818905745376,0.9190744459768523,1.1,0.8800000000000001
CALCE,CS2_38,171.0,1.0113324950604892,0.9193931773277173,1.1,0.8800000000000001
CALCE,CS2_38,172.0,1.011620689826079,0.9196551725691625,1.1,0.8800000000000001
CALCE,CS2_38,173.0,1.012260352184136,0.9202366838037599,1.1,0.8800000000000001
CALCE,CS2_38,174.0,1.0125100969385816,0.9204637244896196,1.1,0.8800000000000001
CALCE,CS2_38,175.0,1.0125291818745485,0.9204810744314077,1.1,0.8800000000000001
CALCE,CS2_38,176.0,1.0125707174461365,0.9205188340419421,1.1,0.8800000000000001
CALCE,CS2_38,177.0,1.012572017997104,0.9205200163610037,1.1,0.8800000000000001
CALCE,CS2_38,178.0,1.012621355148003,0.9205648683163663,1.1,0.8800000000000001
CALCE,CS2_38,179.0,1.012733027489308,0.9206663886266436,1.1,0.8800000000000001
CALCE,CS2_38,180.0,1.0130598060130789,0.9209634600118898,1.1,0.8800000000000001
CALCE,CS2_38,181.0,1.0132878401542575,0.9211707637765977,1.1,0.8800000000000001
CALCE,CS2_38,182.0,1.0140811555354927,0.9218919595777206,1.1,0.8800000000000001
CALCE,CS2_38,183.0,1.0142849089223471,0.9220771899294065,1.1,0.8800000000000001
CALCE,CS2_38,184.0,0.9977193643949199,0.9070176039953817,1.1,0.8800000000000001
CALCE,CS2_38,185.0,0.9967641068997689,0.9061491880906989,1.1,0.8800000000000001
CALCE,CS2_38,186.0,0.9965400901783503,0.9059455365257729,1.1,0.8800000000000001
CALCE,CS2_38,187.0,0.9963916228744862,0.9058105662495328,1.1,0.8800000000000001
CALCE,CS2_38,188.0,0.9949491045511574,0.9044991859555975,1.1,0.8800000000000001
CALCE,CS2_38,189.0,1.0050743943151623,0.9137039948319656,1.1,0.8800000000000001
CALCE,CS2_38,190.0,1.0060465487180112,0.9145877715618284,1.1,0.8800000000000001
CALCE,CS2_38,191.0,0.9968211628425319,0.9062010571295743,1.1,0.8800000000000001
CALCE,CS2_38,192.0,0.989877210171092,0.8998883728828109,1.1,0.8800000000000001
CALCE,CS2_38,193.0,0.9974297566286452,0.9067543242078592,1.1,0.8800000000000001
CALCE,CS2_38,194.0,1.011737233575852,0.9197611214325927,1.1,0.8800000000000001
CALCE,CS2_38,195.0,1.0128235141471293,0.9207486492246629,1.1,0.8800000000000001
CALCE,CS2_38,196.0,1.0042173791258164,0.9129248901143785,1.1,0.8800000000000001
CALCE,CS2_38,197.0,0.9967258588919607,0.9061144171745097,1.1,0.8800000000000001
CALCE,CS2_38,198.0,0.997567014951492,0.9068791045013563,1.1,0.8800000000000001
CALCE,CS2_38,199.0,0.9980146846152893,0.9072860769229902,1.1,0.8800000000000001
CALCE,CS2_38,200.0,0.9969127319509368,0.9062843017735788,1.1,0.8800000000000001
CALCE,CS2_38,201.0,1.004644140623229,0.9133128551120262,1.1,0.8800000000000001
CALCE,CS2_38,202.0,1.0070645630644797,0.9155132391495269,1.1,0.8800000000000001
CALCE,CS2_38,203.0,1.0123380118225818,0.9203072834750743,1.1,0.8800000000000001
CALCE,CS2_38,204.0,0.9965961902364782,0.9059965365786165,1.1,0.8800000000000001
CALCE,CS2_38,205.0,0.9967526965402355,0.9061388150365777,1.1,0.8800000000000001
CALCE,CS2_38,206.0,0.9963782092844581,0.90579837207678,1.1,0.8800000000000001
CALCE,CS2_38,207.0,0.9960696803600334,0.9055178912363939,1.1,0.8800000000000001
CALCE,CS2_38,208.0,1.00622603603067,0.9147509418460636,1.1,0.8800000000000001
CALCE,CS2_38,209.0,1.0120578228348496,0.9200525662134995,1.1,0.8800000000000001
CALCE,CS2_38,210.0,1.0040390500687122,0.9127627727897383,1.1,0.8800000000000001
CALCE,CS2_38,211.0,0.9962835685844532,0.9057123350767756,1.1,0.8800000000000001
CALCE,CS2_38,212.0,0.9982746019841034,0.907522365440094,1.1,0.8800000000000001
CALCE,CS2_38,213.0,1.006283651129077,0.9148033192082516,1.1,0.8800000000000001
CALCE,CS2_38,214.0,1.0125375416016782,0.9204886741833438,1.1,0.8800000000000001
CALCE,CS2_38,215.0,1.0126466741904432,0.9205878856276756,1.1,0.8800000000000001
CALCE,CS2_38,216.0,1.0128270801984283,0.9207518910894802,1.1,0.8800000000000001
CALCE,CS2_38,217.0,1.0131011949207431,0.9210010862915846,1.1,0.8800000000000001
CALCE,CS2_38,218.0,1.0132819311784236,0.921165391980385,1.1,0.8800000000000001
CALCE,CS2_38,219.0,1.013548064733222,0.9214073315756564,1.1,0.8800000000000001
CALCE,CS2_38,220.0,1.0142186635606694,0.9220169668733357,1.1,0.8800000000000001
CALCE,CS2_38,221.0,1.0140569472451326,0.9218699520410296,1.1,0.8800000000000001
CALCE,CS2_38,222.0,1.0140725211187933,0.9218841101079939,1.1,0.8800000000000001
CALCE,CS2_38,223.0,1.0141209325322789,0.9219281204838898,1.1,0.8800000000000001
CALCE,CS2_38,224.0,1.0142585931830381,0.9220532665300346,1.1,0.8800000000000001
CALCE,CS2_38,225.0,1.0143721576301694,0.9221565069365176,1.1,0.8800000000000001
CALCE,CS2_38,226.0,1.0145206369092394,0.9222914880993085,1.1,0.8800000000000001
CALCE,CS2_38,227.0,1.0145247449125527,0.9222952226477752,1.1,0.8800000000000001
CALCE,CS2_38,228.0,1.0145396009499523,0.9223087281363203,1.1,0.8800000000000001
CALCE,CS2_38,229.0,1.0145878826925583,0.9223526206295983,1.1,0.8800000000000001
CALCE,CS2_38,230.0,1.0145527889237103,0.9223207172033729,1.1,0.8800000000000001
CALCE,CS2_38,231.0,0.9989362548651666,0.9081238680592423,1.1,0.8800000000000001
CALCE,CS2_38,232.0,1.0040531845734344,0.9127756223394857,1.1,0.8800000000000001
CALCE,CS2_38,233.0,0.9986488676575053,0.9078626069613683,1.1,0.8800000000000001
CALCE,CS2_38,234.0,0.9966367576806231,0.9060334160732937,1.1,0.8800000000000001
CALCE,CS2_38,235.0,0.9955703174613127,0.9050639249648297,1.1,0.8800000000000001
CALCE,CS2_38,236.0,1.0055641471752594,0.9141492247047812,1.1,0.8800000000000001
CALCE,CS2_38,237.0,1.0067357447672642,0.9152143134247857,1.1,0.8800000000000001
CALCE,CS2_38,238.0,0.9986317611705837,0.9078470556096215,1.1,0.8800000000000001
CALCE,CS2_38,239.0,0.995569787179431,0.9050634428903918,1.1,0.8800000000000001
CALCE,CS2_38,240.0,0.9974755937805839,0.9067959943459853,1.1,0.8800000000000001
CALCE,CS2_38,241.0,0.9974234374345132,0.906748579485921,1.1,0.8800000000000001
CALCE,CS2_38,242.0,0.9898276539506687,0.8998433217733351,1.1,0.8800000000000001
CALCE,CS2_38,243.0,1.0046749908512553,0.9133409007738684,1.1,0.8800000000000001
CALCE,CS2_38,244.0,1.0055336877928915,0.914121534357174,1.1,0.8800000000000001
CALCE,CS2_38,245.0,0.9974817300153093,0.9068015727411902,1.1,0.8800000000000001
CALCE,CS2_38,246.0,0.9894950278243368,0.8995409343857607,1.1,0.8800000000000001
CALCE,CS2_38,247.0,0.995307809113743,0.9048252810124935,1.1,0.8800000000000001
CALCE,CS2_38,248.0,0.9888455747492578,0.8989505224993253,1.1,0.8800000000000001
CALCE,CS2_38,249.0,0.989374185560856,0.8994310777825962,1.1,0.8800000000000001
CALCE,CS2_38,250.0,0.9959280253051317,0.905389113913756,1.1,0.8800000000000001
CALCE,CS2_38,251.0,0.9982088103699891,0.9074625548818082,1.1,0.8800000000000001
CALCE,CS2_38,252.0,1.0036013019109824,0.9123648199190748,1.1,0.8800000000000001
CALCE,CS2_38,253.0,0.9883048053418623,0.8984589139471475,1.1,0.8800000000000001
CALCE,CS2_38,254.0,0.9880546659558777,0.8982315145053432,1.1,0.8800000000000001
CALCE,CS2_38,255.0,0.9890634460980448,0.8991485873618588,1.1,0.8800000000000001
CALCE,CS2_38,256.0,0.9877302848667432,0.89793662260613,1.1,0.8800000000000001
CALCE,CS2_38,257.0,0.9878218315287388,0.8980198468443079,1.1,0.8800000000000001
CALCE,CS2_38,258.0,0.9974942644422387,0.9068129676747624,1.1,0.8800000000000001
CALCE,CS2_38,259.0,1.0030533567853586,0.9118666879866896,1.1,0.8800000000000001
CALCE,CS2_38,260.0,0.9887482333924585,0.8988620303567805,1.1,0.8800000000000001
CALCE,CS2_38,261.0,0.9873353082280265,0.8975775529345695,1.1,0.8800000000000001
CALCE,CS2_38,262.0,0.987175515109623,0.8974322864632935,1.1,0.8800000000000001
CALCE,CS2_38,263.0,0.9873452075697827,0.897586552336166,1.1,0.8800000000000001
CALCE,CS2_38,264.0,0.9965152103852902,0.905922918532082,1.1,0.8800000000000001
CALCE,CS2_38,265.0,0.9885218797375718,0.8986562543068833,1.1,0.8800000000000001
CALCE,CS2_38,266.0,0.9981172981558282,0.9073793619598437,1.1,0.8800000000000001
CALCE,CS2_38,267.0,0.9983701481851686,0.9076092256228805,1.1,0.8800000000000001
CALCE,CS2_38,268.0,0.9876671550447403,0.8978792318588548,1.1,0.8800000000000001
CALCE,CS2_38,269.0,0.9875379288646476,0.897761753513316,1.1,0.8800000000000001
CALCE,CS2_38,270.0,0.9866542771105292,0.8969584337368447,1.1,0.8800000000000001
CALCE,CS2_38,271.0,0.9873639195020762,0.8976035631837056,1.1,0.8800000000000001
CALCE,CS2_38,272.0,0.9868708391276055,0.8971553082978232,1.1,0.8800000000000001
CALCE,CS2_38,273.0,0.9867501225612176,0.8970455659647433,1.1,0.8800000000000001
CALCE,CS2_38,274.0,0.9958429347025588,0.905311758820508,1.1,0.8800000000000001
CALCE,CS2_38,275.0,0.9970342593150039,0.906394781195458,1.1,0.8800000000000001
CALCE,CS2_38,276.0,0.9898657836300043,0.8998779851181857,1.1,0.8800000000000001
CALCE,CS2_38,277.0,0.9806893918141953,0.8915358107401775,1.1,0.8800000000000001
CALCE,CS2_38,278.0,0.9867744422377017,0.8970676747615469,1.1,0.8800000000000001
CALCE,CS2_38,279.0,0.9804769483644946,0.8913426803313587,1.1,0.8800000000000001
CALCE,CS2_38,280.0,0.9805215512076524,0.891383228370593,1.1,0.8800000000000001
CALCE,CS2_38,281.0,0.9866775296805018,0.8969795724368198,1.1,0.8800000000000001
CALCE,CS2_38,282.0,0.9888137642781997,0.8989216038892723,1.1,0.8800000000000001
CALCE,CS2_38,283.0,0.9894429807309655,0.8994936188463322,1.1,0.8800000000000001
CALCE,CS2_38,284.0,0.9792010686104462,0.8901827896458601,1.1,0.8800000000000001
CALCE,CS2_38,285.0,0.9786260538489071,0.8896600489535519,1.1,0.8800000000000001
CALCE,CS2_38,286.0,0.978571779914861,0.8896107090135099,1.1,0.8800000000000001
CALCE,CS2_38,287.0,0.9780814874845871,0.8891649886223518,1.1,0.8800000000000001
CALCE,CS2_38,288.0,0.9716787628691901,0.8833443298810818,1.1,0.8800000000000001
CALCE,CS2_38,289.0,0.9863229438370841,0.8966572216700763,1.1,0.8800000000000001
CALCE,CS2_38,290.0,0.9869723747591884,0.897247613417444,1.1,0.8800000000000001
CALCE,CS2_38,291.0,0.9872707520358497,0.897518865487136,1.1,0.8800000000000001
CALCE,CS2_38,292.0,0.9875204951909491,0.8977459047190446,1.1,0.8800000000000001
CALCE,CS2_38,293.0,0.9878472324477574,0.8980429385888703,1.1,0.8800000000000001
CALCE,CS2_38,294.0,0.9883366194640866,0.8984878358764423,1.1,0.8800000000000001
CALCE,CS2_38,295.0,0.9888311932641813,0.898937448421983,1.1,0.8800000000000001
CALCE,CS2_38,296.0,0.9888267979242092,0.898933452658372,1.1,0.8800000000000001
CALCE,CS2_38,297.0,0.9890045790293018,0.8990950718448197,1.1,0.8800000000000001
CALCE,CS2_38,298.0,0.9888954053093136,0.8989958230084669,1.1,0.8800000000000001
CALCE,CS2_38,299.0,0.9886581496438696,0.8987801360398814,1.1,0.8800000000000001
CALCE,CS2_38,300.0,0.9890464126807939,0.8991331024370852,1.1,0.8800000000000001
CALCE,CS2_38,301.0,0.9890654999254916,0.8991504544777196,1.1,0.8800000000000001
CALCE,CS2_38,302.0,0.9891434156118801,0.899221286919891,1.1,0.8800000000000001
CALCE,CS2_38,303.0,0.9941817522481623,0.9038015929528748,1.1,0.8800000000000001
CALCE,CS2_38,304.0,0.9944385305665587,0.9040350277877806,1.1,0.8800000000000001
CALCE,CS2_38,305.0,0.9944952130625723,0.9040865573296111,1.1,0.8800000000000001
CALCE,CS2_38,306.0,0.9790469535107628,0.8900426850097842,1.1,0.8800000000000001
CALCE,CS2_38,307.0,0.9778208007721987,0.8889280007019987,1.1,0.8800000000000001
CALCE,CS2_38,308.0,0.9789484738929934,0.8899531580845395,1.1,0.8800000000000001
CALCE,CS2_38,309.0,0.9858891647422622,0.8962628770384201,1.1,0.8800000000000001
CALCE,CS2_38,310.0,0.9861278985876036,0.8964799078069123,1.1,0.8800000000000001
CALCE,CS2_38,311.0,0.969499134052592,0.88136284913872,1.1,0.8800000000000001
CALCE,CS2_38,312.0,0.9696883190388548,0.8815348354898679,1.1,0.8800000000000001
CALCE,CS2_38,313.0,0.9693331847340316,0.8812119861218468,1.1,0.8800000000000001
CALCE,CS2_38,314.0,0.9692315013426918,0.8811195466751742,1.1,0.8800000000000001
CALCE,CS2_38,315.0,0.9622808689629303,0.8748007899663002,1.1,0.8800000000000001
CALCE,CS2_38,316.0,0.9778396728996904,0.8889451571815367,1.1,0.8800000000000001
CALCE,CS2_38,317.0,0.979857652396431,0.8907796839967553,1.1,0.8800000000000001
CALCE,CS2_38,318.0,0.9788656048214656,0.8898778225649686,1.1,0.8800000000000001
CALCE,CS2_38,319.0,0.9866519091416699,0.8969562810378816,1.1,0.8800000000000001
CALCE,CS2_38,320.0,0.9877945028958113,0.8979950026325556,1.1,0.8800000000000001
CALCE,CS2_38,321.0,0.988070594015847,0.8982459945598608,1.1,0.8800000000000001
CALCE,CS2_38,322.0,0.9717298654798199,0.8833907867998362,1.1,0.8800000000000001
CALCE,CS2_38,323.0,0.9716903740892718,0.8833548855357016,1.1,0.8800000000000001
CALCE,CS2_38,324.0,0.9715097059751162,0.8831906417955602,1.1,0.8800000000000001
CALCE,CS2_38,325.0,0.9709305118081497,0.8826641016437724,1.1,0.8800000000000001
CALCE,CS2_38,326.0,0.9695422866864392,0.8814020788058538,1.1,0.8800000000000001
CALCE,CS2_38,327.0,0.9789686815783402,0.8899715287075819,1.1,0.8800000000000001
CALCE,CS2_38,328.0,0.9794416651379115,0.8904015137617377,1.1,0.8800000000000001
CALCE,CS2_38,329.0,0.9796804094210441,0.8906185540191309,1.1,0.8800000000000001
CALCE,CS2_38,330.0,0.9797674670431088,0.8906976973119171,1.1,0.8800000000000001
CALCE,CS2_38,331.0,0.9802498030914741,0.8911361846286128,1.1,0.8800000000000001
CALCE,CS2_38,332.0,0.9858300546943459,0.8962091406312235,1.1,0.8800000000000001
CALCE,CS2_38,333.0,0.9860013698157154,0.8963648816506503,1.1,0.8800000000000001
CALCE,CS2_38,334.0,0.9804300820483862,0.8913000745894419,1.1,0.8800000000000001
CALCE,CS2_38,335.0,0.9803126569276952,0.8911933244797229,1.1,0.8800000000000001
CALCE,CS2_38,336.0,0.9801527373685011,0.8910479430622736,1.1,0.8800000000000001
CALCE,CS2_38,337.0,0.9799486130086137,0.890862375462376,1.1,0.8800000000000001
CALCE,CS2_38,338.0,0.9798632906885478,0.8907848097168616,1.1,0.8800000000000001
CALCE,CS2_38,339.0,0.9798295313495656,0.890754119408696,1.1,0.8800000000000001
CALCE,CS2_38,340.0,0.9799224335850346,0.890838575986395,1.1,0.8800000000000001
CALCE,CS2_38,341.0,0.9799022941408033,0.8908202674007302,1.1,0.8800000000000001
CALCE,CS2_38,342.0,0.979857940228647,0.8907799456624064,1.1,0.8800000000000001
CALCE,CS2_38,343.0,0.9797063268146529,0.890642115286048,1.1,0.8800000000000001
CALCE,CS2_38,344.0,0.9695429435351232,0.881402675941021,1.1,0.8800000000000001
CALCE,CS2_38,345.0,0.9617667517429602,0.8743334106754184,1.1,0.8800000000000001
CALCE,CS2_38,346.0,0.9617166248138811,0.8742878407398919,1.1,0.8800000000000001
CALCE,CS2_38,347.0,0.9608103172024504,0.8734639247295003,1.1,0.8800000000000001
CALCE,CS2_38,348.0,0.9599386280250277,0.8726714800227524,1.1,0.8800000000000001
CALCE,CS2_38,349.0,0.9689046994254279,0.8808224540231162,1.1,0.8800000000000001
CALCE,CS2_38,350.0,0.9703133218092954,0.8821030198266321,1.1,0.8800000000000001
CALCE,CS2_38,351.0,0.97089655479244,0.8826332316294908,1.1,0.8800000000000001
CALCE,CS2_38,352.0,0.9599710699951128,0.8727009727228298,1.1,0.8800000000000001
CALCE,CS2_38,353.0,0.9533440657296997,0.866676423390636,1.1,0.8800000000000001
CALCE,CS2_38,354.0,0.953335669530835,0.8666687904825773,1.1,0.8800000000000001
CALCE,CS2_38,355.0,0.953353290067046,0.86668480915186,1.1,0.8800000000000001
CALCE,CS2_38,356.0,0.9530309671440623,0.8663917883127839,1.1,0.8800000000000001
CALCE,CS2_38,357.0,0.9680238293898649,0.8800216630816953,1.1,0.8800000000000001
CALCE,CS2_38,358.0,0.9685603841755903,0.8805094401596275,1.1,0.8800000000000001
CALCE,CS2_38,359.0,0.9597309731444811,0.8724827028586191,1.1,0.8800000000000001
CALCE,CS2_38,360.0,0.9520701822979017,0.865518347543547,1.1,0.8800000000000001
CALCE,CS2_38,361.0,0.9527382887283978,0.8661257170258161,1.1,0.8800000000000001
CALCE,CS2_38,362.0,0.9511025185381863,0.8646386532165329,1.1,0.8800000000000001
CALCE,CS2_38,363.0,0.9515000779608976,0.8650000708735432,1.1,0.8800000000000001
CALCE,CS2_38,364.0,0.9593549265262382,0.8721408422965802,1.1,0.8800000000000001
CALCE,CS2_38,365.0,0.960974965198913,0.8736136047262845,1.1,0.8800000000000001
CALCE,CS2_38,366.0,0.9617178350456375,0.8742889409505794,1.1,0.8800000000000001
CALCE,CS2_38,367.0,0.9598943469971878,0.8726312245428979,1.1,0.8800000000000001
CALCE,CS2_38,368.0,0.9534013732462903,0.866728521132991,1.1,0.8800000000000001
CALCE,CS2_38,369.0,0.9613202888748019,0.873927535340729,1.1,0.8800000000000001
CALCE,CS2_38,370.0,0.9680349989101935,0.8800318171910849,1.1,0.8800000000000001
CALCE,CS2_38,371.0,0.9607244599239628,0.8733858726581479,1.1,0.8800000000000001
CALCE,CS2_38,372.0,0.9511914314656399,0.8647194831505817,1.1,0.8800000000000001
CALCE,CS2_38,373.0,0.9513906770184439,0.8649006154713126,1.1,0.8800000000000001
CALCE,CS2_38,374.0,0.9511311087585532,0.8646646443259574,1.1,0.8800000000000001
CALCE,CS2_38,375.0,0.9507271291708858,0.8642973901553506,1.1,0.8800000000000001
CALCE,CS2_38,376.0,0.9511393250253706,0.8646721136594278,1.1,0.8800000000000001
CALCE,CS2_38,377.0,0.9596494487883528,0.8724085898075934,1.1,0.8800000000000001
CALCE,CS2_38,378.0,0.9598673543902436,0.8726066858093123,1.1,0.8800000000000001
CALCE,CS2_38,379.0,0.9601202098257856,0.8728365543870777,1.1,0.8800000000000001
CALCE,CS2_38,380.0,0.9603045072106686,0.8730040974642441,1.1,0.8800000000000001
CALCE,CS2_38,381.0,0.9612145010981988,0.8738313646347261,1.1,0.8800000000000001
CALCE,CS2_38,382.0,0.9616091382657582,0.8741901256961437,1.1,0.8800000000000001
CALCE,CS2_38,383.0,0.9617431501725219,0.8743119547022925,1.1,0.8800000000000001
CALCE,CS2_38,384.0,0.9619001989815167,0.8744547263468333,1.1,0.8800000000000001
CALCE,CS2_38,385.0,0.9619965331788378,0.8745423028898525,1.1,0.8800000000000001
CALCE,CS2_38,386.0,0.962079937328457,0.8746181248440518,1.1,0.8800000000000001
CALCE,CS2_38,387.0,0.9621703843071736,0.8747003493701577,1.1,0.8800000000000001
CALCE,CS2_38,388.0,0.962269487836309,0.8747904434875535,1.1,0.8800000000000001
CALCE,CS2_38,389.0,0.9596565596293087,0.8724150542084624,1.1,0.8800000000000001
CALCE,CS2_38,390.0,0.9504264215519431,0.8640240195926755,1.1,0.8800000000000001
CALCE,CS2_38,391.0,0.9437762383860453,0.8579783985327684,1.1,0.8800000000000001
CALCE,CS2_38,392.0,0.9434121270053136,0.8576473881866487,1.1,0.8800000000000001
CALCE,CS2_38,393.0,0.9431527706477243,0.8574116096797493,1.1,0.8800000000000001
CALCE,CS2_38,394.0,0.9439797901341443,0.8581634455764948,1.1,0.8800000000000001
CALCE,CS2_38,395.0,0.952377896627669,0.8657980878433355,1.1,0.8800000000000001
CALCE,CS2_38,396.0,0.9588059055885949,0.871641732353268,1.1,0.8800000000000001
CALCE,CS2_38,397.0,0.9435431039868681,0.8577664581698801,1.1,0.8800000000000001
CALCE,CS2_38,398.0,0.9422549559682236,0.8565954145165668,1.1,0.8800000000000001
CALCE,CS2_38,399.0,0.9432699371827552,0.8575181247115956,1.1,0.8800000000000001
CALCE,CS2_38,400.0,0.942662514698307,0.8569659224530063,1.1,0.8800000000000001
CALCE,CS2_38,401.0,0.9419270531899342,0.8562973210817583,1.1,0.8800000000000001
CALCE,CS2_38,402.0,0.9503787812852503,0.8639807102593184,1.1,0.8800000000000001
CALCE,CS2_38,403.0,0.9516508887787698,0.8651371716170634,1.1,0.8800000000000001
CALCE,CS2_38,404.0,0.9523466555777844,0.8657696868888949,1.1,0.8800000000000001
CALCE,CS2_38,405.0,0.9423649595751754,0.856695417795614,1.1,0.8800000000000001
CALCE,CS2_38,406.0,0.9423651438156987,0.8566955852869987,1.1,0.8800000000000001
CALCE,CS2_38,407.0,0.942227855235869,0.8565707774871536,1.1,0.8800000000000001
CALCE,CS2_38,408.0,0.9420938494115058,0.8564489540104597,1.1,0.8800000000000001
CALCE,CS2_38,409.0,0.9416884859501462,0.8560804417728601,1.1,0.8800000000000001
CALCE,CS2_38,410.0,0.9508405867131107,0.8644005333755551,1.1,0.8800000000000001
CALCE,CS2_38,411.0,0.9441162809216018,0.8582875281105471,1.1,0.8800000000000001
CALCE,CS2_38,412.0,0.9504961317277208,0.8640873924797462,1.1,0.8800000000000001
CALCE,CS2_38,413.0,0.9440994190263661,0.8582721991148782,1.1,0.8800000000000001
CALCE,CS2_38,414.0,0.9426187763421527,0.8569261603110478,1.1,0.8800000000000001
CALCE,CS2_38,415.0,0.9420493569233486,0.8564085062939532,1.1,0.8800000000000001
CALCE,CS2_38,416.0,0.9420317053987232,0.8563924594533846,1.1,0.8800000000000001
CALCE,CS2_38,417.0,0.9419999029628291,0.8563635481480264,1.1,0.8800000000000001
CALCE,CS2_38,418.0,0.9416880391454315,0.8560800355867558,1.1,0.8800000000000001
CALCE,CS2_38,419.0,0.9349651279814342,0.8499682981649401,1.1,0.8800000000000001
CALCE,CS2_38,420.0,0.9439302559946233,0.8581184145405666,1.1,0.8800000000000001
CALCE,CS2_38,421.0,0.9504079655660618,0.8640072414236925,1.1,0.8800000000000001
CALCE,CS2_38,422.0,0.9508314518875227,0.864392228988657,1.1,0.8800000000000001
CALCE,CS2_38,423.0,0.9511605500206062,0.8646914091096419,1.1,0.8800000000000001
CALCE,CS2_38,424.0,0.9513156396012031,0.8648323996374573,1.1,0.8800000000000001
CALCE,CS2_38,425.0,0.9514946986582078,0.8649951805983707,1.1,0.8800000000000001
CALCE,CS2_38,426.0,0.9516451536751669,0.8651319578865153,1.1,0.8800000000000001
CALCE,CS2_38,427.0,0.9435825504425752,0.8578023185841592,1.1,0.8800000000000001
CALCE,CS2_38,428.0,0.9504660682156484,0.8640600620142257,1.1,0.8800000000000001
CALCE,CS2_38,429.0,0.9512776687621711,0.8647978806928828,1.1,0.8800000000000001
CALCE,CS2_38,430.0,0.9516840707170523,0.865167337015502,1.1,0.8800000000000001
CALCE,CS2_38,431.0,0.9438718891333544,0.8580653537575949,1.1,0.8800000000000001
CALCE,CS2_38,432.0,0.9499213553089387,0.8635648684626716,1.1,0.8800000000000001
CALCE,CS2_38,433.0,0.9499601060066794,0.8636000963697085,1.1,0.8800000000000001
CALCE,CS2_38,434.0,0.9507052534071017,0.8642775030973651,1.1,0.8800000000000001
CALCE,CS2_38,435.0,0.9503350182810433,0.8639409257100392,1.1,0.8800000000000001
CALCE,CS2_38,436.0,0.9526821403049862,0.8660746730045329,1.1,0.8800000000000001
CALCE,CS2_38,437.0,0.9585843980321128,0.8714403618473752,1.1,0.8800000000000001
CALCE,CS2_38,438.0,0.9513135519788337,0.8648305017989397,1.1,0.8800000000000001
CALCE,CS2_38,439.0,0.9441267784819692,0.8582970713472446,1.1,0.8800000000000001
CALCE,CS2_38,440.0,0.9499369865267449,0.8635790786606771,1.1,0.8800000000000001
CALCE,CS2_38,441.0,0.9500563486835816,0.8636875897123468,1.1,0.8800000000000001
CALCE,CS2_38,442.0,0.944116575293136,0.8582877957210326,1.1,0.8800000000000001
CALCE,CS2_38,443.0,0.9516962164478194,0.8651783785889267,1.1,0.8800000000000001
CALCE,CS2_38,444.0,0.9522510577241396,0.8656827797492178,1.1,0.8800000000000001
CALCE,CS2_38,445.0,0.9441192061963809,0.8582901874512553,1.1,0.8800000000000001
CALCE,CS2_38,446.0,0.9426631560600027,0.8569665055090934,1.1,0.8800000000000001
CALCE,CS2_38,447.0,0.943096477296764,0.857360433906149,1.1,0.8800000000000001
CALCE,CS2_38,448.0,0.9428483312730956,0.8571348466119051,1.1,0.8800000000000001
CALCE,CS2_38,449.0,0.9418209761017076,0.8562008873651886,1.1,0.8800000000000001
CALCE,CS2_38,450.0,0.9503628550918881,0.8639662319017164,1.1,0.8800000000000001
CALCE,CS2_38,451.0,0.9506438103863448,0.864221645805768,1.1,0.8800000000000001
CALCE,CS2_38,452.0,0.9423477177472973,0.8566797434066339,1.1,0.8800000000000001
CALCE,CS2_38,453.0,0.9415960715745226,0.8559964287041114,1.1,0.8800000000000001
CALCE,CS2_38,454.0,0.9421181777330199,0.8564710706663816,1.1,0.8800000000000001
CALCE,CS2_38,455.0,0.9419762580563547,0.8563420527785042,1.1,0.8800000000000001
CALCE,CS2_38,456.0,0.94253424347674,0.8568493122515817,1.1,0.8800000000000001
CALCE,CS2_38,457.0,0.9496358370868567,0.863305306442597,1.1,0.8800000000000001
CALCE,CS2_38,458.0,0.950210612827566,0.8638278298432418,1.1,0.8800000000000001
CALCE,CS2_38,459.0,0.950484292394077,0.8640766294491607,1.1,0.8800000000000001
CALCE,CS2_38,460.0,0.9506366973033167,0.8642151793666515,1.1,0.8800000000000001
CALCE,CS2_38,461.0,0.9507370102942614,0.864306372994783,1.1,0.8800000000000001
CALCE,CS2_38,462.0,0.9509283812921487,0.864480346629226,1.1,0.8800000000000001
CALCE,CS2_38,463.0,0.9514326081736989,0.8649387347033626,1.1,0.8800000000000001
CALCE,CS2_38,464.0,0.95168372583404,0.8651670234854909,1.1,0.8800000000000001
CALCE,CS2_38,465.0,0.9517493689897873,0.8652266990816248,1.1,0.8800000000000001
CALCE,CS2_38,466.0,0.9518221519584784,0.8652928654167985,1.1,0.8800000000000001
CALCE,CS2_38,467.0,0.9518250284169956,0.8652954803790868,1.1,0.8800000000000001
CALCE,CS2_38,468.0,0.9518019729373095,0.8652745208520994,1.1,0.8800000000000001
CALCE,CS2_38,469.0,0.9516727130003878,0.8651570118185343,1.1,0.8800000000000001
CALCE,CS2_38,470.0,0.9516700756985222,0.8651546142713837,1.1,0.8800000000000001
CALCE,CS2_38,471.0,0.95168684594853,0.865169859953209,1.1,0.8800000000000001
CALCE,CS2_38,472.0,0.9516962536398613,0.8651784123998738,1.1,0.8800000000000001
CALCE,CS2_38,473.0,0.9512164547693189,0.8647422316084716,1.1,0.8800000000000001
CALCE,CS2_38,474.0,0.9505626095755169,0.8641478268868334,1.1,0.8800000000000001
CALCE,CS2_38,475.0,0.9520985710329789,0.8655441554845262,1.1,0.8800000000000001
CALCE,CS2_38,476.0,0.9529274873962839,0.8662977158148034,1.1,0.8800000000000001
CALCE,CS2_38,477.0,0.9530652455677067,0.8664229505160969,1.1,0.8800000000000001
CALCE,CS2_38,478.0,0.9437296654893014,0.8579360595357285,1.1,0.8800000000000001
CALCE,CS2_38,479.0,0.9438620816681839,0.8580564378801671,1.1,0.8800000000000001
CALCE,CS2_38,480.0,0.9440676756562881,0.8582433415057165,1.1,0.8800000000000001
CALCE,CS2_38,481.0,0.9437483687756105,0.8579530625232822,1.1,0.8800000000000001
CALCE,CS2_38,482.0,0.9424387039993732,0.8567624581812483,1.1,0.8800000000000001
CALCE,CS2_38,483.0,0.9504252169075755,0.8640229244614323,1.1,0.8800000000000001
CALCE,CS2_38,484.0,0.950738785668632,0.8643079869714836,1.1,0.8800000000000001
CALCE,CS2_38,485.0,0.9498842229302853,0.8635311117548048,1.1,0.8800000000000001
CALCE,CS2_38,486.0,0.9416322678084901,0.8560293343713545,1.1,0.8800000000000001
CALCE,CS2_38,487.0,0.94216466030937,0.8565133275539726,1.1,0.8800000000000001
CALCE,CS2_38,488.0,0.9420385954701168,0.8563987231546516,1.1,0.8800000000000001
CALCE,CS2_38,489.0,0.9421919656733703,0.8565381506121548,1.1,0.8800000000000001
CALCE,CS2_38,490.0,0.9414893751366189,0.8558994319423807,1.1,0.8800000000000001
CALCE,CS2_38,491.0,0.9440644923688338,0.8582404476080306,1.1,0.8800000000000001
CALCE,CS2_38,492.0,0.9498980249107032,0.8635436590097301,1.1,0.8800000000000001
CALCE,CS2_38,493.0,0.9418005573208292,0.8561823248371174,1.1,0.8800000000000001
CALCE,CS2_38,494.0,0.9350501160911376,0.8500455600828524,1.1,0.8800000000000001
CALCE,CS2_38,495.0,0.9409978871821529,0.8554526247110481,1.1,0.8800000000000001
CALCE,CS2_38,496.0,0.9349631011586214,0.8499664555987466,1.1,0.8800000000000001
CALCE,CS2_38,497.0,0.9349231273585153,0.8499301157804684,1.1,0.8800000000000001
CALCE,CS2_38,498.0,0.9412815865538274,0.8557105332307522,1.1,0.8800000000000001
CALCE,CS2_38,499.0,0.9427084238146591,0.8570076580133265,1.1,0.8800000000000001
CALCE,CS2_38,500.0,0.9430824378318188,0.8573476707561988,1.1,0.8800000000000001
CALCE,CS2_38,501.0,0.9341723284048742,0.8492475712771583,1.1,0.8800000000000001
CALCE,CS2_38,502.0,0.933409628686635,0.8485542078969408,1.1,0.8800000000000001
CALCE,CS2_38,503.0,0.9335885179597952,0.8487168345089047,1.1,0.8800000000000001
CALCE,CS2_38,504.0,0.9337699994553169,0.8488818176866517,1.1,0.8800000000000001
CALCE,CS2_38,505.0,0.9330216425958339,0.8482014932689398,1.1,0.8800000000000001
CALCE,CS2_38,506.0,0.9409085378200266,0.8553713980182059,1.1,0.8800000000000001
CALCE,CS2_38,507.0,0.9413844553227658,0.8558040502934234,1.1,0.8800000000000001
CALCE,CS2_38,508.0,0.9416250091914168,0.8560227356285607,1.1,0.8800000000000001
CALCE,CS2_38,509.0,0.9417822093615301,0.8561656448741182,1.1,0.8800000000000001
CALCE,CS2_38,510.0,0.9418767887407624,0.8562516261279658,1.1,0.8800000000000001
CALCE,CS2_38,511.0,0.9419988342289214,0.8563625765717466,1.1,0.8800000000000001
CALCE,CS2_38,512.0,0.9422846685947894,0.8566224259952631,1.1,0.8800000000000001
CALCE,CS2_38,513.0,0.9422841143928474,0.8566219221753157,1.1,0.8800000000000001
CALCE,CS2_38,514.0,0.9422037050697044,0.8565488227906403,1.1,0.8800000000000001
CALCE,CS2_38,515.0,0.9421550532810467,0.8565045938918605,1.1,0.8800000000000001
CALCE,CS2_38,516.0,0.9420724019688889,0.8564294563353534,1.1,0.8800000000000001
CALCE,CS2_38,517.0,0.9419272816844858,0.856297528804078,1.1,0.8800000000000001
CALCE,CS2_38,518.0,0.9418539551739304,0.8562308683399367,1.1,0.8800000000000001
CALCE,CS2_38,519.0,0.941821117399802,0.8562010158180018,1.1,0.8800000000000001
CALCE,CS2_38,520.0,0.9418085747742044,0.8561896134310949,1.1,0.8800000000000001
CALCE,CS2_38,521.0,0.9417337018368982,0.8561215471244529,1.1,0.8800000000000001
CALCE,CS2_38,522.0,0.9417954212031069,0.856177655639188,1.1,0.8800000000000001
CALCE,CS2_38,523.0,0.9417191682779842,0.8561083347981674,1.1,0.8800000000000001
CALCE,CS2_38,524.0,0.9410878977190045,0.8555344524718221,1.1,0.8800000000000001
CALCE,CS2_38,525.0,0.9421647518881096,0.8565134108073722,1.1,0.8800000000000001
CALCE,CS2_38,526.0,0.9427615585688279,0.857055962335298,1.1,0.8800000000000001
CALCE,CS2_38,527.0,0.9428094909556507,0.8570995372324096,1.1,0.8800000000000001
CALCE,CS2_38,528.0,0.9336896600985467,0.8488087819077696,1.1,0.8800000000000001
CALCE,CS2_38,529.0,0.9329316776914328,0.8481197069922116,1.1,0.8800000000000001
CALCE,CS2_38,530.0,0.9322822522363886,0.8475293202148987,1.1,0.8800000000000001
CALCE,CS2_38,531.0,0.932213548844911,0.8474668625862827,1.1,0.8800000000000001
CALCE,CS2_38,532.0,0.9343821768850535,0.8494383426227758,1.1,0.8800000000000001
CALCE,CS2_38,533.0,0.9407483993483674,0.8552258175894248,1.1,0.8800000000000001
CALCE,CS2_38,534.0,0.9340710062316998,0.8491554602106361,1.1,0.8800000000000001
CALCE,CS2_38,535.0,0.9247525429108735,0.8406841299189758,1.1,0.8800000000000001
CALCE,CS2_38,536.0,0.9238703069059089,0.8398820971871899,1.1,0.8800000000000001
CALCE,CS2_38,537.0,0.9328122548985193,0.8480111408168356,1.1,0.8800000000000001
CALCE,CS2_38,538.0,0.9332933190229045,0.848448471839004,1.1,0.8800000000000001
CALCE,CS2_38,539.0,0.9252656674454611,0.841150606768601,1.1,0.8800000000000001
CALCE,CS2_38,540.0,0.9166189841376701,0.8332899855797,1.1,0.8800000000000001
CALCE,CS2_38,541.0,0.923463910375168,0.8395126457956071,1.1,0.8800000000000001
CALCE,CS2_38,542.0,0.9232559927776004,0.8393236297978185,1.1,0.8800000000000001
CALCE,CS2_38,543.0,0.9074417962814997,0.824947087528636,1.1,0.8800000000000001
CALCE,CS2_38,544.0,0.9141411456933187,0.8310374051757442,1.1,0.8800000000000001
CALCE,CS2_38,545.0,0.9236119281853626,0.8396472074412387,1.1,0.8800000000000001
CALCE,CS2_38,546.0,0.9243193143410708,0.8402902857646097,1.1,0.8800000000000001
CALCE,CS2_38,547.0,0.907465959926819,0.8249690544789263,1.1,0.8800000000000001
CALCE,CS2_38,548.0,0.9055172868589407,0.8231975335081279,1.1,0.8800000000000001
CALCE,CS2_38,549.0,0.905822724812199,0.8234752043747263,1.1,0.8800000000000001
CALCE,CS2_38,550.0,0.8982843811814688,0.8166221647104261,1.1,0.8800000000000001
CALCE,CS2_38,551.0,0.8977182803051933,0.8161075275501757,1.1,0.8800000000000001
CALCE,CS2_38,552.0,0.9061823658809149,0.8238021508008317,1.1,0.8800000000000001
CALCE,CS2_38,553.0,0.9148476654041438,0.8316796958219488,1.1,0.8800000000000001
CALCE,CS2_38,554.0,0.9158821416082711,0.8326201287347919,1.1,0.8800000000000001
CALCE,CS2_38,555.0,0.9165323724249446,0.8332112476590404,1.1,0.8800000000000001
CALCE,CS2_38,556.0,0.922694991798663,0.8388136289078754,1.1,0.8800000000000001
CALCE,CS2_38,557.0,0.9232308645706219,0.8393007859732925,1.1,0.8800000000000001
CALCE,CS2_38,558.0,0.9233313536365116,0.839392139669556,1.1,0.8800000000000001
CALCE,CS2_38,559.0,0.9234453422431252,0.8394957656755684,1.1,0.8800000000000001
CALCE,CS2_38,560.0,0.923130978691692,0.8392099806288109,1.1,0.8800000000000001
CALCE,CS2_38,561.0,0.9229908011686092,0.8390825465169174,1.1,0.8800000000000001
CALCE,CS2_38,562.0,0.9229182559687749,0.8390165963352498,1.1,0.8800000000000001
CALCE,CS2_38,563.0,0.9228578097895964,0.8389616452632694,1.1,0.8800000000000001
CALCE,CS2_38,564.0,0.9227455215756902,0.8388595650688092,1.1,0.8800000000000001
CALCE,CS2_38,565.0,0.9228306881023574,0.8389369891839612,1.1,0.8800000000000001
CALCE,CS2_38,566.0,0.9228577862962133,0.8389616239056483,1.1,0.8800000000000001
CALCE,CS2_38,567.0,0.9069168167631525,0.8244698334210476,1.1,0.8800000000000001
CALCE,CS2_38,568.0,0.9055494660948253,0.8232267873589321,1.1,0.8800000000000001
CALCE,CS2_38,569.0,0.9144773823608651,0.8313430748735137,1.1,0.8800000000000001
CALCE,CS2_38,570.0,0.915735617735072,0.8324869252137017,1.1,0.8800000000000001
CALCE,CS2_38,571.0,0.9164565677490328,0.8331423343173026,1.1,0.8800000000000001
CALCE,CS2_38,572.0,0.8981608620389648,0.8165098745808771,1.1,0.8800000000000001
CALCE,CS2_38,573.0,0.8966692067456947,0.8151538243142679,1.1,0.8800000000000001
CALCE,CS2_38,574.0,0.8891379437503945,0.8083072215912677,1.1,0.8800000000000001
CALCE,CS2_38,575.0,0.8889122292636356,0.808102026603305,1.1,0.8800000000000001
CALCE,CS2_38,576.0,0.8978936757945077,0.8162669779950069,1.1,0.8800000000000001
CALCE,CS2_38,577.0,0.9058366649910624,0.8234878772646022,1.1,0.8800000000000001
CALCE,CS2_38,578.0,0.9064751868659348,0.8240683516963042,1.1,0.8800000000000001
CALCE,CS2_38,579.0,0.8890550199477517,0.8082318363161378,1.1,0.8800000000000001
CALCE,CS2_38,580.0,0.8875540751232972,0.8068673410211792,1.1,0.8800000000000001
CALCE,CS2_38,581.0,0.8872923662025596,0.8066294238205086,1.1,0.8800000000000001
CALCE,CS2_38,582.0,0.8892270403537949,0.8083882185034498,1.1,0.8800000000000001
CALCE,CS2_38,583.0,0.8877544158344273,0.8070494689403883,1.1,0.8800000000000001
CALCE,CS2_38,584.0,0.8873999225776992,0.8067272023433628,1.1,0.8800000000000001
CALCE,CS2_38,585.0,0.8800020156392068,0.8000018323992788,1.1,0.8800000000000001
CALCE,CS2_38,586.0,0.8970427637539883,0.8154934215945348,1.1,0.8800000000000001
CALCE,CS2_38,587.0,0.898330276979543,0.8166638881632209,1.1,0.8800000000000001
CALCE,CS2_38,588.0,0.889166379545303,0.8083330723139117,1.1,0.8800000000000001
CALCE,CS2_38,589.0,0.8799857812874673,0.7999870738976975,1.1,0.8800000000000001
CALCE,CS2_38,590.0,0.8870220790933496,0.8063837082666814,1.1,0.8800000000000001
CALCE,CS2_38,591.0,0.8799762586396253,0.7999784169451138,1.1,0.8800000000000001
CALCE,CS2_38,592.0,0.8796598767360037,0.7996907970327305,1.1,0.8800000000000001
CALCE,CS2_38,593.0,0.879267196509025,0.7993338150082044,1.1,0.8800000000000001
CALCE,CS2_38,594.0,0.889131027471252,0.8083009340647744,1.1,0.8800000000000001
CALCE,CS2_38,595.0,0.8958204611157959,0.8143822373779962,1.1,0.8800000000000001
CALCE,CS2_38,596.0,0.8799587375663617,0.7999624886966924,1.1,0.8800000000000001
CALCE,CS2_38,597.0,0.8786412434801223,0.7987647668001111,1.1,0.8800000000000001
CALCE,CS2_38,598.0,0.8784790378809777,0.7986173071645252,1.1,0.8800000000000001
CALCE,CS2_38,599.0,0.8707834851325117,0.7916213501204651,1.1,0.8800000000000001
CALCE,CS2_38,600.0,0.8707717220658358,0.7916106564234869,1.1,0.8800000000000001
CALCE,CS2_38,601.0,0.8707816637701453,0.7916196943364957,1.1,0.8800000000000001
CALCE,CS2_38,602.0,0.8867594705932136,0.8061449732665578,1.1,0.8800000000000001
CALCE,CS2_38,603.0,0.8873660500542471,0.8066964091402246,1.1,0.8800000000000001
CALCE,CS2_38,604.0,0.8707999807045507,0.791636346095046,1.1,0.8800000000000001
CALCE,CS2_38,605.0,0.8700889575624075,0.7909899614203704,1.1,0.8800000000000001
CALCE,CS2_38,606.0,0.8707903116539104,0.7916275560490094,1.1,0.8800000000000001
CALCE,CS2_38,607.0,0.8704965533737025,0.7913605030670022,1.1,0.8800000000000001
CALCE,CS2_38,608.0,0.8704068130746991,0.7912789209769991,1.1,0.8800000000000001
CALCE,CS2_38,609.0,0.870615783817287,0.7914688943793518,1.1,0.8800000000000001
CALCE,CS2_38,610.0,0.8798599134446081,0.7998726485860074,1.1,0.8800000000000001
CALCE,CS2_38,611.0,0.8799516703691388,0.7999560639719443,1.1,0.8800000000000001
CALCE,CS2_38,612.0,0.8707824849098682,0.7916204408271529,1.1,0.8800000000000001
CALCE,CS2_38,613.0,0.8696911006299873,0.7906282732999884,1.1,0.8800000000000001
CALCE,CS2_38,614.0,0.8698949390595898,0.7908135809632634,1.1,0.8800000000000001
CALCE,CS2_38,615.0,0.8697053886692917,0.7906412624266288,1.1,0.8800000000000001
CALCE,CS2_38,616.0,0.8694788123001664,0.7904352839092421,1.1,0.8800000000000001
CALCE,CS2_38,617.0,0.8698565798978368,0.7907787089980334,1.1,0.8800000000000001
CALCE,CS2_38,618.0,0.8785144628697739,0.7986495116997944,1.1,0.8800000000000001
CALCE,CS2_38,619.0,0.8789677478687393,0.7990615889715812,1.1,0.8800000000000001
CALCE,CS2_38,620.0,0.879255381445275,0.7993230740411591,1.1,0.8800000000000001
CALCE,CS2_38,621.0,0.8793265013966094,0.7993877285423722,1.1,0.8800000000000001
CALCE,CS2_38,622.0,0.879326592425107,0.7993878112955518,1.1,0.8800000000000001
CALCE,CS2_38,623.0,0.8794028249992533,0.7994571136356847,1.1,0.8800000000000001
CALCE,CS2_38,624.0,0.8793666589255942,0.7994242353869038,1.1,0.8800000000000001
CALCE,CS2_38,625.0,0.8799601297764084,0.7999637543421894,1.1,0.8800000000000001
CALCE,CS2_38,626.0,0.8799703111073658,0.7999730100976052,1.1,0.8800000000000001
CALCE,CS2_38,627.0,0.8799626220134847,0.7999660200122588,1.1,0.8800000000000001
CALCE,CS2_38,628.0,0.8799413642558214,0.7999466947780194,1.1,0.8800000000000001
CALCE,CS2_38,629.0,0.8799275991795855,0.7999341810723504,1.1,0.8800000000000001
CALCE,CS2_38,630.0,0.8800595884793274,0.800054171344843,1.1,0.8800000000000001
CALCE,CS2_38,631.0,0.8783459900059287,0.7984963545508442,1.1,0.8800000000000001
CALCE,CS2_38,632.0,0.8707157215982997,0.7915597469075452,1.1,0.8800000000000001
CALCE,CS2_38,633.0,0.877899892451302,0.7980908113193653,1.1,0.8800000000000001
CALCE,CS2_38,634.0,0.8797948372510929,0.7998134884100844,1.1,0.8800000000000001
CALCE,CS2_38,635.0,0.8798807070180725,0.7998915518346114,1.1,0.8800000000000001
CALCE,CS2_38,636.0,0.8696909564913451,0.7906281422648591,1.1,0.8800000000000001
CALCE,CS2_38,637.0,0.8616408828282438,0.7833098934802216,1.1,0.8800000000000001
CALCE,CS2_38,638.0,0.861644262526725,0.7833129659333863,1.1,0.8800000000000001
CALCE,CS2_38,639.0,0.8615940792526019,0.7832673447750925,1.1,0.8800000000000001
CALCE,CS2_38,640.0,0.860882636021724,0.7826205782015672,1.1,0.8800000000000001
CALCE,CS2_38,641.0,0.8616384186503963,0.783307653318542,1.1,0.8800000000000001
CALCE,CS2_38,642.0,0.8702606503944998,0.7911460458131816,1.1,0.8800000000000001
CALCE,CS2_38,643.0,0.8705665443001168,0.7914241311819243,1.1,0.8800000000000001
CALCE,CS2_38,644.0,0.8607607024508854,0.7825097295008049,1.1,0.8800000000000001
CALCE,CS2_38,645.0,0.8525368549077728,0.7750335044616116,1.1,0.8800000000000001
CALCE,CS2_38,646.0,0.860182133900922,0.7819837580917472,1.1,0.8800000000000001
CALCE,CS2_38,647.0,0.8525068852017943,0.7750062592743584,1.1,0.8800000000000001
CALCE,CS2_38,648.0,0.8525138698854399,0.7750126089867635,1.1,0.8800000000000001
CALCE,CS2_38,649.0,0.8525051003351423,0.7750046366683111,1.1,0.8800000000000001
CALCE,CS2_38,650.0,0.8616896437606959,0.7833542216006326,1.1,0.8800000000000001
CALCE,CS2_38,651.0,0.8607167634565548,0.7824697849605043,1.1,0.8800000000000001
CALCE,CS2_38,652.0,0.8515372361875291,0.7741247601704809,1.1,0.8800000000000001
CALCE,CS2_38,653.0,0.8513261653602399,0.773932877600218,1.1,0.8800000000000001
CALCE,CS2_38,654.0,0.8515087498387494,0.7740988634897721,1.1,0.8800000000000001
CALCE,CS2_38,655.0,0.8433634256526281,0.7666940233205709,1.1,0.8800000000000001
CALCE,CS2_38,656.0,0.843232938922793,0.7665753990207209,1.1,0.8800000000000001
CALCE,CS2_38,657.0,0.8525253732061376,0.7750230665510341,1.1,0.8800000000000001
CALCE,CS2_38,658.0,0.8525303357288211,0.7750275779352919,1.1,0.8800000000000001
CALCE,CS2_38,659.0,0.8600559897933338,0.7818690816303033,1.1,0.8800000000000001
CALCE,CS2_38,660.0,0.8423039125207453,0.7657308295643138,1.1,0.8800000000000001
CALCE,CS2_38,661.0,0.842863151635202,0.7662392287592744,1.1,0.8800000000000001
CALCE,CS2_38,662.0,0.8429116783185329,0.7662833439259389,1.1,0.8800000000000001
CALCE,CS2_38,663.0,0.8424008058092303,0.7658189143720274,1.1,0.8800000000000001
CALCE,CS2_38,664.0,0.8433623927797121,0.7666930843451928,1.1,0.8800000000000001
CALCE,CS2_38,665.0,0.8515198699365405,0.7741089726695822,1.1,0.8800000000000001
CALCE,CS2_38,666.0,0.8518746435239557,0.774431494112687,1.1,0.8800000000000001
CALCE,CS2_38,667.0,0.8521365048218119,0.7746695498380107,1.1,0.8800000000000001
CALCE,CS2_38,668.0,0.8522389880510869,0.7747627164100789,1.1,0.8800000000000001
CALCE,CS2_38,669.0,0.852299432925955,0.7748176662963226,1.1,0.8800000000000001
CALCE,CS2_38,670.0,0.852394149707455,0.7749037724613227,1.1,0.8800000000000001
CALCE,CS2_38,671.0,0.8523485227269377,0.7748622933881252,1.1,0.8800000000000001
CALCE,CS2_38,672.0,0.8524269729286378,0.774933611753307,1.1,0.8800000000000001
CALCE,CS2_38,673.0,0.8524770687637817,0.7749791534216197,1.1,0.8800000000000001
CALCE,CS2_38,674.0,0.8524744110613168,0.7749767373284698,1.1,0.8800000000000001
CALCE,CS2_38,675.0,0.8524858747338923,0.7749871588489929,1.1,0.8800000000000001
CALCE,CS2_38,676.0,0.8525584356023455,0.7750531232748594,1.1,0.8800000000000001
CALCE,CS2_38,677.0,0.8526457373637725,0.7751324885125204,1.1,0.8800000000000001
CALCE,CS2_38,678.0,0.8526455329495749,0.7751323026814316,1.1,0.8800000000000001
CALCE,CS2_38,679.0,0.8432960353092748,0.7666327593720679,1.1,0.8800000000000001
CALCE,CS2_38,680.0,0.8341454433662607,0.7583140394238733,1.1,0.8800000000000001
CALCE,CS2_38,681.0,0.8432733190671617,0.7666121082428743,1.1,0.8800000000000001
CALCE,CS2_38,682.0,0.8507453462228326,0.773404860202575,1.1,0.8800000000000001
CALCE,CS2_38,683.0,0.8426300241135554,0.7660272946486867,1.1,0.8800000000000001
CALCE,CS2_38,684.0,0.8334597762092413,0.7576907056447647,1.1,0.8800000000000001
CALCE,CS2_38,685.0,0.8335925056084309,0.7578113687349372,1.1,0.8800000000000001
CALCE,CS2_38,686.0,0.8333683325999081,0.7576075750908254,1.1,0.8800000000000001
CALCE,CS2_38,687.0,0.8332048916463315,0.7574589924057559,1.1,0.8800000000000001
CALCE,CS2_38,688.0,0.8249664750642531,0.7499695227856846,1.1,0.8800000000000001
CALCE,CS2_38,689.0,0.8421012802226654,0.7655466183842412,1.1,0.8800000000000001
CALCE,CS2_38,690.0,0.8423934611866966,0.7658122374424513,1.1,0.8800000000000001
CALCE,CS2_38,691.0,0.842499888757396,0.7659089897794509,1.1,0.8800000000000001
CALCE,CS2_38,692.0,0.8249395469584487,0.7499450426894988,1.1,0.8800000000000001
CALCE,CS2_38,693.0,0.8249440551320444,0.7499491410291312,1.1,0.8800000000000001
CALCE,CS2_38,694.0,0.8249547647199753,0.7499588770181593,1.1,0.8800000000000001
CALCE,CS2_38,695.0,0.8249579117886291,0.7499617379896627,1.1,0.8800000000000001
CALCE,CS2_38,696.0,0.8249260680618394,0.7499327891471267,1.1,0.8800000000000001
CALCE,CS2_38,697.0,0.8336182345041351,0.7578347586401227,1.1,0.8800000000000001
CALCE,CS2_38,698.0,0.8340551932770088,0.7582319938881897,1.1,0.8800000000000001
CALCE,CS2_38,699.0,0.8341063466286358,0.7582784969351234,1.1,0.8800000000000001
CALCE,CS2_38,700.0,0.8157710920366319,0.7416100836696653,1.1,0.8800000000000001
CALCE,CS2_38,701.0,0.815784051763001,0.7416218652390917,1.1,0.8800000000000001
CALCE,CS2_38,702.0,0.8157887146718561,0.7416261042471418,1.1,0.8800000000000001
CALCE,CS2_38,703.0,0.815804322599793,0.741640293272539,1.1,0.8800000000000001
CALCE,CS2_38,704.0,0.8157912095130639,0.7416283722846035,1.1,0.8800000000000001
CALCE,CS2_38,705.0,0.8245722469106744,0.7496111335551585,1.1,0.8800000000000001
CALCE,CS2_38,706.0,0.8249562735914427,0.7499602487194933,1.1,0.8800000000000001
CALCE,CS2_38,707.0,0.8332294220954125,0.7574812928140113,1.1,0.8800000000000001
CALCE,CS2_38,708.0,0.8247144721002275,0.749740429182025,1.1,0.8800000000000001
CALCE,CS2_38,709.0,0.8158117027153006,0.741647002468455,1.1,0.8800000000000001
CALCE,CS2_38,710.0,0.815781967513556,0.741619970466869,1.1,0.8800000000000001
CALCE,CS2_38,711.0,0.8157775666772515,0.7416159697065923,1.1,0.8800000000000001
CALCE,CS2_38,712.0,0.8157498702712869,0.7415907911557152,1.1,0.8800000000000001
CALCE,CS2_38,713.0,0.8157621106800532,0.7416019188000483,1.1,0.8800000000000001
CALCE,CS2_38,714.0,0.824935426137609,0.7499412964887353,1.1,0.8800000000000001
CALCE,CS2_38,715.0,0.8331708888480442,0.7574280807709493,1.1,0.8800000000000001
CALCE,CS2_38,716.0,0.8332706826756496,0.7575188024324087,1.1,0.8800000000000001
CALCE,CS2_38,717.0,0.8332824923145908,0.7575295384678098,1.1,0.8800000000000001
CALCE,CS2_38,718.0,0.833271561400216,0.7575196012729235,1.1,0.8800000000000001
CALCE,CS2_38,719.0,0.8332865944180884,0.7575332676528076,1.1,0.8800000000000001
CALCE,CS2_38,720.0,0.8333029024074996,0.7575480930977269,1.1,0.8800000000000001
CALCE,CS2_38,721.0,0.8332887076612975,0.7575351887829976,1.1,0.8800000000000001
CALCE,CS2_38,722.0,0.8332853525084833,0.7575321386440758,1.1,0.8800000000000001
CALCE,CS2_38,723.0,0.8330569672701552,0.757324515700141,1.1,0.8800000000000001
CALCE,CS2_38,724.0,0.8329841498740984,0.7572583180673621,1.1,0.8800000000000001
CALCE,CS2_38,725.0,0.833002452488868,0.7572749568080617,1.1,0.8800000000000001
CALCE,CS2_38,726.0,0.8341460190066371,0.7583145627333064,1.1,0.8800000000000001
CALCE,CS2_38,727.0,0.8338776048879093,0.7580705498980993,1.1,0.8800000000000001
CALCE,CS2_38,728.0,0.8249632474016795,0.7499665885469813,1.1,0.8800000000000001
CALCE,CS2_38,729.0,0.8341290096276883,0.7582990996615347,1.1,0.8800000000000001
CALCE,CS2_38,730.0,0.8416755256505266,0.7651595687732059,1.1,0.8800000000000001
CALCE,CS2_38,731.0,0.833555810556165,0.7577780095965135,1.1,0.8800000000000001
CALCE,CS2_38,732.0,0.8248605030762476,0.7498731846147705,1.1,0.8800000000000001
CALCE,CS2_38,733.0,0.8242851729803427,0.7493501572548569,1.1,0.8800000000000001
CALCE,CS2_38,734.0,0.8243285117209681,0.7493895561099709,1.1,0.8800000000000001
CALCE,CS2_38,735.0,0.8157841917186572,0.7416219924715065,1.1,0.8800000000000001
CALCE,CS2_38,736.0,0.8157746043974642,0.7416132767249674,1.1,0.8800000000000001
CALCE,CS2_38,737.0,0.8249511979672858,0.7499556345157142,1.1,0.8800000000000001
CALCE,CS2_38,738.0,0.832673290277504,0.7569757184340945,1.1,0.8800000000000001
CALCE,CS2_38,739.0,0.8326826332606784,0.7569842120551621,1.1,0.8800000000000001
CALCE,CS2_38,740.0,0.8157810761417088,0.7416191601288261,1.1,0.8800000000000001
CALCE,CS2_38,741.0,0.8067025534024366,0.7333659576385786,1.1,0.8800000000000001
CALCE,CS2_38,742.0,0.8066960645885622,0.7333600587168747,1.1,0.8800000000000001
CALCE,CS2_38,743.0,0.8067005400045835,0.733364127276894,1.1,0.8800000000000001
CALCE,CS2_38,744.0,0.8067127493949617,0.7333752267226924,1.1,0.8800000000000001
CALCE,CS2_38,745.0,0.8066949284071424,0.7333590258246748,1.1,0.8800000000000001
CALCE,CS2_38,746.0,0.6956118991445783,0.6323744537677984,1.1,0.8800000000000001
CALCE,CS2_38,747.0,0.8158562347321858,0.7416874861201689,1.1,0.8800000000000001
CALCE,CS2_38,748.0,0.8158731657279991,0.7417028779345446,1.1,0.8800000000000001
CALCE,CS2_38,749.0,0.8066907460759027,0.7333552237053661,1.1,0.8800000000000001
CALCE,CS2_38,750.0,0.8061973653613215,0.7329066957830195,1.1,0.8800000000000001
CALCE,CS2_38,751.0,0.8334195224454957,0.7576541113140869,1.1,0.8800000000000001
CALCE,CS2_38,752.0,0.8233677915663892,0.7485161741512628,1.1,0.8800000000000001
CALCE,CS2_38,753.0,0.7883430643011229,0.7166755130010207,1.1,0.8800000000000001
CALCE,CS2_38,754.0,0.7699923342210225,0.6999930311100204,1.1,0.8800000000000001
CALCE,CS2_38,755.0,0.7883076448441908,0.7166433134947189,1.1,0.8800000000000001
CALCE,CS2_38,756.0,0.7963192042039867,0.7239265492763515,1.1,0.8800000000000001
CALCE,CS2_38,757.0,0.7883209125856895,0.7166553750778994,1.1,0.8800000000000001
CALCE,CS2_38,758.0,0.7608392633988722,0.6916720576353383,1.1,0.8800000000000001
CALCE,CS2_38,759.0,0.7516569834565069,0.6833245304150062,1.1,0.8800000000000001
CALCE,CS2_38,760.0,0.7425003837755534,0.6750003488868667,1.1,0.8800000000000001
CALCE,CS2_38,761.0,0.7333349508359343,0.6666681371235765,1.1,0.8800000000000001
CALCE,CS2_38,762.0,0.7333194194927968,0.6666540177207243,1.1,0.8800000000000001
CALCE,CS2_38,763.0,0.7241622077106075,0.6583292797369158,1.1,0.8800000000000001
CALCE,CS2_38,764.0,0.7516491238699198,0.6833173853362906,1.1,0.8800000000000001
CALCE,CS2_38,765.0,0.7516667851343364,0.6833334410312148,1.1,0.8800000000000001
CALCE,CS2_38,766.0,0.7333104539973943,0.6666458672703583,1.1,0.8800000000000001
CALCE,CS2_38,767.0,0.7241612000917006,0.6583283637197278,1.1,0.8800000000000001
CALCE,CS2_38,768.0,0.7241368748604895,0.6583062498731722,1.1,0.8800000000000001
CALCE,CS2_38,769.0,0.7149817467191062,0.6499834061082783,1.1,0.8800000000000001
CALCE,CS2_38,770.0,0.7149769181967538,0.6499790165425035,1.1,0.8800000000000001
CALCE,CS2_38,771.0,0.7058187293609187,0.6416533903281079,1.1,0.8800000000000001
CALCE,CS2_38,772.0,0.7241374903418715,0.6583068094017013,1.1,0.8800000000000001
CALCE,CS2_38,773.0,0.7241559977212711,0.6583236342920646,1.1,0.8800000000000001
CALCE,CS2_38,774.0,0.7333149383512038,0.6666499439556397,1.1,0.8800000000000001
CALCE,CS2_38,775.0,0.7058354191855905,0.6416685628959913,1.1,0.8800000000000001
CALCE,CS2_38,776.0,0.7058169528179875,0.6416517752890795,1.1,0.8800000000000001
CALCE,CS2_38,777.0,0.705807765594687,0.6416434232678973,1.1,0.8800000000000001
CALCE,CS2_38,778.0,0.6966438420424627,0.633312583674966,1.1,0.8800000000000001
CALCE,CS2_38,779.0,0.6966404904943969,0.6333095368130881,1.1,0.8800000000000001
CALCE,CS2_38,780.0,0.6874808917616054,0.6249826288741867,1.1,0.8800000000000001
CALCE,CS2_38,781.0,0.6874835711276539,0.6249850646615035,1.1,0.8800000000000001
CALCE,CS2_38,782.0,0.6874868355335483,0.6249880323032256,1.1,0.8800000000000001
CALCE,CS2_38,783.0,0.6874808220161568,0.6249825654692334,1.1,0.8800000000000001
CALCE,CS2_38,784.0,0.6782965210308743,0.6166332009371585,1.1,0.8800000000000001
CALCE,CS2_38,785.0,0.6783028984387166,0.6166389985806514,1.1,0.8800000000000001
CALCE,CS2_38,786.0,0.6874731260680143,0.6249755691527402,1.1,0.8800000000000001
CALCE,CS2_38,787.0,0.6966440749943809,0.6333127954494371,1.1,0.8800000000000001
CALCE,CS2_38,788.0,0.6966499982662322,0.6333181802420292,1.1,0.8800000000000001
CALCE,CS2_38,789.0,0.6966592243947517,0.6333265676315925,1.1,0.8800000000000001
CALCE,CS2_38,790.0,0.6966472671516678,0.633315697410607,1.1,0.8800000000000001
CALCE,CS2_38,791.0,0.6966409203969125,0.6333099276335568,1.1,0.8800000000000001
CALCE,CS2_38,792.0,0.6966518450817601,0.6333198591652365,1.1,0.8800000000000001
CALCE,CS2_38,793.0,0.696641279726256,0.6333102542965963,1.1,0.8800000000000001
CALCE,CS2_38,794.0,0.6966924025609977,0.6333567296009069,1.1,0.8800000000000001
CALCE,CS2_38,795.0,0.6966818947499238,0.6333471770453852,1.1,0.8800000000000001
CALCE,CS2_38,796.0,0.6875728847616891,0.6250662588742628,1.1,0.8800000000000001
CALCE,CS2_38,797.0,0.6875859692088637,0.6250781538262397,1.1,0.8800000000000001
CALCE,CS2_38,798.0,0.6875925968078318,0.6250841789162107,1.1,0.8800000000000001
CALCE,CS2_38,799.0,0.7241530761337698,0.6583209783034271,1.1,0.8800000000000001
CALCE,CS2_38,800.0,0.7149617777545249,0.6499652525041134,1.1,0.8800000000000001
CALCE,CS2_38,801.0,0.7057922291199963,0.6416292991999966,1.1,0.8800000000000001
CALCE,CS2_38,802.0,0.7055648838848002,0.6414226217134547,1.1,0.8800000000000001
CALCE,CS2_38,803.0,0.6966394773852981,0.6333086158048163,1.1,0.8800000000000001
CALCE,CS2_38,804.0,0.6966199088996029,0.6332908262723662,1.1,0.8800000000000001
CALCE,CS2_38,805.0,0.6874630098404931,0.6249663725822664,1.1,0.8800000000000001
CALCE,CS2_38,806.0,0.6874686287306468,0.6249714806642244,1.1,0.8800000000000001
CALCE,CS2_38,807.0,0.6966432374898699,0.6333120340816999,1.1,0.8800000000000001
CALCE,CS2_38,808.0,0.6962718823588772,0.6329744385080701,1.1,0.8800000000000001
CALCE,CS2_38,809.0,0.6965778490537812,0.6332525900488919,1.1,0.8800000000000001
CALCE,CS2_38,810.0,0.6874500515161036,0.6249545922873668,1.1,0.8800000000000001
CALCE,CS2_38,811.0,0.6873658709587892,0.6248780645079901,1.1,0.8800000000000001
CALCE,CS2_38,812.0,0.6782929629323079,0.616629966302098,1.1,0.8800000000000001
CALCE,CS2_38,813.0,0.6782945954154488,0.6166314503776806,1.1,0.8800000000000001
CALCE,CS2_38,814.0,0.6782948412082731,0.6166316738257027,1.1,0.8800000000000001
CALCE,CS2_38,815.0,0.6783233370111537,0.6166575791010487,1.1,0.8800000000000001
CALCE,CS2_38,816.0,0.6783384060672568,0.6166712782429606,1.1,0.8800000000000001
CALCE,CS2_38,817.0,0.6875000079303809,0.6250000072094372,1.1,0.8800000000000001
CALCE,CS2_38,818.0,0.6782919801823528,0.6166290728930479,1.1,0.8800000000000001
CALCE,CS2_38,819.0,0.6782971722801384,0.616633792981944,1.1,0.8800000000000001
CALCE,CS2_38,820.0,0.6691638413961356,0.6083307649055778,1.1,0.8800000000000001
CALCE,CS2_38,821.0,0.6691383171641321,0.6083075610583019,1.1,0.8800000000000001
CALCE,CS2_38,822.0,0.6599757159147603,0.599977923558873,1.1,0.8800000000000001
CALCE,CS2_38,823.0,0.6599604199542272,0.5999640181402065,1.1,0.8800000000000001
CALCE,CS2_38,824.0,0.6599757615435127,0.5999779650395569,1.1,0.8800000000000001
CALCE,CS2_38,825.0,0.6599603374467077,0.5999639431333705,1.1,0.8800000000000001
CALCE,CS2_38,826.0,0.6599381456805425,0.5999437688004932,1.1,0.8800000000000001
CALCE,CS2_38,827.0,0.6599465909746465,0.5999514463405876,1.1,0.8800000000000001
CALCE,CS2_38,828.0,0.6599804373120732,0.5999822157382484,1.1,0.8800000000000001
CALCE,CS2_38,829.0,0.6599772551295007,0.5999793228450006,1.1,0.8800000000000001
CALCE,CS2_38,830.0,0.6508049721825606,0.5916408838023278,1.1,0.8800000000000001
CALCE,CS2_38,831.0,0.6507725229136797,0.5916113844669815,1.1,0.8800000000000001
CALCE,CS2_38,832.0,0.6416254377885722,0.5832958525350656,1.1,0.8800000000000001
CALCE,CS2_38,833.0,0.6416437031574923,0.5833124574159021,1.1,0.8800000000000001
CALCE,CS2_38,834.0,0.6324642332929364,0.5749674848117603,1.1,0.8800000000000001
CALCE,CS2_38,835.0,0.6324733111013668,0.574975737364879,1.1,0.8800000000000001
CALCE,CS2_38,836.0,0.641645383059449,0.583313984599499,1.1,0.8800000000000001
CALCE,CS2_38,837.0,0.6324627773075937,0.5749661611887215,1.1,0.8800000000000001
CALCE,CS2_38,838.0,0.6324898946854168,0.5749908133503789,1.1,0.8800000000000001
CALCE,CS2_38,839.0,0.6324657705231294,0.5749688822937539,1.1,0.8800000000000001
CALCE,CS2_38,840.0,0.6232998262635312,0.5666362056941192,1.1,0.8800000000000001
CALCE,CS2_38,841.0,0.6233284776778766,0.5666622524344332,1.1,0.8800000000000001
CALCE,CS2_38,842.0,0.6141790739405534,0.5583446126732303,1.1,0.8800000000000001
CALCE,CS2_38,843.0,0.6142301874667673,0.5583910795152429,1.1,0.8800000000000001
CALCE,CS2_38,844.0,0.6050642709452688,0.5500584281320625,1.1,0.8800000000000001
CALCE,CS2_38,845.0,0.6050706941880504,0.5500642674436821,1.1,0.8800000000000001
CALCE,CS2_38,846.0,0.605073278700891,0.5500666170008099,1.1,0.8800000000000001
CALCE,CS2_38,847.0,0.6050567577267106,0.5500515979333732,1.1,0.8800000000000001
CALCE,CS2_38,848.0,0.6324689753158066,0.5749717957416423,1.1,0.8800000000000001
CALCE,CS2_38,849.0,0.6232955637350751,0.56663233066825,1.1,0.8800000000000001
CALCE,CS2_38,850.0,0.6049576784475561,0.5499615258614146,1.1,0.8800000000000001
CALCE,CS2_38,851.0,0.5958022354062175,0.541638395823834,1.1,0.8800000000000001
CALCE,CS2_38,852.0,0.5958052412934853,0.541641128448623,1.1,0.8800000000000001
CALCE,CS2_38,853.0,0.5866177746826298,0.5332888860751179,1.1,0.8800000000000001
CALCE,CS2_38,854.0,0.5866303164005001,0.5333002876368182,1.1,0.8800000000000001
CALCE,CS2_38,855.0,0.5866228013614134,0.533293455783103,1.1,0.8800000000000001
CALCE,CS2_38,856.0,0.5866394711567199,0.5333086101424726,1.1,0.8800000000000001
CALCE,CS2_38,857.0,0.5958054083269385,0.5416412802972168,1.1,0.8800000000000001
CALCE,CS2_38,858.0,0.5866183578733122,0.5332894162484656,1.1,0.8800000000000001
CALCE,CS2_38,859.0,0.5774779204793784,0.5249799277085258,1.1,0.8800000000000001
CALCE,CS2_38,860.0,0.568321066527794,0.5166555150252673,1.1,0.8800000000000001
CALCE,CS2_38,861.0,0.5683059068759879,0.5166417335236253,1.1,0.8800000000000001
CALCE,CS2_38,862.0,0.5591317151678585,0.5083015592435077,1.1,0.8800000000000001
CALCE,CS2_38,863.0,0.5591231668043983,0.5082937880039985,1.1,0.8800000000000001
CALCE,CS2_38,864.0,0.5591400229401978,0.5083091117638162,1.1,0.8800000000000001
CALCE,CS2_38,865.0,0.5499650280169923,0.4999682072881748,1.1,0.8800000000000001
CALCE,CS2_38,866.0,0.559146056305459,0.5083145966413263,1.1,0.8800000000000001
CALCE,CS2_38,867.0,0.5591190121749482,0.5082900110681347,1.1,0.8800000000000001
CALCE,CS2_38,868.0,0.5499771918234434,0.4999792652940394,1.1,0.8800000000000001
CALCE,CS2_38,869.0,0.5499603610097749,0.4999639645543407,1.1,0.8800000000000001
CALCE,CS2_38,870.0,0.549945266942816,0.4999502426752872,1.1,0.8800000000000001
CALCE,CS2_38,871.0,0.5407991675698005,0.49163560688163677,1.1,0.8800000000000001
CALCE,CS2_38,872.0,0.5407931593200846,0.4916301448364406,1.1,0.8800000000000001
CALCE,CS2_38,873.0,0.540775073205491,0.4916137029140827,1.1,0.8800000000000001
CALCE,CS2_38,874.0,0.5316825709771763,0.483347791797433,1.1,0.8800000000000001
CALCE,CS2_38,875.0,0.5316676797707962,0.48333425433708743,1.1,0.8800000000000001
CALCE,CS2_38,876.0,0.5316797893596648,0.48334526305424064,1.1,0.8800000000000001
CALCE,CS2_38,877.0,0.5316673327360515,0.4833339388509559,1.1,0.8800000000000001
CALCE,CS2_38,878.0,0.5316630689585642,0.48333006268960377,1.1,0.8800000000000001
CALCE,CS2_38,879.0,0.5316663586351772,0.4833330533047065,1.1,0.8800000000000001
CALCE,CS2_38,880.0,0.5316757696200463,0.48334160874549653,1.1,0.8800000000000001
CALCE,CS2_38,881.0,0.522488761651898,0.4749897833199072,1.1,0.8800000000000001
CALCE,CS2_38,882.0,0.5224988355812885,0.47499894143753496,1.1,0.8800000000000001
CALCE,CS2_38,883.0,0.5225243687428021,0.4750221534025473,1.1,0.8800000000000001
CALCE,CS2_38,884.0,0.5133341531619933,0.46666741196544836,1.1,0.8800000000000001
CALCE,CS2_38,885.0,0.5133284248565411,0.4666622044150373,1.1,0.8800000000000001
CALCE,CS2_38,886.0,0.5133733041488073,0.466703003771643,1.1,0.8800000000000001
CALCE,CS2_38,887.0,0.5133720776354358,0.46670188875948704,1.1,0.8800000000000001
CALCE,CS2_38,888.0,0.5042091200367089,0.458371927306099,1.1,0.8800000000000001
CALCE,CS2_38,889.0,0.5042617506385578,0.45841977330777983,1.1,0.8800000000000001
CALCE,CS2_38,890.0,0.5042497233779691,0.4584088394345174,1.1,0.8800000000000001
CALCE,CS2_38,891.0,0.5225878643240263,0.47507987665820567,1.1,0.8800000000000001
CALCE,CS2_38,892.0,0.5317518379259648,0.48341076175087705,1.1,0.8800000000000001
CALCE,CS2_38,893.0,0.5317614335626185,0.4834194850569259,1.1,0.8800000000000001
CALCE,CS2_38,894.0,0.5317584442783311,0.48341676752575546,1.1,0.8800000000000001
CALCE,CS2_38,895.0,0.5317615192133082,0.4834195629211892,1.1,0.8800000000000001
CALCE,CS2_38,896.0,0.5316449368428283,0.4833135789480257,1.1,0.8800000000000001
CALCE,CS2_38,897.0,0.5224673075996381,0.4749702796360346,1.1,0.8800000000000001
CALCE,CS2_38,898.0,0.5132921423475155,0.4666292203159232,1.1,0.8800000000000001
CALCE,CS2_38,899.0,0.5041366767182919,0.45830606974390165,1.1,0.8800000000000001
CALCE,CS2_38,900.0,0.49495600286704056,0.44996000260640046,1.1,0.8800000000000001
CALCE,CS2_38,901.0,0.48581868862671507,0.44165335329701366,1.1,0.8800000000000001
CALCE,CS2_38,902.0,0.4858093956179252,0.44164490510720467,1.1,0.8800000000000001
CALCE,CS2_38,903.0,0.4858066277030722,0.4416423888209747,1.1,0.8800000000000001
CALCE,CS2_38,904.0,0.4766467619775114,0.43331523816137396,1.1,0.8800000000000001
CALCE,CS2_38,905.0,0.4766346890929717,0.4333042628117924,1.1,0.8800000000000001
CALCE,CS2_38,906.0,0.4766483108166869,0.43331664619698806,1.1,0.8800000000000001
CALCE,CS2_38,907.0,0.4766483644157081,0.433316694923371,1.1,0.8800000000000001
CALCE,CS2_38,908.0,0.4766408097519609,0.43330982704723714,1.1,0.8800000000000001
CALCE,CS2_38,909.0,0.47664224143508577,0.43331112857735066,1.1,0.8800000000000001
CALCE,CS2_38,910.0,0.4766356263492323,0.43330511486293843,1.1,0.8800000000000001
CALCE,CS2_38,911.0,0.4674731728870366,0.4249756117154878,1.1,0.8800000000000001
CALCE,CS2_38,912.0,0.4582984700809819,0.4166349728008926,1.1,0.8800000000000001
CALCE,CS2_38,913.0,0.4583116608228829,0.41664696438443893,1.1,0.8800000000000001
CALCE,CS2_38,914.0,0.4491595202436003,0.4083268365850911,1.1,0.8800000000000001
CALCE,CS2_38,915.0,0.45830446802605984,0.4166404254782362,1.1,0.8800000000000001
CALCE,CS2_38,916.0,0.45831621732102995,0.4166511066554817,1.1,0.8800000000000001
CALCE,CS2_38,917.0,0.4582967804388136,0.4166334367625578,1.1,0.8800000000000001
CALCE,CS2_38,918.0,0.4583135333027426,0.41664866663885686,1.1,0.8800000000000001
CALCE,CS2_38,919.0,0.45829198705909246,0.4166290791446295,1.1,0.8800000000000001
CALCE,CS2_38,920.0,0.45830151792260143,0.41663774356600125,1.1,0.8800000000000001
CALCE,CS2_38,921.0,0.4583241657359106,0.4166583324871914,1.1,0.8800000000000001
CALCE,CS2_38,922.0,0.4491386242768719,0.4083078402517017,1.1,0.8800000000000001
CALCE,CS2_38,923.0,0.449142275244437,0.4083111593131245,1.1,0.8800000000000001
CALCE,CS2_38,924.0,0.449146124490349,0.40831465862759,1.1,0.8800000000000001
CALCE,CS2_38,925.0,0.43998020560904993,0.3999820050991363,1.1,0.8800000000000001
CALCE,CS2_38,926.0,0.43998174309514065,0.3999834028137642,1.1,0.8800000000000001
CALCE,CS2_38,927.0,0.4307941764037652,0.39163106945796833,1.1,0.8800000000000001
CALCE,CS2_38,928.0,0.4216378080597042,0.3833070982360947,1.1,0.8800000000000001
CALCE,CS2_38,929.0,0.42164388208015824,0.3833126200728711,1.1,0.8800000000000001
CALCE,CS2_38,930.0,0.42163755887528837,0.3833068717048076,1.1,0.8800000000000001
CALCE,CS2_38,931.0,0.41247335781690553,0.37497577983355046,1.1,0.8800000000000001
CALCE,CS2_38,932.0,0.4124808626955641,0.3749826024505128,1.1,0.8800000000000001
CALCE,CS2_38,933.0,0.41247770987881044,0.374979736253464,1.1,0.8800000000000001
CALCE,CS2_38,934.0,0.40333158054558027,0.36666507322325476,1.1,0.8800000000000001
CALCE,CS2_38,935.0,0.40333605286327556,0.3666691389666141,1.1,0.8800000000000001
CALCE,CS2_38,936.0,0.4308534633306088,0.3916849666641898,1.1,0.8800000000000001
CALCE,CS2_38,937.0,0.4125118270578042,0.3750107518707311,1.1,0.8800000000000001
CALCE,CS2_38,938.0,0.4033391923847535,0.3666719930770486,1.1,0.8800000000000001
CALCE,CS2_38,939.0,0.40334965659113386,0.3666815059919398,1.1,0.8800000000000001
CALCE,CS2_38,940.0,0.38498928115564474,0.34999025559604063,1.1,0.8800000000000001
CALCE,CS2_38,941.0,0.3758324089978315,0.341665826361665,1.1,0.8800000000000001
CALCE,CS2_38,942.0,0.3758293760217153,0.34166306911065025,1.1,0.8800000000000001
CALCE,CS2_38,943.0,0.3666631694272797,0.3333301540247997,1.1,0.8800000000000001
CALCE,CS2_38,944.0,0.3666559447676506,0.33332358615240965,1.1,0.8800000000000001
CALCE,CS2_38,945.0,0.36666492257195094,0.33333174779268265,1.1,0.8800000000000001
CALCE,CS2_38,946.0,0.3574951546299711,0.3249955951181555,1.1,0.8800000000000001
CALCE,CS2_38,947.0,0.35747950900443515,0.32498137182221376,1.1,0.8800000000000001
CALCE,CS2_38,948.0,0.3575005345723598,0.3250004859748725,1.1,0.8800000000000001
CALCE,CS2_38,949.0,0.3666499445873183,0.33331813144301664,1.1,0.8800000000000001
CALCE,CS2_38,950.0,0.36666499939460345,0.33333181763145764,1.1,0.8800000000000001
CALCE,CS2_38,951.0,0.35747450789131713,0.3249768253557428,1.1,0.8800000000000001
CALCE,CS2_38,952.0,0.35748401123537105,0.3249854647594282,1.1,0.8800000000000001
CALCE,CS2_38,953.0,0.34832246127686145,0.31665678297896493,1.1,0.8800000000000001
CALCE,CS2_38,954.0,0.34832716922725115,0.31666106293386465,1.1,0.8800000000000001
CALCE,CS2_38,955.0,0.33915522251636987,0.30832292956033625,1.1,0.8800000000000001
CALCE,CS2_38,956.0,0.33915521734057325,0.30832292485506657,1.1,0.8800000000000001
CALCE,CS2_38,957.0,0.3299892721419832,0.2999902474018029,1.1,0.8800000000000001
CALCE,CS2_38,958.0,0.3299758109286358,0.29997800993512347,1.1,0.8800000000000001
CALCE,CS2_38,959.0,0.3299923425468167,0.29999303867892424,1.1,0.8800000000000001
CALCE,CS2_38,960.0,0.329995289094346,0.29999571735849634,1.1,0.8800000000000001
CALCE,CS2_38,961.0,0.32081876689943956,0.2916534244540359,1.1,0.8800000000000001
CALCE,CS2_38,962.0,0.32082186103575155,0.29165623730522866,1.1,0.8800000000000001
CALCE,CS2_38,963.0,0.3208171684359697,0.29165197130542697,1.1,0.8800000000000001
CALCE,CS2_38,964.0,0.3299758382896056,0.2999780348087323,1.1,0.8800000000000001
CALCE,CS2_38,965.0,0.32081689823726517,0.29165172567024106,1.1,0.8800000000000001
CALCE,CS2_38,966.0,0.32999538110270255,0.2999958010024568,1.1,0.8800000000000001
CALCE,CS2_38,967.0,0.3300059252393188,0.3000053865811989,1.1,0.8800000000000001
CALCE,CS2_38,968.0,0.32086784054418244,0.29169803685834766,1.1,0.8800000000000001
CALCE,CS2_38,969.0,0.3208685792248395,0.2916987083862177,1.1,0.8800000000000001
CALCE,CS2_38,970.0,0.30253970992949036,0.27503609993590034,1.1,0.8800000000000001
CALCE,CS2_38,971.0,0.30253361904147813,0.2750305627649801,1.1,0.8800000000000001
CALCE,CS2_38,972.0,0.3025412806333294,0.2750375278484813,1.1,0.8800000000000001
CALCE,CS2_38,973.0,0.302533590604709,0.2750305369133718,1.1,0.8800000000000001
CALCE,CS2_38,974.0,0.2933578426150861,0.2666889478318964,1.1,0.8800000000000001
CALCE,CS2_38,975.0,0.29336167082373654,0.26669242802157866,1.1,0.8800000000000001
CALCE,CS2_38,976.0,0.2933586836205315,0.2666897123823014,1.1,0.8800000000000001
CALCE,CS2_38,977.0,0.28418502122983935,0.25835001929985396,1.1,0.8800000000000001
CALCE,CS2_38,978.0,0.28419552061905873,0.2583595641991443,1.1,0.8800000000000001
CALCE,CS2_38,979.0,0.2933508802798661,0.2666826184362419,1.1,0.8800000000000001
CALCE,CS2_38,980.0,0.29336895223358916,0.26669904748508105,1.1,0.8800000000000001
CALCE,CS2_38,981.0,0.2933647699946347,0.2666952454496679,1.1,0.8800000000000001
CALCE,CS2_38,982.0,0.28419882677296576,0.2583625697936052,1.1,0.8800000000000001
CALCE,CS2_38,983.0,0.2933647331405014,0.26669521194591034,1.1,0.8800000000000001
CALCE,CS2_38,984.0,0.28419511081455134,0.2583591916495921,1.1,0.8800000000000001
CALCE,CS2_38,985.0,0.4125118270578042,0.3750107518707311,1.1,0.8800000000000001
CALCE,CS2_38,986.0,0.4033391923847535,0.3666719930770486,1.1,0.8800000000000001
CALCE,CS2_38,987.0,0.40334965659113386,0.3666815059919398,1.1,0.8800000000000001
CALCE,CS2_38,988.0,0.38498928115564474,0.34999025559604063,1.1,0.8800000000000001
CALCE,CS2_38,989.0,0.3758324089978315,0.341665826361665,1.1,0.8800000000000001
CALCE,CS2_38,990.0,0.3758293760217153,0.34166306911065025,1.1,0.8800000000000001
CALCE,CS2_38,991.0,0.3666631694272797,0.3333301540247997,1.1,0.8800000000000001
CALCE,CS2_38,992.0,0.3666559447676506,0.33332358615240965,1.1,0.8800000000000001
CALCE,CS2_38,993.0,0.36666492257195094,0.33333174779268265,1.1,0.8800000000000001
CALCE,CS2_38,994.0,0.3574951546299711,0.3249955951181555,1.1,0.8800000000000001
CALCE,CS2_38,995.0,0.35747950900443515,0.32498137182221376,1.1,0.8800000000000001
CALCE,CS2_38,996.0,0.3575005345723598,0.3250004859748725,1.1,0.8800000000000001
