dataset,test_cell,cycle,alpha,trend,residual,residual_compensation,soh_pred,soh_true
CALCE,CS2_35,16.0,0.411872,0.9949498772621155,-0.00033050644757855185,-0.00013612635141254124,0.9948137509107029,0.9945856461098688
CALCE,CS2_35,17.0,0.391235,0.9945856332778931,-0.0003303970875487075,-0.00012926290254313845,0.99445637037535,0.9940558377368488
CALCE,CS2_35,18.0,0.36583114,0.9940558671951294,-0.0003303190313192275,-0.00012084098670230912,0.9939350262084271,0.9933938358247986
CALCE,CS2_35,19.0,0.31242248,0.9933938384056091,-0.0003302396199468746,-0.00010317428243168169,0.9932906641231775,0.9898669806658424
CALCE,CS2_35,20.0,0.29946184,0.9898669719696045,-0.0003293401664506909,-9.862481275265863e-05,0.9897683471568518,0.989437648588973
CALCE,CS2_35,21.0,0.26830104,0.9894376397132874,-0.0003293096305646212,-8.835411634082136e-05,0.9893492855969466,0.9890863295012022
CALCE,CS2_35,22.0,0.20231414,0.9890863299369812,-0.0003295108241098202,-6.666469847736306e-05,0.9890196652385038,0.988753653496143
CALCE,CS2_35,23.0,0.19346039,0.9887536764144897,-0.0003297227684551443,-6.378829536789168e-05,0.9886898881191218,0.9883941356516056
CALCE,CS2_35,24.0,0.17510834,0.9883941411972046,-0.0003299611832579194,-5.777895617432624e-05,0.9883363622410303,0.987999773070958
CALCE,CS2_35,25.0,0.1768772,0.9879997968673706,-0.0003301796774604626,-5.840125704536826e-05,0.9879413956103252,0.9876342618995688
CALCE,CS2_35,26.0,0.21517673,0.9876342415809631,-0.00033026310909000517,-7.106493629882772e-05,0.9875631766446643,0.978600763515592
CALCE,CS2_35,27.0,0.26627296,0.9786007404327393,-0.0003247397274257144,-8.646940913103312e-05,0.9785142710236082,0.971164838151943
CALCE,CS2_35,28.0,0.3153496,0.9711648225784302,-0.0003184820390100193,-0.000100433186366967,0.9710643893920632,0.9653373000370428
CALCE,CS2_35,29.0,0.3678903,0.9653372764587402,-0.00031405876232996205,-0.00011553917177819809,0.965221737286962,0.964045412920911
CALCE,CS2_35,30.0,0.39705628,0.9640454053878784,-0.00031533598448768574,-0.00012520613344482983,0.9639201992544336,0.9627912286830088
CALCE,CS2_35,31.0,0.42060262,0.9627912044525146,-0.0003177623226302134,-0.0001336516653236943,0.962657552787191,0.9713014832056328
CALCE,CS2_35,32.0,0.39656082,0.9713014960289001,-0.0003278020792899308,-0.00012999346069119557,0.9711715025682089,0.9725132511281882
CALCE,CS2_35,33.0,0.38433823,0.9725132584571838,-0.00033000382508698717,-0.0001268330859923924,0.9723864253711915,0.9647697600817996
CALCE,CS2_35,34.0,0.4131519,0.9647697806358337,-0.00032866187227136717,-0.00013578727371281766,0.964633993362121,0.9570943989358875
CALCE,CS2_35,35.0,0.43774083,0.9570943713188171,-0.00032447258359403347,-0.00014203489888768746,0.9569523364199295,0.9559063490142868
CALCE,CS2_35,36.0,0.45056295,0.955906331539154,-0.00032416162347612826,-0.00014605521863029962,0.9557602763205237,0.9552623067175052
CALCE,CS2_35,37.0,0.45664516,0.955262303352356,-0.00032438395725014474,-0.00014812836435623968,0.9551141749879997,0.9543373113012628
CALCE,CS2_35,38.0,0.4586135,0.9543372988700867,-0.0003248574441699417,-0.0001489840143122749,0.9541883148557744,0.962877750692809
CALCE,CS2_35,39.0,0.4150151,0.9628777503967285,-0.0003303840781771275,-0.0001371143817164628,0.962740636015012,0.9640511612771328
CALCE,CS2_35,40.0,0.38046965,0.9640511870384216,-0.00033069156009499223,-0.0001258181021372614,0.9639253689362843,0.9614837574523062
CALCE,CS2_35,41.0,0.35933542,0.9614837765693665,-0.0003305839165794536,-0.00011879051134102878,0.9613649860580255,0.9529760939997434
CALCE,CS2_35,42.0,0.33775795,0.9529761075973511,-0.0003286438488711574,-0.00011100207105157122,0.9528651055262995,0.9485389132421236
CALCE,CS2_35,43.0,0.32309434,0.9485388994216919,-0.0003248123630837027,-0.00010494503548276731,0.9484339543862091,0.9481061488464164
CALCE,CS2_35,44.0,0.30870274,0.9481061697006226,-0.0003244021161646418,-0.00010014382117877712,0.9480060258794438,0.9472884142649024
CALCE,CS2_35,45.0,0.32047257,0.9472883939743042,-0.0003245916103097046,-0.00010402270699599651,0.9471843712673083,0.9542949184497704
CALCE,CS2_35,46.0,0.27741188,0.9542949199676514,-0.00032997030788659704,-9.153768283101869e-05,0.9542033822848204,0.9562783847743868
CALCE,CS2_35,47.0,0.3043122,0.956278383731842,-0.00033058626549376663,-0.00010060143352869026,0.9561777822983134,0.9602969666453108
CALCE,CS2_35,48.0,0.25554955,0.9602969884872437,-0.0003308443750396281,-8.454713118008684e-05,0.9602124413560635,0.9467883771121728
CALCE,CS2_35,49.0,0.2716138,0.9467883706092834,-0.0003288222760160914,-8.931267004616338e-05,0.9466990579392373,0.9463662580645414
CALCE,CS2_35,50.0,0.2388497,0.9463662505149841,-0.000328217566094767,-7.8394667031445e-05,0.9462878558479527,0.9458955572767622
CALCE,CS2_35,51.0,0.24509639,0.9458955526351929,-0.00032773007603194987,-8.032545704818004e-05,0.9458152271781447,0.944738312799524
CALCE,CS2_35,52.0,0.2597387,0.9447383284568787,-0.0003269966727091275,-8.493369508919238e-05,0.9446533947617894,0.9881802188508706
CALCE,CS2_35,53.0,0.07332428,0.9881802201271057,-0.00033125706121586024,-2.4289184845066585e-05,0.9881559309422606,0.982370354631276
CALCE,CS2_35,54.0,0.086519755,0.9823703765869141,-0.0003311763398720635,-2.865329592763811e-05,0.9823417232909865,0.9879540050339272
CALCE,CS2_35,55.0,0.06324425,0.9879540205001831,-0.0003311795922149585,-2.094520604995396e-05,0.9879330752941331,0.987780822939788
CALCE,CS2_35,56.0,0.048930023,0.9877808094024658,-0.0003311330656429884,-1.6202348473445736e-05,0.9877646070539924,0.9794743509010124
CALCE,CS2_35,57.0,0.04337499,0.9794743657112122,-0.00033004782205892785,-1.4315820711268446e-05,0.9794600498905008,0.9728802353881166
CALCE,CS2_35,58.0,0.04499788,0.9728802442550659,-0.00032629741898670267,-1.4682691572879536e-05,0.972865561563493,0.9715672863736544
CALCE,CS2_35,59.0,0.04755988,0.9715672731399536,-0.0003240831155323573,-1.5413353994070168e-05,0.9715518597859596,0.9636125072995388
CALCE,CS2_35,60.0,0.06224479,0.9636124968528748,-0.00031691246736317846,-1.972615046666319e-05,0.9635927707024081,0.9644565342495192
CALCE,CS2_35,61.0,0.079436146,0.9644565582275391,-0.0003190851679313253,-2.5346895897797945e-05,0.9644312113316412,0.9633437998098348
CALCE,CS2_35,62.0,0.09246394,0.9633437991142273,-0.0003218092761344618,-2.975575372287267e-05,0.9633140433605044,0.955615466335508
CALCE,CS2_35,63.0,0.13392329,0.9556154608726501,-0.00031775405625868863,-4.25546693113683e-05,0.9555729062033388,0.954649442536697
CALCE,CS2_35,64.0,0.11490531,0.9546494483947754,-0.0003206713626640739,-3.6846843187175896e-05,0.9546126015515882,0.9494051395972644
CALCE,CS2_35,65.0,0.15869051,0.9494051337242126,-0.0003194450487069428,-5.069289839277469e-05,0.9493544408258199,0.9487088033385284
CALCE,CS2_35,66.0,0.20828706,0.9487088322639465,-0.00032181537427738993,-6.702997825495785e-05,0.9486418022856916,0.9467580635913126
CALCE,CS2_35,67.0,0.28207567,0.9467580914497375,-0.0003230196445771216,-9.11159837467047e-05,0.9466669754659909,0.9475694891661758
CALCE,CS2_35,68.0,0.51610035,0.9475694894790649,-0.00032649508916043207,-0.00016850422882323506,0.9474009852502417,0.9472325302160838
CALCE,CS2_35,69.0,0.49789757,0.9472325444221497,-0.00032813548960809735,-0.00016337786138567067,0.947069166560764,0.940583602315628
CALCE,CS2_35,70.0,0.53072375,0.9405835866928101,-0.00032505791497227515,-0.00017251595579346663,0.9404110707370166,0.9394940573722188
CALCE,CS2_35,71.0,0.52502203,0.9394940733909607,-0.0003259238964394978,-0.00017111722569399142,0.9393229561652667,0.9390158634372348
CALCE,CS2_35,72.0,0.49073476,0.9390158653259277,-0.0003270732834528764,-0.00016050622794704046,0.9388553590979807,0.9385702129406552
CALCE,CS2_35,73.0,0.45604566,0.9385702013969421,-0.00032802215449249245,-0.00014959307908608482,0.938420608317856,0.932449535647583
CALCE,CS2_35,74.0,0.46947628,0.9324495196342468,-0.0003241886359907284,-0.00015219887568498563,0.9322973207585619,0.938257572682664
CALCE,CS2_35,75.0,0.4101194,0.9382575750350952,-0.0003296935425405184,-0.000135213722574945,0.9381223613125202,0.9381008164881046
CALCE,CS2_35,76.0,0.40105042,0.9381008148193359,-0.00033026039880425934,-0.00013245107119251774,0.9379683637481434,0.9376222591495104
CALCE,CS2_35,77.0,0.38039663,0.9376222491264343,-0.0003303277042336142,-0.00012565554691982037,0.9374965935795145,0.9366945508040028
CALCE,CS2_35,78.0,0.33219627,0.9366945624351501,-0.00033033637714800085,-0.00010973651083384167,0.9365848259243164,0.9321612310691918
CALCE,CS2_35,79.0,0.34125063,0.9321612119674683,-0.0003292707379641685,-0.00011236384618900151,0.9320488481212793,0.932106294266896
CALCE,CS2_35,80.0,0.31287816,0.9321063160896301,-0.00032935394373656557,-0.0001030476564546586,0.9320032684331755,0.9315696941751246
CALCE,CS2_35,81.0,0.3102619,0.9315696954727173,-0.00032941749993730535,-0.00010220570113457164,0.9314674897715827,0.930617201808561
CALCE,CS2_35,82.0,0.30461785,0.9306172132492065,-0.00032928614142149065,-0.00010030643708415367,0.9305169068121224,0.930072772142574
CALCE,CS2_35,83.0,0.30557698,0.9300727844238281,-0.0003293826275940423,-0.00010065174864219618,0.929972132675186,0.929677043489588
CALCE,CS2_35,84.0,0.29880187,0.9296770691871643,-0.0003297913386845139,-9.854226842972485e-05,0.9295785269187345,0.9291730455544644
CALCE,CS2_35,85.0,0.26430994,0.9291730523109436,-0.00033002157745862237,-8.722798423521836e-05,0.9290858243267084,0.9286504150832512
CALCE,CS2_35,86.0,0.2611701,0.928650438785553,-0.000330158943774507,-8.622764081057093e-05,0.9285642111447424,0.924185161319101
CALCE,CS2_35,87.0,0.2856738,0.9241851568222046,-0.00032851461341251026,-9.384801702643792e-05,0.9240913088051782,0.9281973213419156
CALCE,CS2_35,88.0,0.26399314,0.9281973242759705,-0.0003302691168900751,-8.718878254558593e-05,0.9281101354934249,0.923409510785644
CALCE,CS2_35,89.0,0.26288593,0.9234095215797424,-0.0003289900878751875,-8.648686460453196e-05,0.9233230347151379,0.9228486468462636
CALCE,CS2_35,90.0,0.2990523,0.922848641872406,-0.0003289932950466534,-9.838620093299434e-05,0.9227502556714731,0.9225349844518402
CALCE,CS2_35,91.0,0.29979202,0.9225350022315979,-0.0003293728705653573,-9.87433586983233e-05,0.9224362588728996,0.9141265179854966
CALCE,CS2_35,92.0,0.3435912,0.9141265153884888,-0.00032340482135303356,-0.00011111905493192955,0.9140153963335569,0.9128317980606502
CALCE,CS2_35,93.0,0.3556936,0.9128317832946777,-0.00032341801141032994,-0.0001150377195396839,0.912716745575138,0.9079432533059744
CALCE,CS2_35,94.0,0.37392774,0.9079432487487793,-0.00032067420846410705,-0.00011990898276648473,0.9078233397660128,0.907130692397102
CALCE,CS2_35,95.0,0.39369813,0.9071307182312012,-0.0003220830149947909,-0.00012680347944488946,0.9070039147517562,0.92381469953016
CALCE,CS2_35,96.0,0.30957887,0.9238147139549255,-0.00033078014126745187,-0.00010240254095166874,0.9237123114139739,0.9231986756219702
CALCE,CS2_35,97.0,0.28744906,0.9231986999511719,-0.00033083710243954345,-9.509881472822606e-05,0.9231036011364436,0.9220578129743078
CALCE,CS2_35,98.0,0.27433693,0.9220578074455261,-0.0003307181660667305,-9.072820772650209e-05,0.9219670792377996,0.9299581841205016
CALCE,CS2_35,99.0,0.20269361,0.929958164691925,-0.0003310210856702564,-6.709585929857073e-05,0.9298910688326265,0.9300871631662176
CALCE,CS2_35,100.0,0.18099046,0.930087149143219,-0.0003309890591270265,-5.990586125041019e-05,0.9300272432819686,0.9214885918051168
CALCE,CS2_35,101.0,0.2043022,0.9214885830879211,-0.00033018866657485296,-6.745827318726762e-05,0.9214211248147339,0.9473728190586784
CALCE,CS2_35,102.0,0.08564081,0.9473727941513062,-0.00033110740827126117,-2.8356306783744212e-05,0.9473444378445224,0.946874885560706
CALCE,CS2_35,103.0,0.08166358,0.9468748569488525,-0.0003310845063567089,-2.7037545657336557e-05,0.9468478194031952,0.9542554273206908
CALCE,CS2_35,104.0,0.050902233,0.9542554020881653,-0.00033108360292812694,-1.685289454236709e-05,0.9542385491936229,0.954744515573127
CALCE,CS2_35,105.0,0.04256832,0.9547445178031921,-0.00033107845338520986,-1.4093453067358479e-05,0.9547304243501248,0.9404672202380968
CALCE,CS2_35,106.0,0.055482462,0.9404672384262085,-0.0003286447974711684,-1.823402250314112e-05,0.9404490044037054,0.940187143278604
CALCE,CS2_35,107.0,0.045490947,0.9401871562004089,-0.0003276521101453281,-1.4905204652781735e-05,0.9401722509957562,0.9406107691844188
CALCE,CS2_35,108.0,0.04541727,0.9406107664108276,-0.0003273488291703694,-1.4867290667468498e-05,0.9405958991201602,0.9394201349183234
CALCE,CS2_35,109.0,0.04504868,0.9394201636314392,-0.000326698586448515,-1.4717340128489804e-05,0.9394054462913107,0.938499960283454
CALCE,CS2_35,110.0,0.05143463,0.9384999871253967,-0.00032654242881812595,-1.6795588569773544e-05,0.9384831915368269,0.9465176192505472
CALCE,CS2_35,111.0,0.0695545,0.9465176463127136,-0.0003305721268364592,-2.2992779089205285e-05,0.9464946535336244,0.9467398284205808
CALCE,CS2_35,112.0,0.070555605,0.9467398524284363,-0.00033072837480970646,-2.3334740573479464e-05,0.9467165176878628,0.9378892048771168
CALCE,CS2_35,113.0,0.09273605,0.9378892183303833,-0.00032932535022194703,-3.054033230468806e-05,0.9378586779980786,0.931931409870752
CALCE,CS2_35,114.0,0.14615977,0.9319314360618591,-0.00032548731457727326,-4.757315041958803e-05,0.9318838629114395,0.9306938186113852
CALCE,CS2_35,115.0,0.1696307,0.9306938052177429,-0.00032441431245049807,-5.503062895813933e-05,0.9306387745887847,0.9300307530241002
CALCE,CS2_35,116.0,0.16193202,0.9300307631492615,-0.00032443734987933764,-5.253679587695976e-05,0.9299782263533846,0.9243863512037044
CALCE,CS2_35,117.0,0.37703687,0.9243863224983215,-0.0003206016631489769,-0.00012087864743849037,0.924265443850883,0.9371742453624698
CALCE,CS2_35,118.0,0.31048822,0.9371742606163025,-0.00033036582891977223,-0.00010257469950134726,0.9370716859168011,0.9375720698144046
CALCE,CS2_35,119.0,0.3404158,0.9375720620155334,-0.0003306857329806387,-0.00011257065018583218,0.9374594913653476,0.928758762621638
CALCE,CS2_35,120.0,0.366931,0.9287587404251099,-0.00032915677044855624,-0.00012077782011040051,0.9286379626049994,0.9215390789051578
CALCE,CS2_35,121.0,0.33389473,0.9215390682220459,-0.000324886850770284,-0.0001084780071931717,0.9214305902148527,0.9218642636138592
CALCE,CS2_35,122.0,0.34889734,0.9218642711639404,-0.000325601507950031,-0.00011360149934439142,0.9217506696645961,0.9158406716795564
CALCE,CS2_35,123.0,0.39484316,0.9158406853675842,-0.00032035642746040816,-0.00012649054449912766,0.9157141948230851,0.9222686134362064
CALCE,CS2_35,124.0,0.37433836,0.9222686290740967,-0.00032728161408387274,-0.00012251406222942636,0.9221461150118673,0.9283964694391394
CALCE,CS2_35,125.0,0.32696354,0.928396463394165,-0.0003305315628931299,-0.00010807177117166841,0.9282883916229934,0.9285926837494662
CALCE,CS2_35,126.0,0.35811728,0.9285926818847656,-0.0003306172079226982,-0.00011839973601284281,0.9284742821487528,0.9284619538087638
CALCE,CS2_35,127.0,0.32835805,0.9284619688987732,-0.0003306966644664802,-0.00010858691326177029,0.9283533819855114,0.9282607918157608
CALCE,CS2_35,128.0,0.24614388,0.9282608032226562,-0.00033075312875285173,-8.141285760855288e-05,0.9281793903650477,0.928019541969328
CALCE,CS2_35,129.0,0.20715636,0.9280195236206055,-0.00033070931246662744,-6.850853743809169e-05,0.9279510150831674,0.928168321010977
CALCE,CS2_35,130.0,0.19526075,0.9281682968139648,-0.00033059277017955663,-6.455179167697804e-05,0.9281037450222879,0.9279935112508976
CALCE,CS2_35,131.0,0.18845503,0.9279935359954834,-0.00033047410483531825,-6.227950744740046e-05,0.927931256488036,0.9277239380647868
CALCE,CS2_35,132.0,0.16531383,0.9277239441871643,-0.0003304297013205157,-5.4624597822620445e-05,0.9276693195893417,0.9272665876158454
CALCE,CS2_35,133.0,0.21695669,0.9272665977478027,-0.00033038136789138167,-7.167844800012415e-05,0.9271949192998026,0.9236189177101128
CALCE,CS2_35,134.0,0.21998046,0.9236189126968384,-0.0003297247559980246,-7.25330046141434e-05,0.9235463796922242,0.9233526915886135
CALCE,CS2_35,135.0,0.18154272,0.9233527183532715,-0.0003296820689975277,-5.985138098206481e-05,0.9232928669722894,0.9232334848089632
CALCE,CS2_35,136.0,0.16059491,0.9232335090637207,-0.0003298740475711909,-5.297609310744693e-05,0.9231805329706133,0.9231893480416375
CALCE,CS2_35,137.0,0.16768889,0.9231893420219421,-0.0003300457441731894,-5.5345004915919234e-05,0.9231339970170263,0.9231661218980955
CALCE,CS2_35,138.0,0.15574084,0.9231660962104797,-0.0003302127881179909,-5.142761773435623e-05,0.9231146685927454,0.923572708399894
CALCE,CS2_35,139.0,0.18874311,0.9235727190971375,-0.00033038678846287334,-6.235823143469807e-05,0.9235103608657027,0.9272517098875676
CALCE,CS2_35,140.0,0.20065291,0.9272516965866089,-0.00033072349629536396,-6.636063268417707e-05,0.9271853359539247,0.9067311828141242
CALCE,CS2_35,141.0,0.32319784,0.9067311882972717,-0.0003180124368331247,-0.00010278093320050609,0.9066284073640712,0.9074631409858216
CALCE,CS2_35,142.0,0.34588215,0.9074631333351135,-0.0003197268732530803,-0.00011058781755040844,0.9073525455175632,0.9059456448770804
CALCE,CS2_35,143.0,0.37471056,0.9059456586837769,-0.0003198529015402615,-0.0001198522598041897,0.9058258064239727,0.9054740851859368
CALCE,CS2_35,144.0,0.39278504,0.905474066734314,-0.00032128659752837796,-0.00012619656987268373,0.9053478701644413,0.9041856434430676
CALCE,CS2_35,145.0,0.4128521,0.9041856527328491,-0.00032278398523152146,-0.00013326204888594153,0.9040523906839631,0.9134502774137754
CALCE,CS2_35,146.0,0.3725639,0.913450300693512,-0.00033019237063203893,-0.00012301775687855858,0.9133272829366335,0.913947187030528
CALCE,CS2_35,147.0,0.3586729,0.9139471650123596,-0.0003306710974376112,-0.00011860275719413114,0.9138285622551655,0.8992958594334686
CALCE,CS2_35,148.0,0.42849293,0.8992958664894104,-0.0003256423429219349,-0.00013953544279425394,0.8991563310466162,0.8980275891072362
CALCE,CS2_35,149.0,0.4296307,0.8980275988578796,-0.00032539344834760925,-0.0001397990139391247,0.8978877998439405,0.9048151459401352
CALCE,CS2_35,150.0,0.40361896,0.904815137386322,-0.0003298343418850144,-0.00013312739456262698,0.9046820099917594,0.913421775118333
CALCE,CS2_35,151.0,0.32881543,0.9134217500686646,-0.0003307880462675439,-0.00010876821380554912,0.913312981854859,0.9135995510848932
CALCE,CS2_35,152.0,0.29459968,0.9135995507240295,-0.00033069476726645813,-9.742257330640695e-05,0.9135021281507232,0.8989111541924347
CALCE,CS2_35,153.0,0.38681617,0.89891117811203,-0.00032720179616865797,-0.00012656694685179266,0.8987846111651783,0.903659635458996
CALCE,CS2_35,154.0,0.34485084,0.9036596417427063,-0.00032938005282258376,-0.00011358698729707568,0.9035460547554093,0.9039792235009708
CALCE,CS2_35,155.0,0.33687285,0.9039792418479919,-0.00032973211894096743,-0.00011107779728836965,0.9038681640507036,0.9034753294227096
CALCE,CS2_35,156.0,0.2024469,0.9034753441810608,-0.0003295547307389027,-6.671733126459788e-05,0.9034086268497962,0.904185466379225
CALCE,CS2_35,157.0,0.20370564,0.9041854739189148,-0.0003297907062845065,-6.718022644355681e-05,0.9041182936924712,0.9117430905785884
CALCE,CS2_35,158.0,0.15955266,0.9117431044578552,-0.00033080507589631353,-5.2780830979973606e-05,0.9116903236268753,0.912681666264299
CALCE,CS2_35,159.0,0.14959806,0.9126816391944885,-0.0003308930246687658,-4.9500955232479e-05,0.912632138239256,0.8992021889011976
CALCE,CS2_35,160.0,0.20371582,0.8992021679878235,-0.000328064705978702,-6.683196932523779e-05,0.8991353360184983,0.8985178254665427
CALCE,CS2_35,161.0,0.26276448,0.8985178470611572,-0.0003272530657406833,-8.599048285540596e-05,0.8984318565783018,0.8975364757385567
CALCE,CS2_35,162.0,0.26865715,0.8975364565849304,-0.00032629118532948725,-8.766045923043008e-05,0.8974487961256999,0.8984947986920874
CALCE,CS2_35,163.0,0.19428252,0.8984947800636292,-0.0003274398044285712,-6.361582931703718e-05,0.8984311642343121,0.9060081261641892
CALCE,CS2_35,164.0,0.1626975,0.9060081243515015,-0.0003304146140631972,-5.375762969897138e-05,0.9059543667218025,0.9116389409625713
CALCE,CS2_35,165.0,0.16577478,0.9116389155387878,-0.0003308586492112228,-5.484801896740404e-05,0.9115840675198205,0.9121371747870132
CALCE,CS2_35,166.0,0.1905259,0.9121371507644653,-0.0003309072536689314,-6.304640374398415e-05,0.9120741043607213,0.8973357189385999
CALCE,CS2_35,167.0,0.2524233,0.8973357081413269,-0.000328185042665817,-8.284154702949692e-05,0.8972528665942974,0.8988590262211019
CALCE,CS2_35,168.0,0.18212268,0.8988590240478516,-0.00032827199766682913,-5.978577518456993e-05,0.898799238272667,0.9046490980935809
CALCE,CS2_35,169.0,0.18153477,0.9046490788459778,-0.00033014859951724373,-5.993344913855161e-05,0.9045891453968392,0.9122783846465724
CALCE,CS2_35,170.0,0.14819512,0.912278413772583,-0.0003307734558959455,-4.9019011232511584e-05,0.9122293947613505,0.9124517136216062
CALCE,CS2_35,171.0,0.14038171,0.9124516844749451,-0.00033071044175235487,-4.642569691174872e-05,0.9124052587780334,0.91261145839471
CALCE,CS2_35,172.0,0.13760556,0.9126114845275879,-0.0003307731848673709,-4.551623026485048e-05,0.9125659682973231,0.9127800608553172
CALCE,CS2_35,173.0,0.15700229,0.9127800464630127,-0.0003308328111537792,-5.194150734476671e-05,0.9127281049556679,0.912958570137997
CALCE,CS2_35,174.0,0.14724378,0.912958562374115,-0.0003307630664672531,-4.870280514293992e-05,0.9129098595689721,0.913096635592548
CALCE,CS2_35,175.0,0.10404501,0.9130966067314148,-0.00033068613952350057,-3.4406243058381495e-05,0.9130622004883564,0.9136854984963444
CALCE,CS2_35,176.0,0.10140997,0.9136855006217957,-0.00033060026863678676,-3.3526163891103885e-05,0.9136519744579046,0.9138788228219928
CALCE,CS2_35,177.0,0.10037027,0.9138787984848022,-0.00033057930909368566,-3.3180335499914834e-05,0.9138456181493023,0.9139735409390296
CALCE,CS2_35,178.0,0.10545164,0.9139735698699951,-0.0003305465146361611,-3.485667321065525e-05,0.9139387131967844,0.9139999450313406
CALCE,CS2_35,179.0,0.12962729,0.9139999747276306,-0.00033052916880738775,-4.2845599555061747e-05,0.9139571291280756,0.914272975846144
CALCE,CS2_35,180.0,0.14443994,0.9142729640007019,-0.00033053386663601386,-4.774229043835714e-05,0.9142252217102635,0.9143654532647626
CALCE,CS2_35,181.0,0.14130203,0.9143654704093933,-0.00033052429029304525,-4.6703754590367476e-05,0.9143187666548029,0.914414157746301
CALCE,CS2_35,182.0,0.10363719,0.9144141674041748,-0.0003305073058357047,-3.4252848012706256e-05,0.9143799145561621,0.9144371157480652
CALCE,CS2_35,183.0,0.114048555,0.9144371151924133,-0.00033049660020700866,-3.769265984907412e-05,0.9143994225325642,0.9145635913460836
CALCE,CS2_35,184.0,0.13874747,0.9145635962486267,-0.0003304974584641615,-4.585568573757445e-05,0.9145177405628891,0.9145330016285068
CALCE,CS2_35,185.0,0.16867785,0.9145330190658569,-0.0003304864366354618,-5.57457421006401e-05,0.9144772733237563,0.9145341836235034
CALCE,CS2_35,186.0,0.16973217,0.9145342111587524,-0.0003304766344353477,-5.609251574076361e-05,0.9144781186430117,0.9145178296927908
CALCE,CS2_35,187.0,0.17093357,0.9145178198814392,-0.00033047080732099415,-5.648855634282053e-05,0.9144613313250964,0.9057554156665188
CALCE,CS2_35,188.0,0.20789811,0.9057554006576538,-0.00032634773995871696,-6.784707838956218e-05,0.9056875535792642,0.904383404133291
CALCE,CS2_35,189.0,0.2276064,0.9043834209442139,-0.0003254559656054798,-7.407586096578986e-05,0.9043093450832481,0.9041100254997216
CALCE,CS2_35,190.0,0.24306199,0.9041100144386292,-0.00032617477855670374,-7.928069061566038e-05,0.9040307337480135,0.8985312233926737
CALCE,CS2_35,191.0,0.2936452,0.8985311985015869,-0.00032228204031139324,-9.463657518709028e-05,0.8984365619263999,0.8973919389220744
CALCE,CS2_35,192.0,0.31832474,0.8973919153213501,-0.00032324297212257824,-0.00010289623657743678,0.8972890190847727,0.905626061268986
CALCE,CS2_35,193.0,0.2916752,0.9056260585784912,-0.0003301555559173247,-9.629819110455016e-05,0.9055297603873866,0.9105697766265816
CALCE,CS2_35,194.0,0.25072777,0.9105697870254517,-0.00033080444349630617,-8.294186132129555e-05,0.9104868451641304,0.9066524041814822
CALCE,CS2_35,195.0,0.27381775,0.9066523909568787,-0.00033059389946528406,-9.052247699836604e-05,0.9065618684798803,0.8971787595029908
CALCE,CS2_35,196.0,0.3341856,0.8971787691116333,-0.00032855725524157803,-0.0001097991035695062,0.8970689700080638,0.9333833995676152
CALCE,CS2_35,197.0,0.12159004,0.9333834052085876,-0.0003311764753863508,-4.026776109598646e-05,0.9333431374474916,0.9390054807008954
CALCE,CS2_35,198.0,0.08894921,0.9390054941177368,-0.00033121505178679983,-2.9461317508480467e-05,0.9389760328002283,0.9402911915227716
CALCE,CS2_35,199.0,0.072328605,0.940291166305542,-0.00033110144564262034,-2.3948105596616586e-05,0.9402672181999454,0.9407490139088006
CALCE,CS2_35,200.0,0.060177777,0.9407489895820618,-0.00033110790515698124,-1.992533766706361e-05,0.9407290642443947,0.9408033307188562
CALCE,CS2_35,201.0,0.051469926,0.9408033490180969,-0.00033102686761318084,-1.7037928310885928e-05,0.940786311089786,0.9406629748207948
CALCE,CS2_35,202.0,0.045122564,0.9406629800796509,-0.00033089550909736615,-1.4930853733270657e-05,0.9406480492259176,0.940636666244348
CALCE,CS2_35,203.0,0.033137463,0.9406366944313049,-0.0003306648637803958,-1.095739469990075e-05,0.940625737036605,0.9407409479548294
CALCE,CS2_35,204.0,0.030779846,0.9407409429550171,-0.0003305398292646547,-1.0173965045794627e-05,0.9407307689899713,0.9405229779683258
CALCE,CS2_35,205.0,0.030637875,0.9405229687690735,-0.00033048074503539554,-1.0125227822172057e-05,0.9405128435412513,0.9401697855763814
CALCE,CS2_35,206.0,0.028042436,0.9401698112487793,-0.0003304216156347073,-9.265826892502504e-06,0.9401605454218868,0.9398270511567852
CALCE,CS2_35,207.0,0.030264843,0.939827024936676,-0.00033039171214864493,-9.999253381022807e-06,0.939817025683295,0.9391727051654576
CALCE,CS2_35,208.0,0.042426422,0.9391726851463318,-0.0003303099970334081,-1.4013871403687479e-05,0.9391586712749281,0.938956623101685
CALCE,CS2_35,209.0,0.053485684,0.938956618309021,-0.0003303027696047525,-1.7666469591382266e-05,0.9389389518394297,0.9386990465531494
CALCE,CS2_35,210.0,0.055121697,0.9386990666389465,-0.0003303141979763141,-1.8207479295998412e-05,0.9386808591596505,0.9384099036993182
CALCE,CS2_35,211.0,0.052575577,0.9384099245071411,-0.0003303225998621262,-1.7366901300555344e-05,0.9383925576058405,0.938301017485546
CALCE,CS2_35,212.0,0.15645127,0.9383010268211365,-0.00033035435537678154,-5.1684358443524165e-05,0.938249342462693,0.9378077933446628
CALCE,CS2_35,213.0,0.18452385,0.9378077983856201,-0.0003303387260623139,-6.0955373761544834e-05,0.9377468430118586,0.9298442675520506
CALCE,CS2_35,214.0,0.23001733,0.9298442602157593,-0.00032611438435600076,-7.501196134127479e-05,0.929769248254418,0.9218020911596548
CALCE,CS2_35,215.0,0.29126954,0.9218021035194397,-0.00031905869747387433,-9.293208029723179e-05,0.9217091714391424,0.9222236299622484
CALCE,CS2_35,216.0,0.3102676,0.9222236275672913,-0.0003209257681527494,-9.957286704034673e-05,0.9221240547002509,0.9213790556152556
CALCE,CS2_35,217.0,0.33344367,0.921379029750824,-0.0003221887161388784,-0.00010743178841391655,0.9212715979624101,0.9156315890141404
CALCE,CS2_35,218.0,0.38287643,0.9156315922737122,-0.0003192524829047014,-0.0001222342496402789,0.9155093580240719,0.9232281484600836
CALCE,CS2_35,219.0,0.36695847,0.9232281446456909,-0.00032809524186477174,-0.00012039732769089965,0.923107747318,0.9282558352837889
CALCE,CS2_35,220.0,0.34059814,0.9282558560371399,-0.0003306696519518801,-0.00011262546714828198,0.9281432305699916,0.922798971764866
CALCE,CS2_35,221.0,0.3627613,0.9227989912033081,-0.000330158943774507,-0.00011976888397932944,0.9226792223193288,0.9137529827784556
CALCE,CS2_35,222.0,0.40851298,0.9137529730796814,-0.00032649743807474513,-0.00013337844130730512,0.913619594638374,0.913201426534004
CALCE,CS2_35,223.0,0.4165634,0.9132014513015747,-0.00032638035373052515,-0.00013595810712949618,0.9130654931944452,0.9082797114191196
CALCE,CS2_35,224.0,0.44105497,0.9082797169685364,-0.0003221932784532172,-0.00014210494677076763,0.9081376120217656,0.9069190489540944
CALCE,CS2_35,225.0,0.45144647,0.9069190621376038,-0.0003220234338798117,-0.00014537634364111436,0.9067736857939627,0.9154607537750484
CALCE,CS2_35,226.0,0.41554996,0.9154607653617859,-0.0003296761967117451,-0.00013699693158050408,0.9153237684302054,0.9160421274314658
CALCE,CS2_35,227.0,0.3932996,0.916042149066925,-0.00033040955486313833,-0.0001299499488771951,0.9159121991180479,0.9074719801674878
CALCE,CS2_35,228.0,0.41402987,0.9074719548225403,-0.00032797856406341364,-0.000135792921079929,0.9073361619014604,0.9053503970454992
CALCE,CS2_35,229.0,0.3814451,0.905350387096405,-0.0003278757990622175,-0.00012506662018854493,0.9052253204762165,0.9048281158227652
CALCE,CS2_35,230.0,0.34903824,0.9048281311988831,-0.0003282315692377871,-0.00011456537032031209,0.9047135658285628,0.8998340984487011
CALCE,CS2_35,231.0,0.3856278,0.8998340964317322,-0.00032428661282044025,-0.00012505393507765438,0.8997090424966545,0.8986705624764255
CALCE,CS2_35,232.0,0.39796466,0.8986705541610718,-0.00032449254936569444,-0.00012913656589742646,0.8985414175951744,0.9072597284192538
CALCE,CS2_35,233.0,0.32236782,0.9072597026824951,-0.0003303613117768625,-0.00010649785495276686,0.9071532048275424,0.9124355557246686
CALCE,CS2_35,234.0,0.32737976,0.9124355316162109,-0.00033082766161086213,-0.00010830628149381603,0.9123272253347171,0.9058303880816716
CALCE,CS2_35,235.0,0.36694872,0.9058303833007812,-0.0003304194022346815,-0.00012124697796647217,0.9057091363228148,0.8971801560327214
CALCE,CS2_35,236.0,0.36877844,0.8971801400184631,-0.0003275871536302863,-0.00012080707862023594,0.8970593329398429,0.8973531622195673
CALCE,CS2_35,237.0,0.31906882,0.8973531723022461,-0.0003274555692573261,-0.0001044808618510489,0.8972486914403951,0.8970284809866774
CALCE,CS2_35,238.0,0.3233752,0.8970285058021545,-0.00032725044579779566,-0.00010582467681036036,0.8969226811253442,0.8966546529279904
CALCE,CS2_35,239.0,0.30313006,0.8966546654701233,-0.00032743022808560257,-9.92539448276189e-05,0.8965554115252957,0.8991399291803339
CALCE,CS2_35,240.0,0.28151792,0.899139940738678,-0.00032957962019633524,-9.27825701006799e-05,0.8990471581685773,0.9049289299428274
CALCE,CS2_35,241.0,0.29174915,0.9049289226531982,-0.00033071247446666424,-9.648508317483952e-05,0.9048324375700234,0.9051790364468442
CALCE,CS2_35,242.0,0.26434773,0.9051790237426758,-0.00033079694503907603,-8.744542219580757e-05,0.9050915783204799,0.8904759718042452
CALCE,CS2_35,243.0,0.29387572,0.8904759883880615,-0.00032601753681201634,-9.580863969250458e-05,0.890380179748369,0.8898145700651994
CALCE,CS2_35,244.0,0.29986018,0.889814555644989,-0.0003253583049757716,-9.75619997072164e-05,0.8897169936452818,0.8990334228556419
CALCE,CS2_35,245.0,0.23992239,0.8990334272384644,-0.00033022272583239226,-7.922782541195385e-05,0.8989541994130524,0.9060261259467556
CALCE,CS2_35,246.0,0.17302144,0.9060261249542236,-0.000330794144410472,-5.723447779949412e-05,0.9059688904764241,0.9062913230489232
CALCE,CS2_35,247.0,0.16339675,0.9062913060188293,-0.0003306972968664876,-5.403486219258423e-05,0.9062372711566368,0.9062348734576314
CALCE,CS2_35,248.0,0.19370236,0.906234860420227,-0.00033077426898166923,-6.407175488414944e-05,0.906170788665343,0.9062015746773529
CALCE,CS2_35,249.0,0.20173584,0.9062016010284424,-0.0003308264871537056,-6.673955903132241e-05,0.906134861469411,0.9062587595753973
CALCE,CS2_35,250.0,0.16151685,0.906258761882782,-0.0003307470306099236,-5.342121695207732e-05,0.9062053406658299,0.9062147220748276
CALCE,CS2_35,251.0,0.12760057,0.906214714050293,-0.00033063468926575884,-4.2189173341655854e-05,0.9061725248769513,0.90619196118783
CALCE,CS2_35,252.0,0.1272965,0.9061919450759888,-0.0003305086609785776,-4.207259819432435e-05,0.9061498724777944,0.9059897850205776
CALCE,CS2_35,253.0,0.12693824,0.9059897661209106,-0.00033046299266376034,-4.194839025747649e-05,0.9059478177306531,0.905810094390518
CALCE,CS2_35,254.0,0.1275356,0.9058101177215576,-0.0003304292947776538,-4.2141497207207164e-05,0.9057679762243505,0.9056479710883192
CALCE,CS2_35,255.0,0.13772143,0.9056479930877686,-0.0003304197636061143,-4.550588374361299e-05,0.9056024872040249,0.9054829427744124
CALCE,CS2_35,256.0,0.15687826,0.9054829478263855,-0.00033041231032031326,-5.183450923699219e-05,0.9054311133171485,0.905381009584056
CALCE,CS2_35,257.0,0.1545996,0.9053810238838196,-0.0003304132589203243,-5.1081759973636276e-05,0.905329942123846,0.9053099571577766
CALCE,CS2_35,258.0,0.11432004,0.9053099751472473,-0.00033041899569181965,-3.777351272136156e-05,0.9052722016345259,0.9053214275318732
CALCE,CS2_35,259.0,0.12061965,0.9053214192390442,-0.0003304331343491271,-3.985672808999308e-05,0.9052815625109542,0.9051977049621102
CALCE,CS2_35,260.0,0.16267535,0.9051976799964905,-0.00033043349572055986,-5.3753384866931014e-05,0.9051439266116236,0.9051365602293476
CALCE,CS2_35,261.0,0.19210653,0.9051365852355957,-0.00033043683840631305,-6.347907443363885e-05,0.9050731061611621,0.904929910401746
CALCE,CS2_35,262.0,0.1941391,0.9049299359321594,-0.0003304274879204899,-6.41488928602287e-05,0.9048657870392992,0.8899711755147802
CALCE,CS2_35,263.0,0.27322352,0.8899711966514587,-0.00031989319445501624,-8.740234439719811e-05,0.8898837943070615,0.8888647499564565
CALCE,CS2_35,264.0,0.30842292,0.8888647556304932,-0.0003197433156532717,-9.86161680516547e-05,0.8887661394624415,0.8887018844049757
CALCE,CS2_35,265.0,0.33160996,0.888701856136322,-0.0003212877268141054,-0.00010654221164157752,0.8885953139246805,0.8966506704656313
CALCE,CS2_35,266.0,0.30100518,0.8966506719589233,-0.00032894279338892274,-9.901348626345802e-05,0.8965516584726598,0.8973652670698967
CALCE,CS2_35,267.0,0.29556355,0.8973652720451355,-0.0003299742829723576,-9.752837008914406e-05,0.8972677436750464,0.8894097843305976
CALCE,CS2_35,268.0,0.35084355,0.8894097805023193,-0.0003280469536070668,-0.00011509315736823901,0.8892946873449511,0.8822197320559342
CALCE,CS2_35,269.0,0.40167108,0.8822197318077087,-0.0003235529384690433,-0.00012996185880840728,0.8820897699489003,0.8821503563801448
CALCE,CS2_35,270.0,0.41722736,0.8821503520011902,-0.00032465123659611295,-0.000135453377594997,0.8820148986235952,0.8818009706556392
CALCE,CS2_35,271.0,0.42858347,0.8818009495735168,-0.00032566411555075975,-0.00013957425766351916,0.8816613753158533,0.8894768472527401
CALCE,CS2_35,272.0,0.3936399,0.8894768357276917,-0.00033024431777550073,-0.0001299973376949479,0.8893468383899967,0.8905811962991774
CALCE,CS2_35,273.0,0.3773137,0.8905811905860901,-0.0003305855427509011,-0.0001247344553923098,0.8904564561306978,0.895722469824942
CALCE,CS2_35,274.0,0.314473,0.8957224488258362,-0.0003308505183539853,-0.00010404355610019189,0.895618405269736,0.8808479133700222
CALCE,CS2_35,275.0,0.3954307,0.8808479309082031,-0.00032835759752496835,-0.00012984267920115468,0.880718088229002,0.8803122575267
CALCE,CS2_35,276.0,0.39157063,0.8803122639656067,-0.0003277037862602153,-0.00012831917728209287,0.8801839447883246,0.8801948075912623
CALCE,CS2_35,277.0,0.38016042,0.8801947832107544,-0.00032742905362844604,-0.00012447556691858323,0.8800703076438358,0.8804586028690379
CALCE,CS2_35,278.0,0.27691078,0.8804585933685303,-0.0003278363644046156,-9.078142398953724e-05,0.8803678119445407,0.8804351060756423
CALCE,CS2_35,279.0,0.2766897,0.8804351091384888,-0.0003281991361516953,-9.080932322409571e-05,0.8803442998152646,0.8889273935136597
CALCE,CS2_35,280.0,0.21784306,0.8889274001121521,-0.0003306917859521377,-7.20389091550036e-05,0.8888553612029971,0.8894677236958329
CALCE,CS2_35,281.0,0.2495262,0.889467716217041,-0.0003308477177253813,-8.255517466892234e-05,0.8893851610423721,0.8811635259417007
CALCE,CS2_35,282.0,0.28486767,0.8811635375022888,-0.0003299900026296834,-9.400348452943625e-05,0.8810695340177593,0.87482310479413
CALCE,CS2_35,283.0,0.2736537,0.8748230934143066,-0.0003267135381915462,-8.940636400744335e-05,0.8747336870502992,0.8750173023055566
CALCE,CS2_35,284.0,0.24518393,0.8750172853469849,-0.00032646983833156673,-8.004515792362651e-05,0.8749372401890613,0.8745118518914632
CALCE,CS2_35,285.0,0.26474267,0.8745118379592896,-0.00032630067132959767,-8.63857117478699e-05,0.8744254522475416,0.8736480304776577
CALCE,CS2_35,286.0,0.2864355,0.8736480474472046,-0.0003264248475881859,-9.349966922603453e-05,0.8735545477779786,0.8818502158852934
CALCE,CS2_35,287.0,0.28362012,0.8818502426147461,-0.0003305478246076049,-9.375001338175203e-05,0.8817564926013644,0.8878364780953966
CALCE,CS2_35,288.0,0.23070398,0.8878364562988281,-0.0003309093315546699,-7.634209971965697e-05,0.8877601141991085,0.8828735813981403
CALCE,CS2_35,289.0,0.2675371,0.8828735947608948,-0.00033072214115249104,-8.848043831717001e-05,0.8827851143225776,0.8729118383249609
CALCE,CS2_35,290.0,0.23674369,0.872911810874939,-0.0003285850808419019,-7.779044405197801e-05,0.872834020430887,0.8730644467848292
CALCE,CS2_35,291.0,0.2432593,0.8730644583702087,-0.0003279593662060473,-7.97791644812468e-05,0.8729846792057275,0.8750198179333768
CALCE,CS2_35,292.0,0.23870233,0.8750197887420654,-0.00032916336547720443,-7.857206130684447e-05,0.8749412166807586,0.8745045142914493
CALCE,CS2_35,293.0,0.24898386,0.8745045065879822,-0.0003289721548178359,-8.190875694428289e-05,0.8744225978310379,0.882896827898091
CALCE,CS2_35,294.0,0.19920327,0.8828968405723572,-0.00033063911606581037,-6.586439234760631e-05,0.8828309761800096,0.8877838722273883
CALCE,CS2_35,295.0,0.20459075,0.8877838850021362,-0.0003309218892119589,-6.770355840567473e-05,0.8877161814437305,0.8878285441915195
CALCE,CS2_35,296.0,0.18773124,0.887828528881073,-0.0003309221150691044,-6.212441775426353e-05,0.8877664044633188,0.8878758378681143
CALCE,CS2_35,297.0,0.14323756,0.8878758549690247,-0.0003308959608116571,-4.739673036726806e-05,0.8878284582386574,0.8878961146612724
CALCE,CS2_35,298.0,0.11898134,0.8878961205482483,-0.0003308414840681659,-3.936396278355709e-05,0.8878567565854647,0.888548798817499
CALCE,CS2_35,299.0,0.11604844,0.8885487914085388,-0.00033077589515311673,-3.838602673365414e-05,0.8885104053818051,0.8887257612701873
CALCE,CS2_35,300.0,0.11353317,0.888725757598877,-0.00033066694166613425,-3.754166578119238e-05,0.8886882159330958,0.888871431932813
CALCE,CS2_35,301.0,0.11160326,0.888871431350708,-0.00033057321095075753,-3.689304802408879e-05,0.8888345383026839,0.8889498397033346
CALCE,CS2_35,302.0,0.13595669,0.8889498114585876,-0.00033054552086472094,-4.493987481701533e-05,0.8889048715837706,0.8890054288837006
CALCE,CS2_35,303.0,0.14988226,0.8890054225921631,-0.0003305204958930011,-4.95391579041488e-05,0.8889558834342589,0.8890874338983572
CALCE,CS2_35,304.0,0.12937222,0.889087438583374,-0.0003305104678357415,-4.2758874349157034e-05,0.8890446797090249,0.889092818800108
CALCE,CS2_35,305.0,0.10455005,0.8890928030014038,-0.0003304926251212481,-3.455302005436391e-05,0.8890582499813494,0.8891693214326147
CALCE,CS2_35,306.0,0.10933865,0.8891693353652954,-0.00033048851452120026,-3.613516756127626e-05,0.8891332001977341,0.889320992816983
CALCE,CS2_35,307.0,0.11972935,0.889320969581604,-0.0003304941157784083,-3.956984484367059e-05,0.8892813997367603,0.8895727574819203
CALCE,CS2_35,308.0,0.12393151,0.8895727396011353,-0.00033051010646430873,-4.0960617303599846e-05,0.8895317789838316,0.889405413170604
CALCE,CS2_35,309.0,0.16149706,0.8894054293632507,-0.0003304876110926183,-5.337277639596031e-05,0.8893520565868548,0.889395857451229
CALCE,CS2_35,310.0,0.18187584,0.8893958330154419,-0.00033047699580678047,-6.010578115667013e-05,0.8893357272342852,0.8801653282581319
CALCE,CS2_35,311.0,0.22093698,0.8801653385162354,-0.000325990433954558,-7.202334323332398e-05,0.880093315173002,0.8735231241166739
CALCE,CS2_35,312.0,0.27199906,0.8735231161117554,-0.000320078487657173,-8.706104812350296e-05,0.8734360550636319,0.8735984908914701
CALCE,CS2_35,313.0,0.30009264,0.8735985159873962,-0.00032137450112940114,-9.644212168167337e-05,0.8735020738657145,0.8735000551127398
CALCE,CS2_35,314.0,0.32360312,0.8735000491142273,-0.0003231917928934111,-0.0001045858736460981,0.8733954632405811,0.8727650405525903
CALCE,CS2_35,315.0,0.34645662,0.872765064239502,-0.00032474166979716557,-0.00011250890035482848,0.8726525553391471,0.8803523903731139
CALCE,CS2_35,316.0,0.3134433,0.8803523778915405,-0.00033030096274758863,-0.00010353062478342776,0.8802488472667571,0.8819084340277946
CALCE,CS2_35,317.0,0.29992554,0.8819084167480469,-0.0003307358280955075,-9.919612048859118e-05,0.8818092206275583,0.8733467296130424
CALCE,CS2_35,318.0,0.35574082,0.873346745967865,-0.0003296676593116457,-0.00011727624193488939,0.8732294697259301,0.8725273503785121
CALCE,CS2_35,319.0,0.36712292,0.8725273609161377,-0.00032958892551072927,-0.00012099964819506988,0.8724063612679426,0.8728354745630669
CALCE,CS2_35,320.0,0.36695626,0.8728354573249817,-0.0003297409725410705,-0.00012100051529905062,0.8727144568096826,0.8720138829544822
CALCE,CS2_35,321.0,0.36943328,0.8720138669013977,-0.00032952080699565067,-0.000121735953810756,0.871892130947587,0.8664645156648507
CALCE,CS2_35,322.0,0.39768243,0.8664644956588745,-0.000325764125094781,-0.00012955066834025855,0.8663349449905342,0.8803111721546939
CALCE,CS2_35,323.0,0.30281785,0.8803111910820007,-0.00033077530792453846,-0.0001001646680104611,0.8802110264139903,0.8814916374196715
CALCE,CS2_35,324.0,0.26212212,0.8814916610717773,-0.0003308945604973551,-8.673478516106179e-05,0.8814049262866163,0.8747089670300754
CALCE,CS2_35,325.0,0.2752254,0.8747089505195618,-0.00033034414663380557,-9.091910020041128e-05,0.8746180314193613,0.8667310655097838
CALCE,CS2_35,326.0,0.25991654,0.8667310476303101,-0.00032734467339889245,-8.508229619374208e-05,0.8666459653341163,0.8718548506144591
CALCE,CS2_35,327.0,0.20476529,0.871854841709137,-0.00032961503459674746,-6.74937181547804e-05,0.8717873479909822,0.8721549423050605
CALCE,CS2_35,328.0,0.20689611,0.872154951095581,-0.0003299705789151716,-6.826962964377064e-05,0.8720866814659373,0.871822260380715
CALCE,CS2_35,329.0,0.21125734,0.8718222379684448,-0.0003298576503424286,-6.968484930307705e-05,0.8717525531191418,0.8737019383322684
CALCE,CS2_35,330.0,0.20045303,0.8737019300460815,-0.00033036045351970966,-6.622175326684862e-05,0.8736357082928147,0.8807236988367293
CALCE,CS2_35,331.0,0.19675355,0.8807237148284912,-0.00033086827072562053,-6.509950572121018e-05,0.88065861532277,0.8813812721919344
CALCE,CS2_35,332.0,0.18721859,0.8813812732696533,-0.00033091520384045253,-6.195347839239164e-05,0.8813193197912609,0.8724409035990754
CALCE,CS2_35,333.0,0.1840595,0.8724408745765686,-0.0003300871663736715,-6.075567902832603e-05,0.8723801188975403,0.8716014844041535
CALCE,CS2_35,334.0,0.18722956,0.8716014623641968,-0.00032946267136640256,-6.168515060939989e-05,0.8715397772135873,0.8716910723562863
CALCE,CS2_35,335.0,0.19168156,0.8716910481452942,-0.00032946967293791263,-6.315326215127666e-05,0.871627894883143,0.8667145672030745
CALCE,CS2_35,336.0,0.2189598,0.866714596748352,-0.00032585871406731054,-7.134995672555525e-05,0.8666432467916265,0.8662393561695834
CALCE,CS2_35,337.0,0.20623721,0.8662393689155579,-0.00032608217712705445,-6.725027903600846e-05,0.8661721186365219,0.8730486632741011
CALCE,CS2_35,338.0,0.25098023,0.8730486631393433,-0.0003303627572625936,-8.291452020180746e-05,0.8729657486191414,0.8655786541577855
CALCE,CS2_35,339.0,0.29422176,0.8655786514282227,-0.0003281284880365873,-9.654254087644452e-05,0.8654821088873462,0.8650620013169196
CALCE,CS2_35,340.0,0.2596336,0.8650619983673096,-0.0003287179751863059,-8.534623151632013e-05,0.8649766521357932,0.8723976680916266
CALCE,CS2_35,341.0,0.18501364,0.8723976612091064,-0.0003307241738668004,-6.118848223328228e-05,0.8723364727268732,0.8720263062259722
CALCE,CS2_35,342.0,0.21313077,0.8720263242721558,-0.0003307227283810693,-7.048719045543988e-05,0.8719558370817003,0.8666561351496455
CALCE,CS2_35,343.0,0.24851382,0.8666561245918274,-0.00032999307428686203,-8.200783873435342e-05,0.866574116753093,0.8747209915417172
CALCE,CS2_35,344.0,0.20039445,0.8747209906578064,-0.0003307892658961295,-6.628833354044003e-05,0.874654702324266,0.8796800525791745
CALCE,CS2_35,345.0,0.17947999,0.8796800374984741,-0.00033094863069798447,-5.939865574644137e-05,0.8796206388427277,0.8799126461119975
CALCE,CS2_35,346.0,0.19726223,0.8799126744270325,-0.00033089063058302365,-6.527222285935004e-05,0.8798474022041731,0.8800466848851447
CALCE,CS2_35,347.0,0.18320477,0.8800466656684875,-0.0003308460915539338,-6.061258213771662e-05,0.8799860530863498,0.8801249629364092
CALCE,CS2_35,348.0,0.13884163,0.8801249861717224,-0.00033081248401068547,-4.593054418294874e-05,0.8800790556275394,0.8802618497800728
CALCE,CS2_35,349.0,0.13042767,0.8802618384361267,-0.000330749063324233,-4.3138830828140714e-05,0.8802186996052985,0.8812324794254557
CALCE,CS2_35,350.0,0.123378485,0.881232500076294,-0.00033070113643796084,-4.0801405347401855e-05,0.8811916986709465,0.8830389203856615
CALCE,CS2_35,351.0,0.102674834,0.8830389380455017,-0.00033072354146679306,-3.395698486227823e-05,0.8830049810606394,0.8885540118379595
CALCE,CS2_35,352.0,0.086682774,0.888554036617279,-0.0003308884171829979,-2.868232592775873e-05,0.8885253542913513,0.8888957445038624
CALCE,CS2_35,353.0,0.098365106,0.8888957500457764,-0.00033087766638287275,-3.254681662373932e-05,0.8888632032291526,0.8809026319861569
CALCE,CS2_35,354.0,0.10021914,0.8809026479721069,-0.00033008504331650396,-3.3080838496858686e-05,0.8808695671336101,0.8808399087728457
CALCE,CS2_35,355.0,0.10451697,0.8808398842811584,-0.0003297036157692071,-3.445962230204724e-05,0.8808054246588564,0.8819744968462411
CALCE,CS2_35,356.0,0.12678404,0.8819745182991028,-0.0003300515712875429,-4.184527211915931e-05,0.8819326730269836,0.8829988324930131
CALCE,CS2_35,357.0,0.1257722,0.8829988241195679,-0.0003302078192607902,-4.153096159868735e-05,0.8829572931579692,0.8829091574828472
CALCE,CS2_35,358.0,0.11661495,0.8829091787338257,-0.00033021301397513636,-3.850777500016954e-05,0.8828706709588255,0.8889255201767374
CALCE,CS2_35,359.0,0.126369,0.8889254927635193,-0.0003307792378388699,-4.1800241334852275e-05,0.8888836925221845,0.8892821893060384
CALCE,CS2_35,360.0,0.14085202,0.8892821669578552,-0.0003308474918682358,-4.660053727384891e-05,0.8892355664205813,0.8831656156681984
CALCE,CS2_35,361.0,0.16443649,0.8831655979156494,-0.00033029409669036586,-5.43124017106936e-05,0.8831112855139387,0.8814145432302165
CALCE,CS2_35,362.0,0.17629236,0.881414532661438,-0.00032972055505511855,-5.812721473477774e-05,0.8813564054467032,0.8812921567943466
CALCE,CS2_35,363.0,0.18240006,0.8812921643257141,-0.0003297030737120579,-6.013786131094862e-05,0.8812320264644031,0.882501126626927
CALCE,CS2_35,364.0,0.18255065,0.8825011253356934,-0.0003300470089732041,-6.025029727783252e-05,0.8824408750384155,0.8824810502194268
CALCE,CS2_35,365.0,0.19100519,0.882481038570404,-0.0003301233035169493,-6.305526274243074e-05,0.8824179833076616,0.887357796192919
CALCE,CS2_35,366.0,0.17765352,0.887357771396637,-0.0003306860040092133,-5.874753305665174e-05,0.8872990238635803,0.8882856320492702
CALCE,CS2_35,367.0,0.19301893,0.8882856369018555,-0.00033079161481044256,-6.384904293840266e-05,0.888221787858917,0.8884149284503263
CALCE,CS2_35,368.0,0.18548295,0.8884149193763733,-0.0003307670415530137,-6.135164630537057e-05,0.8883535677300679,0.8807131610327975
CALCE,CS2_35,369.0,0.18451034,0.880713164806366,-0.00032967967491178557,-6.082930736820443e-05,0.8806523354989978,0.8806057394901917
CALCE,CS2_35,370.0,0.19110058,0.8806057572364807,-0.0003292966211930412,-6.292877611882789e-05,0.8805428284603619,0.8804152050507513
CALCE,CS2_35,371.0,0.20385887,0.8804152011871338,-0.00032932720225054,-6.713627041780123e-05,0.880348064916716,0.8801308413483299
CALCE,CS2_35,372.0,0.21595527,0.8801308274269104,-0.0003293061975360098,-7.111540956454263e-05,0.8800597120173459,0.874890641638884
CALCE,CS2_35,373.0,0.24997157,0.8748906254768372,-0.0003260066053261748,-8.149238250227307e-05,0.8748091330943348,0.8818293841430923
CALCE,CS2_35,374.0,0.249003,0.8818293809890747,-0.00033032210297640613,-8.225119233047163e-05,0.8817471297967442,0.8825568566515142
CALCE,CS2_35,375.0,0.23862699,0.8825568556785583,-0.00033064715658018967,-7.890133464954742e-05,0.8824779543439089,0.880738855948188
CALCE,CS2_35,376.0,0.21522649,0.8807388544082642,-0.00033044325274924485,-7.11201402191111e-05,0.880667734268045,0.8745344715836316
CALCE,CS2_35,377.0,0.24249873,0.8745344877243042,-0.00032906267836174674,-7.979728016258615e-05,0.8744546904441416,0.8749513398384218
CALCE,CS2_35,378.0,0.2512042,0.8749513626098633,-0.00032933140319344606,-8.272942924968009e-05,0.8748686331806136,0.8798127387871125
CALCE,CS2_35,379.0,0.23442906,0.8798127174377441,-0.00033049217340695713,-7.747697001607303e-05,0.8797352404677281,0.8802485338305412
CALCE,CS2_35,380.0,0.23161598,0.8802485466003418,-0.00033054407537898983,-7.655928846437033e-05,0.8801719873118774,0.8804740416336096
CALCE,CS2_35,381.0,0.25423476,0.8804740309715271,-0.0003305591174648792,-8.403961822494857e-05,0.8803899913533022,0.8820503434743352
CALCE,CS2_35,382.0,0.23867255,0.8820503354072571,-0.0003307114806952241,-7.89317538976752e-05,0.8819714036533594,0.8823871266472936
CALCE,CS2_35,383.0,0.2227557,0.882387101650238,-0.0003307504184671059,-7.367654110663216e-05,0.8823134251091314,0.8825225226257761
CALCE,CS2_35,384.0,0.18250993,0.8825225234031677,-0.0003307052018665796,-6.035698289332882e-05,0.8824621664202744,0.8826006866633604
CALCE,CS2_35,385.0,0.17854518,0.8826006650924683,-0.000330635683037199,-5.903340654473199e-05,0.8825416316859235,0.8825957303840878
CALCE,CS2_35,386.0,0.17499132,0.8825957179069519,-0.00033057921875082746,-5.784849535591246e-05,0.882537869411596,0.8872368410149521
CALCE,CS2_35,387.0,0.15091726,0.8872368335723877,-0.0003308119419535363,-4.9925232463241115e-05,0.8871869083399244,0.8874395451913705
CALCE,CS2_35,388.0,0.13008842,0.8874395489692688,-0.00033079003381042416,-4.3031952427445506e-05,0.8873965170168413,0.8875220092125093
CALCE,CS2_35,389.0,0.15221934,0.8875219821929932,-0.0003307263420953971,-5.034294558223815e-05,0.8874716392474109,0.8875210311312031
CALCE,CS2_35,390.0,0.14961126,0.8875210285186768,-0.00033070750560946355,-4.9477568083038504e-05,0.8874715509505937,0.8875277585146517
CALCE,CS2_35,391.0,0.13982613,0.8875277638435364,-0.000330652893351685,-4.623391572276877e-05,0.8874815299278136,0.8873386858474475
CALCE,CS2_35,392.0,0.12194766,0.8873386979103088,-0.00033056517043637823,-4.031164935673697e-05,0.8872983862609521,0.8873823075443324
CALCE,CS2_35,393.0,0.12610376,0.8873823285102844,-0.0003304877014354765,-4.1675741392135296e-05,0.8873406527688923,0.8872924731876809
CALCE,CS2_35,394.0,0.14599493,0.8872924447059631,-0.000330463760578055,-4.824603407541759e-05,0.8872441986718878,0.8873015307840225
CALCE,CS2_35,395.0,0.14919901,0.887301504611969,-0.00033045165463505694,-4.930305937467903e-05,0.8872522015525943,0.8873176391018635
CALCE,CS2_35,396.0,0.15214348,0.8873176574707031,-0.00033045635246368305,-5.0276778921071256e-05,0.887267380691782,0.8872664181627656
CALCE,CS2_35,397.0,0.16034934,0.8872663974761963,-0.00033045481663509374,-5.298821149834317e-05,0.8872134092646979,0.8870978796174341
CALCE,CS2_35,398.0,0.1646345,0.8870978951454163,-0.00033044334309210305,-5.440237323779548e-05,0.8870434927721784,0.8798524775250279
CALCE,CS2_35,399.0,0.19640303,0.8798524737358093,-0.0003274747671146924,-6.431703539017168e-05,0.8797881567004191,0.8918742520207698
CALCE,CS2_35,400.0,0.15117407,0.8918742537498474,-0.0003307669963815846,-5.000339255229743e-05,0.8918242503572951,0.8909459334226043
CALCE,CS2_35,401.0,0.1542723,0.8909459114074707,-0.0003307799605817355,-5.103018630029515e-05,0.8908948812211704,0.8915521616432359
CALCE,CS2_35,402.0,0.168804,0.8915521502494812,-0.00033065420332312884,-5.581575372106161e-05,0.8914963344957602,0.8985472842283089
CALCE,CS2_35,403.0,0.13685067,0.8985472917556763,-0.0003309531026694651,-4.5291153832292286e-05,0.8985020006018439,0.8992449697343914
CALCE,CS2_35,404.0,0.12794401,0.8992449641227722,-0.00033094108706932523,-4.234192893132027e-05,0.899202622193841,0.8916409312870852
CALCE,CS2_35,405.0,0.1502418,0.8916409015655518,-0.00033038502677713855,-4.963764346282222e-05,0.891591263922089,0.8909610915713083
CALCE,CS2_35,406.0,0.1528731,0.8909611105918884,-0.00032979974057032596,-5.041750834099433e-05,0.8909106930835474,0.8912424075278411
CALCE,CS2_35,407.0,0.15177639,0.8912423849105835,-0.0003299058030858462,-5.007191126747151e-05,0.891192312999316,0.8909823527811465
CALCE,CS2_35,408.0,0.15404016,0.8909823298454285,-0.0003298182608562558,-5.0805256945954414e-05,0.8909315245884825,0.8899834336298571
CALCE,CS2_35,409.0,0.15961711,0.8899834156036377,-0.0003296256950540144,-5.261390118451524e-05,0.8899308017024532,0.8969706997557245
CALCE,CS2_35,410.0,0.13356197,0.8969706892967224,-0.00033071089346664584,-4.41703980361386e-05,0.8969265188986862,0.8973980147808021
CALCE,CS2_35,411.0,0.13037755,0.8973979949951172,-0.0003307974419247961,-4.312855868561778e-05,0.8973548664364316,0.896405339061653
CALCE,CS2_35,412.0,0.13285574,0.8964053392410278,-0.0003306973420379167,-4.393504114071985e-05,0.8963614041998871,0.8887811068994383
CALCE,CS2_35,413.0,0.16325378,0.8887811303138733,-0.00032941759028016354,-5.3778668188590544e-05,0.8887273516456847,0.8889891687885104
CALCE,CS2_35,414.0,0.1461903,0.8889891505241394,-0.0003291471941055876,-4.811812724262319e-05,0.8889410323968968,0.8889592940998512
CALCE,CS2_35,415.0,0.20852543,0.8889592885971069,-0.0003292740354784926,-6.866201119799398e-05,0.8888906265859089,0.8813249646570137
CALCE,CS2_35,416.0,0.25204912,0.8813249468803406,-0.00032322350323663734,-8.146819899829993e-05,0.8812434786813422,0.881476692911234
CALCE,CS2_35,417.0,0.27810785,0.8814767003059387,-0.0003245435930805743,-9.025812146881945e-05,0.8813864421844699,0.8890186929393713
CALCE,CS2_35,418.0,0.2794863,0.889018714427948,-0.00033025402963275663,-9.230147632694572e-05,0.888926412951621,0.88949050529701
CALCE,CS2_35,419.0,0.26802617,0.8894904851913452,-0.0003305757857222161,-8.860296277153599e-05,0.8894018822285736,0.8806827464383565
CALCE,CS2_35,420.0,0.27657586,0.8806827664375305,-0.00032834169718192613,-9.0811388375625e-05,0.8805919550491549,0.8736965114608076
CALCE,CS2_35,421.0,0.3384548,0.873696506023407,-0.0003231807710647114,-0.00010938208735999447,0.873587123936047,0.8732692943770457
CALCE,CS2_35,422.0,0.36781603,0.8732693195343018,-0.0003235367670974265,-0.00011900200954960317,0.8731503175247521,0.8802764326510688
CALCE,CS2_35,423.0,0.33638123,0.8802764415740967,-0.00032964403465422787,-0.00011088606477704874,0.8801655555093196,0.8812733279413617
CALCE,CS2_35,424.0,0.32390386,0.8812733292579651,-0.0003302105747179651,-0.00010695647932203052,0.8811663727786431,0.8816772449453206
CALCE,CS2_35,425.0,0.3626436,0.8816772699356079,-0.00033043209540625784,-0.00011982908447182081,0.8815574408511361,0.8817660211098652
CALCE,CS2_35,426.0,0.34646344,0.8817660212516785,-0.0003306163044941163,-0.00011454646278634749,0.8816514747888922,0.8820329386831756
CALCE,CS2_35,427.0,0.3145851,0.8820329308509827,-0.0003306890304949628,-0.00010402983831561836,0.8819289010126671,0.8823079741746646
CALCE,CS2_35,428.0,0.2494394,0.8823079466819763,-0.0003306936831521598,-8.248803503849325e-05,0.8822254586469378,0.8823122914543069
CALCE,CS2_35,429.0,0.24106044,0.8823122978210449,-0.00033058572343661746,-7.969113855161375e-05,0.8822326066824933,0.8820957369332256
CALCE,CS2_35,430.0,0.23183404,0.8820957541465759,-0.0003305118229786144,-7.66238908888134e-05,0.8820191302556871,0.8813762302718984
CALCE,CS2_35,431.0,0.1951655,0.8813762068748474,-0.00033041280720603333,-6.44851807395791e-05,0.8813117216941079,0.8811175868173338
CALCE,CS2_35,432.0,0.19757022,0.881117582321167,-0.0003303676357769361,-6.527080636106324e-05,0.8810523115148059,0.8808693828089108
CALCE,CS2_35,433.0,0.22637986,0.8808693885803223,-0.00033034581797668217,-7.478363885811661e-05,0.8807946049414641,0.88064526572694
CALCE,CS2_35,434.0,0.21748407,0.8806452751159668,-0.00033034116531948515,-7.18439417336122e-05,0.8805734311742331,0.8805696508692247
CALCE,CS2_35,435.0,0.18240465,0.8805696368217468,-0.0003303659192626304,-6.026028061435166e-05,0.8805093765411325,0.8804511834349878
CALCE,CS2_35,436.0,0.16030893,0.8804512023925781,-0.0003303902214914847,-5.2964501996913794e-05,0.8803982378905812,0.8803392629588149
CALCE,CS2_35,437.0,0.16550498,0.8803392648696899,-0.0003304087417774146,-5.4684291243839545e-05,0.880284580578446,0.8801913608478411
CALCE,CS2_35,438.0,0.20044076,0.8801913857460022,-0.0003304133492631825,-6.622830430325878e-05,0.880125157441699,0.8800570313990482
CALCE,CS2_35,439.0,0.20615117,0.8800570368766785,-0.0003304169629775103,-6.81158443378916e-05,0.8799889210323406,0.8642523917875957
CALCE,CS2_35,440.0,0.2992543,0.8642523884773254,-0.0003189589589584277,-9.544983942094241e-05,0.8641569386379045,0.8583783161093925
CALCE,CS2_35,441.0,0.36910108,0.8583782911300659,-0.0003137857462124985,-0.00011581865697412583,0.8582624724730918,0.8564129383415429
CALCE,CS2_35,442.0,0.4128463,0.856412947177887,-0.00031394181350002937,-0.00012960971518501392,0.8562833374627019,0.8560880953108648
CALCE,CS2_35,443.0,0.43978888,0.8560881018638611,-0.0003166279325312951,-0.00013924944318000564,0.8559488524206811,0.8500905292745743
CALCE,CS2_35,444.0,0.48498237,0.850090503692627,-0.00031486715022508577,-0.0001527050171701637,0.8499377986754568,0.864824518883251
CALCE,CS2_35,445.0,0.44145763,0.8648245334625244,-0.0003292233531350455,-0.00014533816095352144,0.8646791953015709,0.8660687914655472
CALCE,CS2_35,446.0,0.42702216,0.8660687804222107,-0.00033060234652252524,-0.00014117452781543588,0.8659276058943952,0.8584340290812783
CALCE,CS2_35,447.0,0.45795238,0.8584340214729309,-0.00032964123402562384,-0.00015095998772762516,0.8582830614852033,0.8575872692056873
CALCE,CS2_35,448.0,0.4600652,0.8575872778892517,-0.00033003783917309737,-0.00015183891987403505,0.8574354389693777,0.863980652005051
CALCE,CS2_35,449.0,0.42349708,0.8639806509017944,-0.00033077038423876687,-0.0001400802921411771,0.8638405706096532,0.8661613490343597
CALCE,CS2_35,450.0,0.39184514,0.8661613464355469,-0.0003308412130395913,-0.00012963852040933326,0.8660317079151375,0.8664987841702286
CALCE,CS2_35,451.0,0.35628372,0.8664987683296204,-0.0003307102158952094,-0.00011782666738585253,0.8663809416622346,0.8563470791074774
CALCE,CS2_35,452.0,0.3983315,0.8563470840454102,-0.00032869940972894696,-0.00013093132667132713,0.8562161527187389,0.8495942731125948
CALCE,CS2_35,453.0,0.42418993,0.8495942950248718,-0.0003222987537401592,-0.00013671588423908878,0.8494575791406327,0.8488787421470417
CALCE,CS2_35,454.0,0.41631648,0.8488787412643433,-0.00032216856968150104,-0.00013412408471747382,0.8487446171796258,0.8486262489130073
CALCE,CS2_35,455.0,0.30255646,0.8486262559890747,-0.0003232860204945079,-9.781227235563095e-05,0.8485284437167191,0.8416503176013147
CALCE,CS2_35,456.0,0.33281168,0.8416503071784973,-0.00031835497177996885,-0.0001059522540820613,0.8415443549244153,0.8473313948816021
CALCE,CS2_35,457.0,0.30099523,0.8473314046859741,-0.0003260992970986823,-9.815433315308964e-05,0.847233250352821,0.8494537686422472
CALCE,CS2_35,458.0,0.2958687,0.8494537472724915,-0.00032920167084907886,-9.740046867425518e-05,0.8493563468038172,0.8571137845211367
CALCE,CS2_35,459.0,0.20815404,0.857113778591156,-0.00033080575346775,-6.885855324390059e-05,0.8570449200379121,0.858250704865591
CALCE,CS2_35,460.0,0.30145615,0.8582506775856018,-0.00033091023498325184,-9.975492655635593e-05,0.8581509226590455,0.8492456544190209
CALCE,CS2_35,461.0,0.36481878,0.8492456674575806,-0.00033027123994724267,-0.00012048915135979838,0.8491251783062208,0.8480958691245671
CALCE,CS2_35,462.0,0.3117966,0.8480958938598633,-0.00032957117313909406,-0.00010275917308409686,0.8479931346867792,0.8479894489011893
CALCE,CS2_35,463.0,0.3104573,0.8479894399642944,-0.0003294261276802629,-0.00010227274259749451,0.847887167221697,0.8473163958510763
CALCE,CS2_35,464.0,0.35865995,0.8473163843154907,-0.00032921504159209164,-0.00011807625130446182,0.8471983080641863,0.8417260459503829
CALCE,CS2_35,465.0,0.3933316,0.8417260646820068,-0.00032513588085889694,-0.00012788621211116247,0.8415981784698957,0.8501456249987986
CALCE,CS2_35,466.0,0.3199373,0.8501456379890442,-0.0003303515999196066,-0.00010569179521618342,0.850039946193828,0.85595797292645
CALCE,CS2_35,467.0,0.20283857,0.8559579849243164,-0.000330865244239871,-6.711223296445745e-05,0.855890872691352,0.8553571415860495
CALCE,CS2_35,468.0,0.16765699,0.8553571701049805,-0.0003307970805533633,-5.546044213351071e-05,0.8553017096628469,0.841743798633282
CALCE,CS2_35,469.0,0.22507426,0.8417438268661499,-0.0003276905058600607,-7.375469858306882e-05,0.8416700721675668,0.8417452100986917
CALCE,CS2_35,470.0,0.23409855,0.8417451977729797,-0.00032713557485360145,-7.65819649231533e-05,0.8416686158080566,0.8405904075482346
CALCE,CS2_35,471.0,0.21814851,0.8405904173851013,-0.00032605823626963293,-7.11291199245797e-05,0.8405192882651767,0.8400591629626719
CALCE,CS2_35,472.0,0.27718204,0.8400591611862183,-0.00032604780166951147,-9.037459565157896e-05,0.8399687865905667,0.8399136573540361
CALCE,CS2_35,473.0,0.3093241,0.8399136662483215,-0.00032690691707951136,-0.00010112018323868995,0.8398125460650828,0.8480462294111077
CALCE,CS2_35,474.0,0.3019605,0.8480462431907654,-0.00033059263466526934,-9.98259166299172e-05,0.8479464172741354,0.8487808877500318
CALCE,CS2_35,475.0,0.28143695,0.8487808704376221,-0.0003307715586959234,-9.309133861565377e-05,0.8486877790990064,0.8403176743587846
CALCE,CS2_35,476.0,0.26807687,0.8403176665306091,-0.00032981446645621165,-8.8415628814385e-05,0.8402292509017948,0.8395169235959802
CALCE,CS2_35,477.0,0.2717794,0.8395169377326965,-0.0003295671980533335,-8.956957145420204e-05,0.8394273681612423,0.8399520525214432
CALCE,CS2_35,478.0,0.27354592,0.8399520516395569,-0.0003297275566266286,-9.019562810667129e-05,0.8398618560114502,0.8396618910177839
CALCE,CS2_35,479.0,0.2749697,0.8396618962287903,-0.0003296739833117193,-9.065035529954371e-05,0.8395712458734907,0.839477396370218
CALCE,CS2_35,480.0,0.24528828,0.8394774198532104,-0.0003297280986837778,-8.08784390619314e-05,0.8393965414141485,0.8412878191531834
CALCE,CS2_35,481.0,0.29579702,0.8412877917289734,-0.00033036099557685883,-9.771979808092095e-05,0.8411900719308925,0.847345411931222
CALCE,CS2_35,482.0,0.27394387,0.8473454117774963,-0.0003308365603823943,-9.063064810539306e-05,0.8472547811293909,0.8475801411339069
CALCE,CS2_35,483.0,0.24071476,0.8475801348686218,-0.00033084825978253046,-7.964005899821842e-05,0.8475004948096236,0.8334408334381451
CALCE,CS2_35,484.0,0.23823492,0.8334408402442932,-0.00032686694036476033,-7.787112013691916e-05,0.8333629691241563,0.8334604161294543
CALCE,CS2_35,485.0,0.24985036,0.8334603905677795,-0.00032637100324470203,-8.154391348300105e-05,0.8333788466542965,0.8334599642448727
CALCE,CS2_35,486.0,0.2560021,0.8334599733352661,-0.00032650818887487026,-8.358678147125482e-05,0.8333763865537949,0.8334706630650723
CALCE,CS2_35,487.0,0.26682,0.8334706425666809,-0.0003270428379096649,-8.726157443369037e-05,0.8333833809922472,0.8325152299638408
CALCE,CS2_35,488.0,0.28719643,0.8325152397155762,-0.00032724918099778094,-9.398479571225252e-05,0.832421254919864,0.8403237786003768
CALCE,CS2_35,489.0,0.28806683,0.840323805809021,-0.0003306009913796523,-9.523518097387009e-05,0.8402285706280471,0.8409466720213248
CALCE,CS2_35,490.0,0.2692447,0.8409466743469238,-0.0003307782440674298,-8.906028931216349e-05,0.8408576140576116,0.8411531001652265
CALCE,CS2_35,491.0,0.21089049,0.841153085231781,-0.0003307654153815662,-6.97552794784736e-05,0.8410833299523025,0.8411349177326707
CALCE,CS2_35,492.0,0.20392491,0.8411349058151245,-0.00033078876901040943,-6.745606969608987e-05,0.8410674497454285,0.8410826814537532
CALCE,CS2_35,493.0,0.2035219,0.8410826921463013,-0.0003307274713811245,-6.731028578176871e-05,0.8410153818605195,0.8409862073764734
CALCE,CS2_35,494.0,0.20004421,0.8409861922264099,-0.0003306487375802081,-6.614436705920879e-05,0.8409200478593507,0.8409220816821524
CALCE,CS2_35,495.0,0.1974133,0.8409220576286316,-0.00033051010646430873,-6.524708931563107e-05,0.8408568105393159,0.840688650395539
CALCE,CS2_35,496.0,0.2046319,0.8406886458396912,-0.00033045472629223555,-6.762157679568115e-05,0.8406210242628955,0.8407307115999134
CALCE,CS2_35,497.0,0.22388953,0.8407307267189026,-0.0003304390969777679,-7.398185401851308e-05,0.8406567448648841,0.8403536775492261
CALCE,CS2_35,498.0,0.21466859,0.8403536677360535,-0.0003304119941203096,-7.092907585615232e-05,0.8402827386601973,0.8402793348070949
CALCE,CS2_35,499.0,0.16014244,0.8402793407440186,-0.0003304113165488731,-5.2912873320139334e-05,0.8402264278706985,0.8401122020731943
CALCE,CS2_35,500.0,0.16397382,0.8401122093200684,-0.0003304103679488621,-5.4178651254102135e-05,0.8400580306688142,0.8395872250778039
CALCE,CS2_35,501.0,0.17029616,0.8395872116088867,-0.000330366642005496,-5.626017130756459e-05,0.8395309514375792,0.8394104842483922
CALCE,CS2_35,502.0,0.17638893,0.8394104838371277,-0.00033036542237691036,-5.82728047676493e-05,0.83935221103236,0.8334841557714568
CALCE,CS2_35,503.0,0.20642354,0.8334841728210449,-0.0003280765408931255,-6.772271963111747e-05,0.8334164501014139,0.8327624214541791
CALCE,CS2_35,504.0,0.26059476,0.8327624201774597,-0.0003278561946619893,-8.543760485797085e-05,0.8326769825726017,0.8334912335361407
CALCE,CS2_35,505.0,0.2685738,0.8334912061691284,-0.0003289923464466424,-8.835872162562775e-05,0.8334028474475028,0.8397402820380049
CALCE,CS2_35,506.0,0.23677814,0.8397402763366699,-0.0003306415553229816,-7.828869249858424e-05,0.8396619876441713,0.8397456576391287
CALCE,CS2_35,507.0,0.23248589,0.8397456407546997,-0.0003306614307517844,-7.687411714546021e-05,0.8396687666375543,0.8312909866027882
CALCE,CS2_35,508.0,0.27983823,0.8312909603118896,-0.0003293127022217998,-9.21542850848253e-05,0.8311988060268048,0.825102721599015
CALCE,CS2_35,509.0,0.3348626,0.8251027464866638,-0.0003243745164214634,-0.00010862089064573048,0.824994125596018,0.8251182724587731
CALCE,CS2_35,510.0,0.35039514,0.8251182436943054,-0.0003249111529991383,-0.00011384728992784914,0.8250043964043776,0.8245697251883508
CALCE,CS2_35,511.0,0.365662,0.8245697021484375,-0.00032543880046242285,-0.0001190006054287116,0.8244507015430088,0.8239591099601898
CALCE,CS2_35,512.0,0.3805504,0.8239591121673584,-0.00032612892955617007,-0.0001241084992655801,0.8238350036680928,0.8309832650626612
CALCE,CS2_35,513.0,0.33230308,0.8309832811355591,-0.0003304039987773594,-0.00010979426544103809,0.8308734868701181,0.8315421457377089
CALCE,CS2_35,514.0,0.3177306,0.8315421342849731,-0.0003306664899518433,-0.00010506286410477424,0.8314370714208684,0.8317054540570555
CALCE,CS2_35,515.0,0.30256027,0.8317054510116577,-0.0003307001878379498,-0.00010005673806594527,0.8316053942735918,0.8229604521306048
CALCE,CS2_35,516.0,0.35789102,0.8229604363441467,-0.0003294181775087418,-0.00011789580859578562,0.822842540535551,0.8167768608908931
CALCE,CS2_35,517.0,0.40466347,0.8167768716812134,-0.0003242696283630997,-0.00013122007412106227,0.8166456516070923,0.8167165405109718
CALCE,CS2_35,518.0,0.37660044,0.8167165517807007,-0.00032416695370476173,-0.00012208141879805755,0.8165944703619026,0.8163949021910353
CALCE,CS2_35,519.0,0.38822243,0.8163949251174927,-0.00032479867614068625,-0.00012609413007011322,0.8162688309874225,0.8165762616280634
CALCE,CS2_35,520.0,0.40242955,0.8165762424468994,-0.00032627523981501594,-0.0001313027982240291,0.8164449396486754,0.8237694395962045
CALCE,CS2_35,521.0,0.38792896,0.8237694501876831,-0.000330466561206659,-0.00012819755029842026,0.8236412526373846,0.8240613124466836
CALCE,CS2_35,522.0,0.36057124,0.8240613341331482,-0.0003306953996664655,-0.00011923924880489245,0.8239420948843433,0.8228398720981254
CALCE,CS2_35,523.0,0.28463194,0.8228398561477661,-0.00033065582949457634,-9.411520947480675e-05,0.8227457409382913,0.8152464970320273
CALCE,CS2_35,524.0,0.2943087,0.8152465224266052,-0.0003294169127087271,-9.695026077342534e-05,0.8151495721658318,0.8083853542574074
CALCE,CS2_35,525.0,0.36456048,0.8083853721618652,-0.00032374166469981147,-0.00011802341826081896,0.8082673487436044,0.8151127856337043
CALCE,CS2_35,526.0,0.32391933,0.8151127696037292,-0.0003290912267049362,-0.00010659900836881564,0.8150061705953604,0.8083837324084036
CALCE,CS2_35,527.0,0.3851799,0.8083837032318115,-0.00032445677359384945,-0.00012497422990549482,0.808258729001906,0.8079778590362341
CALCE,CS2_35,528.0,0.4385597,0.8079778552055359,-0.0003252498032030801,-0.0001426414596888696,0.807835213745847,0.81648945684098
CALCE,CS2_35,529.0,0.37943998,0.8164894580841064,-0.00033046764532095735,-0.00012539263666237532,0.8163640654474441,0.8167890423092481
CALCE,CS2_35,530.0,0.34905997,0.8167890310287476,-0.0003306776021234012,-0.00011542631360795365,0.8166736047151396,0.8144196009591271
CALCE,CS2_35,531.0,0.28121358,0.8144196271896362,-0.000330493980264121,-9.293939587476838e-05,0.8143266877937615,0.807274140341784
CALCE,CS2_35,532.0,0.2906101,0.8072741627693176,-0.00032894889153185086,-9.559587184167509e-05,0.8071785668974759,0.8080901880060678
CALCE,CS2_35,533.0,0.29705423,0.8080902099609375,-0.0003291684698486924,-9.778088673526835e-05,0.8079924290742022,0.8080002932428698
CALCE,CS2_35,534.0,0.30551827,0.8080002665519714,-0.00032931396702181454,-0.00010061143333948837,0.8078996551186319,0.8074550211574287
CALCE,CS2_35,535.0,0.31978986,0.8074550032615662,-0.00032925361799254066,-0.00010529196730666651,0.8073497112942595,0.8080126958041131
CALCE,CS2_35,536.0,0.3697365,0.8080127239227295,-0.0003298328060564251,-0.00012195122486687347,0.8078907726978626,0.8146548520077252
CALCE,CS2_35,537.0,0.29991063,0.8146548271179199,-0.0003307508250099678,-9.91956898748393e-05,0.8145556314280451,0.8147258817287969
CALCE,CS2_35,538.0,0.2642706,0.8147258758544922,-0.0003308152394678604,-8.742474303303e-05,0.8146384511114592,0.8148731117267255
CALCE,CS2_35,539.0,0.21191548,0.8148730993270874,-0.00033076911943875215,-7.009509608999052e-05,0.8148030042309974,0.8148727516137105
CALCE,CS2_35,540.0,0.17883542,0.8148727416992188,-0.00033076415058155145,-5.915234638577336e-05,0.814813589352833,0.814749405343216
CALCE,CS2_35,541.0,0.20597081,0.8147494196891785,-0.0003307031691522702,-6.81151992440622e-05,0.8146813044899344,0.8149814450314249
CALCE,CS2_35,542.0,0.17550658,0.8149814605712891,-0.0003306369026657846,-5.802895098227317e-05,0.8149234316203068,0.8150799129271101
CALCE,CS2_35,543.0,0.17440239,0.815079927444458,-0.0003305347700645958,-5.76460525387294e-05,0.8150222813919192,0.8150907568669477
CALCE,CS2_35,544.0,0.2088875,0.8150907754898071,-0.00033050455037852977,-6.903827011033828e-05,0.8150217372196968,0.8150796751824283
CALCE,CS2_35,545.0,0.2033865,0.8150796890258789,-0.00033047916403537714,-6.721500065398114e-05,0.8150124740252249,0.8151309449432522
CALCE,CS2_35,546.0,0.18763165,0.8151309490203857,-0.00033048029332110457,-6.200856330968646e-05,0.815068940457076,0.8152202740455734
CALCE,CS2_35,547.0,0.16254783,0.815220296382904,-0.0003304847201211561,-5.371957303538351e-05,0.8151665768098687,0.8149716304165181
CALCE,CS2_35,548.0,0.16908805,0.8149716258049011,-0.00033045635246368305,-5.5876220487141875e-05,0.8149157495844139,0.8149765344821353
CALCE,CS2_35,549.0,0.17219199,0.8149765133857727,-0.00033045291943507166,-5.690134659260793e-05,0.8149196120391801,0.8149482637726166
CALCE,CS2_35,550.0,0.17493175,0.8149482607841492,-0.00033045296460650075,-5.7806715292663007e-05,0.8148904540688565,0.8150009613217541
CALCE,CS2_35,551.0,0.18220977,0.8150009512901306,-0.0003304585206922797,-6.021277265319885e-05,0.8149407385174774,0.7999899950975301
CALCE,CS2_35,552.0,0.29891202,0.7999899983406067,-0.0003201448896579459,-9.569515519212866e-05,0.7998943031854145,0.7992458875657523
CALCE,CS2_35,553.0,0.33190605,0.7992458939552307,-0.0003202829787166961,-0.00010630385849018598,0.7991395900967405,0.7997440529816354
CALCE,CS2_35,554.0,0.3546755,0.7997440695762634,-0.00032238232088398905,-0.0001143411113616674,0.7996297284649018,0.8066939511345689
CALCE,CS2_35,555.0,0.3163822,0.806693971157074,-0.0003290259991613198,-0.00010409796931584329,0.8065898731877581,0.8068960206549891
CALCE,CS2_35,556.0,0.31658393,0.8068960309028625,-0.0003298571082852794,-0.00010442746015638758,0.8067916034427062,0.7989727721902521
CALCE,CS2_35,557.0,0.38593367,0.7989727854728699,-0.00032775144211791285,-0.00012649031605919945,0.7988462951568107,0.7983357478788712
CALCE,CS2_35,558.0,0.40283126,0.7983357310295105,-0.0003283795056680805,-0.00013228152884087454,0.7982034495006696,0.798157856228419
CALCE,CS2_35,559.0,0.41232127,0.7981578707695007,-0.000329173393534464,-0.00013572519151176148,0.798022145577989,0.7983794074521525
CALCE,CS2_35,560.0,0.4143755,0.7983794212341309,-0.00032969593662626057,-0.0001366179231346539,0.7982428033109962,0.7981794941758101
CALCE,CS2_35,561.0,0.4155951,0.7981795072555542,-0.00032978519537015666,-0.00013705711594158907,0.7980424501396126,0.7991168120799717
CALCE,CS2_35,562.0,0.40364617,0.7991167902946472,-0.00033027440194727947,-0.00013331399775604554,0.7989834762968911,0.8001115694292477
CALCE,CS2_35,563.0,0.38319665,0.8001115918159485,-0.0003305201345215683,-0.00012665420894596163,0.7999849376070025,0.8000943335623231
CALCE,CS2_35,564.0,0.36761454,0.8000943064689636,-0.0003305572202648571,-0.00012151763963751131,0.7999727888293261,0.7917219633749626
CALCE,CS2_35,565.0,0.4174285,0.7917219400405884,-0.00032784065569037985,-0.0001368500310128074,0.7915850900095756,0.7909036859332428
CALCE,CS2_35,566.0,0.41463837,0.7909036874771118,-0.00032717288645403575,-0.00013565843243763175,0.7907680290446741,0.791239387618454
CALCE,CS2_35,567.0,0.29887185,0.7912393808364868,-0.0003280278912639878,-9.803830107580483e-05,0.791141342535411,0.791079882441323
CALCE,CS2_35,568.0,0.30680266,0.7910798788070679,-0.00032855382221296664,-0.00010080118668262845,0.7909790776203852,0.7906599045030552
CALCE,CS2_35,569.0,0.32393965,0.7906599044799805,-0.00032904641664727174,-0.00010659118145405555,0.7905533132985264,0.7917693061899299
CALCE,CS2_35,570.0,0.36429793,0.7917693257331848,-0.00033014688300293804,-0.00012027182489395571,0.7916490539082909,0.7917779249226109
CALCE,CS2_35,571.0,0.35552096,0.7917779088020325,-0.0003303983975201513,-0.00011746355668099913,0.7916604452453515,0.797899664001519
CALCE,CS2_35,572.0,0.25399548,0.7978996634483337,-0.00033082928778230963,-8.402914313735985e-05,0.7978156343051964,0.7833921817085069
CALCE,CS2_35,573.0,0.34567395,0.7833921909332275,-0.000326710195505793,-0.00011293520330431383,0.7832792557299232,0.7829368289391274
CALCE,CS2_35,574.0,0.36426273,0.7829368114471436,-0.00032616497635658964,-0.00011880974467993876,0.7828180017024636,0.7829677992003697
CALCE,CS2_35,575.0,0.3756886,0.7829678058624268,-0.0003266681860767326,-0.00012272551756234884,0.7828450803448644,0.7824520981700335
CALCE,CS2_35,576.0,0.3847798,0.7824521064758301,-0.00032706727565280647,-0.0001258488844790497,0.782326257591351,0.7820735045334879
CALCE,CS2_35,577.0,0.3974739,0.7820734977722168,-0.0003276416303737775,-0.00013022899712184085,0.7819432687750949,0.7902374697865259
CALCE,CS2_35,578.0,0.3335045,0.7902374863624573,-0.00033064607246589134,-0.00011027195241503329,0.7901272144100422,0.7910030027305445
CALCE,CS2_35,579.0,0.30227846,0.7910029888153076,-0.00033081758838217346,-9.999903085011596e-05,0.7909029897844575,0.7913057973813997
CALCE,CS2_35,580.0,0.23632422,0.7913057804107666,-0.00033078705249610374,-7.817299246354896e-05,0.791227607418303,0.7823270344213573
CALCE,CS2_35,581.0,0.2808792,0.7823270559310913,-0.0003296060906537862,-9.257949489475924e-05,0.7822344764361966,0.7828134489781476
CALCE,CS2_35,582.0,0.2847215,0.7828134298324585,-0.00032927954639284246,-9.375296430074615e-05,0.7827196768681578,0.7832692346419381
CALCE,CS2_35,583.0,0.28276882,0.7832692265510559,-0.0003296027027966039,-9.320136593972114e-05,0.7831760251851162,0.7831600430147247
CALCE,CS2_35,584.0,0.281215,0.7831600308418274,-0.0003296032448537531,-9.26893804810185e-05,0.7830673414613464,0.7899623115269694
CALCE,CS2_35,585.0,0.24063182,0.7899622917175293,-0.0003306612048946389,-7.956760713092704e-05,0.7898827241103984,0.7910973263710078
CALCE,CS2_35,586.0,0.2226104,0.7910973429679871,-0.0003307842066960706,-7.363600427752251e-05,0.7910237069637095,0.7915407999644343
CALCE,CS2_35,587.0,0.23297961,0.791540801525116,-0.00033080606966775367,-7.707106928284645e-05,0.7914637304558331,0.7916692439729959
CALCE,CS2_35,588.0,0.16701578,0.7916692495346069,-0.00033080177838198943,-5.524911573127465e-05,0.7916140004188756,0.7916919565089909
CALCE,CS2_35,589.0,0.1637068,0.7916919589042664,-0.00033075285772427715,-5.4146490070443244e-05,0.791637812414196,0.791782434212177
CALCE,CS2_35,590.0,0.16310664,0.7917824387550354,-0.000330693321780727,-5.3938275003030626e-05,0.7917285004800324,0.7918210989277149
CALCE,CS2_35,591.0,0.16182159,0.7918211221694946,-0.00033056322806492705,-5.349226678873971e-05,0.7917676299027059,0.7917312481012256
CALCE,CS2_35,592.0,0.1629815,0.7917312383651733,-0.0003305041438356679,-5.386605955235733e-05,0.791677372305621,0.7916679370117677
CALCE,CS2_35,593.0,0.19429573,0.7916679382324219,-0.00033046728394952457,-6.420838355318005e-05,0.7916037298488687,0.7916046185059183
CALCE,CS2_35,594.0,0.19321096,0.7916046380996704,-0.0003304552683493847,-6.384757944797285e-05,0.7915407905202224,0.7915473666364791
CALCE,CS2_35,595.0,0.19000064,0.7915473580360413,-0.0003304490798635984,-6.278553612145692e-05,0.7914845724999198,0.791436696947374
CALCE,CS2_35,596.0,0.16112214,0.7914366722106934,-0.00033044036177778263,-5.324125931208302e-05,0.7913834309513813,0.791289483186697
CALCE,CS2_35,597.0,0.16829228,0.7912895083427429,-0.0003304310564633886,-5.560899720066921e-05,0.7912338993455422,0.7911227240099866
CALCE,CS2_35,598.0,0.17647418,0.7911227345466614,-0.0003304228352632929,-5.831110016125654e-05,0.7910644234465001,0.790857340113389
CALCE,CS2_35,599.0,0.18439972,0.7908573150634766,-0.00033040738663454167,-6.0927030905168915e-05,0.7907963880325714,0.7915422259097509
CALCE,CS2_35,600.0,0.21604052,0.7915422320365906,-0.0003304778540639333,-7.139660805518562e-05,0.7914708354285354,0.7903523857743872
CALCE,CS2_35,601.0,0.22804777,0.7903524041175842,-0.00033037838657706126,-7.534205538618241e-05,0.790277062062198,0.7834450450638396
CALCE,CS2_35,602.0,0.26952362,0.7834450602531433,-0.0003271933039399877,-8.818632391577106e-05,0.7833568739292276,0.7914336022628647
CALCE,CS2_35,603.0,0.23047267,0.791433572769165,-0.0003304584755208506,-7.616164684874409e-05,0.7913574111223163,0.7913617345972558
CALCE,CS2_35,604.0,0.22918086,0.7913617491722107,-0.00033060704435115135,-7.576880593288957e-05,0.7912859803662778,0.7834644946482746
CALCE,CS2_35,605.0,0.27409157,0.7834644913673401,-0.00032825686523808156,-8.997244007156456e-05,0.7833745189272685,0.7751382556545044
CALCE,CS2_35,606.0,0.34909615,0.775138258934021,-0.000321075646954494,-0.00011208627195569086,0.7750261726620653,0.7751739099137316
CALCE,CS2_35,607.0,0.37162915,0.7751739025115967,-0.0003223591479408622,-0.00011979805573191353,0.7750541044558648,0.7751925909727704
CALCE,CS2_35,608.0,0.38853312,0.7751926183700562,-0.0003238628144726502,-0.00012583142826504874,0.7750667869417911,0.7751885798187418
CALCE,CS2_35,609.0,0.40185156,0.7751885652542114,-0.0003257230190943025,-0.00013089230486418857,0.7750576729493472,0.7750195140267793
CALCE,CS2_35,610.0,0.41256335,0.7750195264816284,-0.00032759392934465087,-0.0001351532501673924,0.774884373231461,0.7835952654651125
CALCE,CS2_35,611.0,0.35040572,0.7835952639579773,-0.0003307210118667636,-0.00011588653522701357,0.7834793774227503,0.7897216950206226
CALCE,CS2_35,612.0,0.28266108,0.789721667766571,-0.00033098169618408363,-9.355564382291492e-05,0.7896281121227481,0.782497254155764
CALCE,CS2_35,613.0,0.31655893,0.782497227191925,-0.0003307099448666348,-0.00010468918539362776,0.7823925380065314,0.7748053834105227
CALCE,CS2_35,614.0,0.37205768,0.7748053669929504,-0.00032894112204604614,-0.00012238506951300194,0.7746829819234374,0.7743514996747785
CALCE,CS2_35,615.0,0.3802565,0.7743514776229858,-0.0003280182697495901,-0.00012473108044420235,0.7742267465425416,0.7747564090965127
CALCE,CS2_35,616.0,0.36080185,0.7747564315795898,-0.00032817605355142665,-0.00011840652586508991,0.7746380250537247,0.7741689797968375
CALCE,CS2_35,617.0,0.30883625,0.7741689682006836,-0.00032791803434842337,-0.00010127297652651967,0.7740676952241571,0.7738814738654426
CALCE,CS2_35,618.0,0.3710372,0.7738814949989319,-0.0003284360151258811,-0.00012186197456801958,0.7737596330243639,0.782026840738321
CALCE,CS2_35,619.0,0.28348,0.7820268273353577,-0.0003307148233809773,-9.375103435361653e-05,0.7819330763010041,0.7825080889671219
CALCE,CS2_35,620.0,0.21852145,0.7825080752372742,-0.00033082707438228387,-7.229281066652853e-05,0.7824357824266076,0.7818977809065537
CALCE,CS2_35,621.0,0.18251902,0.781897783279419,-0.0003307702487244796,-6.0371861195826594e-05,0.7818374114182232,0.7668630245032442
CALCE,CS2_35,622.0,0.25446382,0.7668630480766296,-0.0003247479486258101,-8.263660408017581e-05,0.7667804114725495,0.7656775067303313
CALCE,CS2_35,623.0,0.2863561,0.7656775116920471,-0.0003232125717507958,-9.25538887700042e-05,0.7655849578032771,0.7913306687028809
CALCE,CS2_35,624.0,0.1529116,0.7913306951522827,-0.00033096037526954974,-5.060768166113712e-05,0.7912800874706216,0.7817132692175821
CALCE,CS2_35,625.0,0.18511598,0.7817132472991943,-0.0003306058698939948,-6.120042897822135e-05,0.7816520468702162,0.7575501587559976
CALCE,CS2_35,626.0,0.425767,0.7575501799583435,-0.00031407330753013135,-0.00013372205133733878,0.7574164579070062,0.7418136748207141
CALCE,CS2_35,627.0,0.5362765,0.7418136596679688,-0.0002986553050078125,-0.00016016182743963753,0.7416534978405291,0.7566420635402281
CALCE,CS2_35,628.0,0.4708344,0.7566420435905457,-0.00031686720559122306,-0.00014919198196460575,0.756492851608581,0.756687377492996
CALCE,CS2_35,629.0,0.4316323,0.7566874027252197,-0.00031949442107894604,-0.0001379041150509985,0.7565494986101687,0.7502745222941208
CALCE,CS2_35,630.0,0.4755369,0.7502745389938354,-0.0003176658364576618,-0.00015106183113288216,0.7501234771627026,0.7325943904085646
CALCE,CS2_35,631.0,0.5455623,0.73259437084198,-0.0003055087594018707,-0.000166674069670095,0.7324276967723099,0.7167727845164138
CALCE,CS2_35,632.0,0.5789166,0.7167727947235107,-0.00029347025734745985,-0.00016989480631025164,0.7166028999172005,0.7164236603324274
CALCE,CS2_35,633.0,0.58673304,0.7164236307144165,-0.0002997495377062634,-0.00017587295845433577,0.7162477577559622,0.7084409920442912
CALCE,CS2_35,634.0,0.61425,0.7084410190582275,-0.00029780544974077755,-0.00018292699878131495,0.7082580920594462,0.7084274654917125
CALCE,CS2_35,635.0,0.6174991,0.7084274888038635,-0.0003051748973694132,-0.00018844522846077336,0.7082390435754028,0.716840783670759
CALCE,CS2_35,636.0,0.6058384,0.7168408036231995,-0.0003199715668844999,-0.00019385106788849345,0.716646952555311,0.7239795888412061
CALCE,CS2_35,637.0,0.57909536,0.7239795923233032,-0.0003284974030980242,-0.00019023132309427195,0.723789361000209,0.7165470474243991
CALCE,CS2_35,638.0,0.58535343,0.7165470719337463,-0.0003285887848990879,-0.00019234057364277645,0.7163547313601035,0.7001068510790809
CALCE,CS2_35,639.0,0.633744,0.7001068592071533,-0.00031951845227922576,-0.00020249290246491294,0.6999043663046884,0.7000929558983855
CALCE,CS2_35,640.0,0.6166077,0.7000929713249207,-0.00032083926486602826,-0.00019783196939872103,0.699895139355522,0.6917353891586798
CALCE,CS2_35,641.0,0.58920133,0.6917353868484497,-0.0003131437698621689,-0.00018450472604055273,0.6915508821224091,0.6917395206500858
CALCE,CS2_35,642.0,0.5679947,0.6917394995689392,-0.0003150095305696002,-0.00017892374815488046,0.6915605758207843,0.6834004343699093
CALCE,CS2_35,643.0,0.5961812,0.6834004521369934,-0.00031051921948876265,-0.00018512572520034854,0.6832153264117931,0.6992101250405927
CALCE,CS2_35,644.0,0.57360715,0.6992101073265076,-0.0003273550628275848,-0.00018777320355941118,0.6990223341229481,0.7001522570606727
CALCE,CS2_35,645.0,0.557218,0.7001522779464722,-0.0003296256950540144,-0.00018367337555492058,0.6999686045709173,0.7001680766262907
CALCE,CS2_35,646.0,0.50185204,0.7001680731773376,-0.00033049208306409894,-0.00016585812460977628,0.7000022150527279,0.6834274640500796
CALCE,CS2_35,647.0,0.49788836,0.6834274530410767,-0.00032398671970266385,-0.0001613092153834854,0.6832661438256932,0.6750593563759077
CALCE,CS2_35,648.0,0.52837795,0.6750593781471252,-0.0003157224260636124,-0.00016682076831297824,0.6748925573788123,0.6750711791724644
CALCE,CS2_35,649.0,0.50685936,0.6750711798667908,-0.0003167031881321711,-0.00016052397591975176,0.6749106558908711,0.6750433051533743
CALCE,CS2_35,650.0,0.51165056,0.6750432848930359,-0.0003182506257787543,-0.00016283311162769095,0.6748804517814082,0.6750560924053141
CALCE,CS2_35,651.0,0.5403404,0.6750560998916626,-0.00032113748664092806,-0.0001735235655602552,0.6748825763261024,0.6750682747467599
CALCE,CS2_35,652.0,0.55330074,0.6750682592391968,-0.0003246003735669495,-0.00017960162635829823,0.6748886576128384,0.666709477002808
CALCE,CS2_35,653.0,0.5527345,0.6667094826698303,-0.0003217868259342005,-0.000177862678475953,0.6665316199913544,0.6667050805758998
CALCE,CS2_35,654.0,0.50100183,0.6667050719261169,-0.0003248138085694338,-0.00016273231408419944,0.6665423396120328,0.6666974722067879
CALCE,CS2_35,655.0,0.50142694,0.6666974425315857,-0.0003273553338561594,-0.00016414478177553213,0.6665332977498102,0.6583845136312874
CALCE,CS2_35,656.0,0.5019987,0.6583845019340515,-0.0003212807252425953,-0.00016128251365276556,0.6582232194203987,0.6583683792390266
CALCE,CS2_35,657.0,0.5055239,0.6583684086799622,-0.00032312164166402313,-0.00016334571894996243,0.6582050629610122,0.6667328619117716
CALCE,CS2_35,658.0,0.44993183,0.6667328476905823,-0.0003301878534891292,-0.00014856202521953155,0.6665842856653628,0.6750960860495713
CALCE,CS2_35,659.0,0.47502753,0.6750960946083069,-0.0003308882816687106,-0.00015718104360545169,0.6749389135647015,0.6751044442791162
CALCE,CS2_35,660.0,0.46183926,0.6751044392585754,-0.00033086935483991886,-0.00015280845755615628,0.6749516308010193,0.6746903747771753
CALCE,CS2_35,661.0,0.43948147,0.6746903657913208,-0.0003308655152684456,-0.00014540926203272973,0.674544956529288,0.675124908545682
CALCE,CS2_35,662.0,0.29453388,0.6751248836517334,-0.0003308753626399888,-9.745400387990206e-05,0.6750274296478534,0.6746421093404795
CALCE,CS2_35,663.0,0.23944749,0.6746420860290527,-0.0003307632019815404,-7.920041829404637e-05,0.6745628856107587,0.6751304408930365
CALCE,CS2_35,664.0,0.22666138,0.6751304268836975,-0.0003306580880660312,-7.494741990678525e-05,0.6750554794637907,0.6751222445965044
CALCE,CS2_35,665.0,0.21515852,0.6751222610473633,-0.00033052930432167504,-7.111619663819755e-05,0.675051144850725,0.6750221687645548
CALCE,CS2_35,666.0,0.20453502,0.6750221848487854,-0.00033048996000693137,-6.75967713657114e-05,0.6749545880774197,0.6751441712204355
CALCE,CS2_35,667.0,0.19404471,0.6751441955566406,-0.00033048074503539554,-6.412804006845243e-05,0.6750800675165721,0.6751236649035086
CALCE,CS2_35,668.0,0.16123301,0.6751236915588379,-0.00033047550514962026,-5.328355973514521e-05,0.6750704079991028,0.6750504082231924
CALCE,CS2_35,669.0,0.16180539,0.6750504374504089,-0.00033046773566381554,-5.34714612849571e-05,0.674996965989124,0.6748472254658258
CALCE,CS2_35,670.0,0.16392745,0.6748472452163696,-0.0003304426655206666,-5.41686237864624e-05,0.6747930765925831,0.6745876942335303
CALCE,CS2_35,671.0,0.1460766,0.6745876669883728,-0.00033042193183471097,-4.826691392873654e-05,0.674539400074444,0.6667947536094734
CALCE,CS2_35,672.0,0.18657036,0.6667947769165039,-0.00032677777196372243,-6.096704696589836e-05,0.666733809869538,0.7001444758971261
CALCE,CS2_35,673.0,0.09860136,0.7001444697380066,-0.0003311438616145426,-3.265123630273193e-05,0.7001118185017039,0.6917302759616576
CALCE,CS2_35,674.0,0.13451506,0.691730260848999,-0.00033101060589870585,-4.452591216668964e-05,0.6916857349368324,0.6751523888566313
CALCE,CS2_35,675.0,0.18584043,0.6751523613929749,-0.0003278656806620997,-6.093069837994282e-05,0.6750914306945949,0.6751332258326507
CALCE,CS2_35,676.0,0.18852344,0.675133228302002,-0.0003270501556811786,-6.165662090949811e-05,0.6750715716810924,0.6749540785131377
CALCE,CS2_35,677.0,0.19534527,0.6749540567398071,-0.00032606437958399015,-6.369513350209566e-05,0.674890361606305,0.6746090807604304
CALCE,CS2_35,678.0,0.2000446,0.6746090650558472,-0.0003257003430368957,-6.515459554478607e-05,0.6745439104603024,0.6667975381019617
CALCE,CS2_35,679.0,0.25093156,0.6667975187301636,-0.00032006647205703315,-8.031477945485602e-05,0.6667172039507088,0.6668120645365572
CALCE,CS2_35,680.0,0.27015197,0.6668120622634888,-0.0003225843726863409,-8.714680466621077e-05,0.6667249154588225,0.6668143166644062
CALCE,CS2_35,681.0,0.28627467,0.6668143272399902,-0.00032493816551373844,-9.302156660798849e-05,0.6667213056733823,0.658480886975592
CALCE,CS2_35,682.0,0.36118796,0.6584808826446533,-0.00032043927186137244,-0.00011573880840644877,0.6583651438362469,0.6584828411629464
CALCE,CS2_35,683.0,0.3862003,0.6584828495979309,-0.00032328317469447476,-0.00012485206189676764,0.6583579975360342,0.6584086381760359
CALCE,CS2_35,684.0,0.40552863,0.6584086418151855,-0.0003255757602354456,-0.00013203029356789156,0.6582766115216176,0.6582038255905139
CALCE,CS2_35,685.0,0.41778925,0.6582038402557373,-0.0003272656685694014,-0.0001367280784227301,0.6580671121773146,0.6500820788784223
CALCE,CS2_35,686.0,0.4610917,0.6500820517539978,-0.0003223195325975439,-0.0001486188603312803,0.6499334328936666,0.650074539520872
CALCE,CS2_35,687.0,0.4404993,0.6500745415687561,-0.00032473886916856154,-0.00014304724641070468,0.6499314943223454,0.658091867595716
CALCE,CS2_35,688.0,0.53401,0.6580918431282043,-0.000330396861691562,-0.00017643522582435036,0.65791540790238,0.6584857304092279
CALCE,CS2_35,689.0,0.49388063,0.6584857106208801,-0.000330605960236853,-0.00016327987977128448,0.6583224307411089,0.6501136861508722
CALCE,CS2_35,690.0,0.45283604,0.6501137018203735,-0.0003288949568455088,-0.00014893548874266003,0.6499647663316309,0.6417779281448324
CALCE,CS2_35,691.0,0.4852916,0.6417779326438904,-0.0003222230464249923,-0.00015637213782971812,0.6416215605060607,0.6417585401936527
CALCE,CS2_35,692.0,0.48590186,0.6417585611343384,-0.0003230753861206276,-0.00015698293180608385,0.6416015782025323,0.6417532495007149
CALCE,CS2_35,693.0,0.48303774,0.6417532563209534,-0.0003243502593640382,-0.00015667341624907,0.6415965829047043,0.6334381753581856
CALCE,CS2_35,694.0,0.48407304,0.6334381699562073,-0.0003182210384926956,-0.00015404222640827306,0.633284127729799,0.6334299525069305
CALCE,CS2_35,695.0,0.48761922,0.6334299445152283,-0.0003211386610980846,-0.0001565933838252242,0.633273351131403,0.6334107958381207
CALCE,CS2_35,696.0,0.48817217,0.6334108114242554,-0.0003242617685344368,-0.0001582955723284297,0.633252515851927,0.6334144383251594
CALCE,CS2_35,697.0,0.45534807,0.6334144473075867,-0.0003268913329364728,-0.00014884933900250166,0.6332655979685842,0.6334437337448015
CALCE,CS2_35,698.0,0.45613876,0.6334437131881714,-0.0003289016422170152,-0.0001500247871939765,0.6332936884009774,0.6334174840525106
CALCE,CS2_35,699.0,0.45462468,0.6334174871444702,-0.0003300425821731526,-0.00015004550418636417,0.6332674416402838,0.6250748808825441
CALCE,CS2_35,700.0,0.48403057,0.6250748634338379,-0.0003254898441773027,-0.00015754703629063853,0.6249173163975472,0.6250639647793563
CALCE,CS2_35,701.0,0.45397705,0.625063955783844,-0.00032654048644667477,-0.00014824188621920297,0.6249157138976248,0.616710681262011
CALCE,CS2_35,702.0,0.48886496,0.6167106628417969,-0.00032015396911519445,-0.00015651205675668822,0.6165541507850402,0.6167298412087228
CALCE,CS2_35,703.0,0.5185317,0.6167298555374146,-0.0003216144969321946,-0.000166767305441056,0.6165630882319735,0.6167175524049878
CALCE,CS2_35,704.0,0.51694834,0.6167175769805908,-0.0003239290809591358,-0.00016745460143213634,0.6165501223791587,0.6167147397235001
CALCE,CS2_35,705.0,0.4827847,0.6167147159576416,-0.00032633305924426037,-0.00015754860434559899,0.616557167353296,0.6167105067686243
CALCE,CS2_35,706.0,0.4476968,0.6167104840278625,-0.0003281700457513567,-0.0001469206809796864,0.6165635633468829,0.6167380969191776
CALCE,CS2_35,707.0,0.4455189,0.6167380809783936,-0.0003296242947397124,-0.00014685385679362583,0.6165912271216,0.6083764429304529
CALCE,CS2_35,708.0,0.4747275,0.6083764433860779,-0.00032549354823448867,-0.00015452074213204967,0.6082219226439458,0.6083777152796671
CALCE,CS2_35,709.0,0.44333255,0.6083776950836182,-0.00032655534784684775,-0.00014477261602730744,0.6082329224675909,0.6083846252483471
CALCE,CS2_35,710.0,0.4448489,0.6083846092224121,-0.0003278301307474002,-0.00014583487143459746,0.6082387743509775,0.6083914480569924
CALCE,CS2_35,711.0,0.4441992,0.6083914637565613,-0.0003286131774708004,-0.00014596971200263542,0.6082454940445586,0.6083777557191606
CALCE,CS2_35,712.0,0.44166985,0.6083777546882629,-0.0003293564281651659,-0.00014546680473195386,0.608232287883531,0.6000599742348072
CALCE,CS2_35,713.0,0.46981433,0.600059986114502,-0.0003244496365080521,-0.00015243108870490255,0.5999075550257971,0.6000374197690317
CALCE,CS2_35,714.0,0.4674369,0.6000373959541321,-0.0003258122778381986,-0.00015229668428705492,0.599885099269845,0.6000448816697793
CALCE,CS2_35,715.0,0.43171018,0.6000449061393738,-0.0003273730410563655,-0.00014133027566682962,0.5999035758637069,0.600046456276919
CALCE,CS2_35,716.0,0.42837715,0.6000464558601379,-0.0003286078472421669,-0.00014076809355861663,0.5999056877665794,0.6000333352131517
CALCE,CS2_35,717.0,0.3820007,0.6000333428382874,-0.0003293534920222746,-0.00012581326928891168,0.5999075295689984,0.6333178816188713
CALCE,CS2_35,718.0,0.19183013,0.6333178877830505,-0.00033120177138664525,-6.35344783417809e-05,0.6332543533047088,0.6167240231948806
CALCE,CS2_35,719.0,0.24477352,0.6167240142822266,-0.00033094727555511155,-8.1007130240345e-05,0.6166430071519862,0.6083874537576123
CALCE,CS2_35,720.0,0.2687779,0.6083874702453613,-0.00032933311970775175,-8.851746658614587e-05,0.6082989527787752,0.6083710109772617
CALCE,CS2_35,721.0,0.2581608,0.6083710193634033,-0.00032874290981516757,-8.486853250731201e-05,0.608286150830896,0.6000463774258886
CALCE,CS2_35,722.0,0.29168925,0.6000463962554932,-0.00032252641774280916,-9.407748789447424e-05,0.5999523187675987,0.6000316121537825
CALCE,CS2_35,723.0,0.25325012,0.6000316143035889,-0.0003217790112769667,-8.149057388555627e-05,0.5999501237297034,0.6000394551140671
CALCE,CS2_35,724.0,0.26058528,0.6000394821166992,-0.00032329984295181163,-8.424717954109501e-05,0.5999552349371581,0.6000589004458591
CALCE,CS2_35,725.0,0.26633856,0.600058913230896,-0.00032531046843235767,-8.664272074087151e-05,0.5999722705101551,0.6000614252927424
CALCE,CS2_35,726.0,0.2705441,0.6000614166259766,-0.00032720554539727303,-8.852353363219966e-05,0.5999728930923444,0.6000571861718876
CALCE,CS2_35,727.0,0.27307,0.6000571846961975,-0.00032962501748257794,-9.001070601680201e-05,0.5999671739901807,0.5917296583357881
CALCE,CS2_35,728.0,0.28505576,0.5917296409606934,-0.0003255204704062306,-9.279148397031512e-05,0.591636849476723,0.5833778183121074
CALCE,CS2_35,729.0,0.35467678,0.5833778381347656,-0.0003186445658119111,-0.00011301582954964358,0.583264822305216,0.5833640770901223
CALCE,CS2_35,730.0,0.38268346,0.5833640694618225,-0.0003204271207469453,-0.00012262215794564606,0.5832414473038768,0.5750336634972364
CALCE,CS2_35,731.0,0.43544972,0.5750336647033691,-0.00031397767961473255,-0.0001367214924952088,0.5748969432108739,0.5750193960241109
CALCE,CS2_35,732.0,0.44982693,0.5750194191932678,-0.0003171680473090105,-0.0001426707277442037,0.5748767484655236,0.5667023110080138
CALCE,CS2_35,733.0,0.5840594,0.5667023062705994,-0.0003131229458333551,-0.00018288240527033513,0.566519423865329,0.5666763334872097
CALCE,CS2_35,734.0,0.54433364,0.5666763186454773,-0.00031769361688655656,-0.00017293132185552357,0.5665033873236218,0.5666941657539772
CALCE,CS2_35,735.0,0.51747406,0.5666941404342651,-0.00032211133748083487,-0.00016668426006116496,0.566527456174204,0.5667078405733657
CALCE,CS2_35,736.0,0.5173685,0.5667078495025635,-0.0003258481891243309,-0.00016858358735702988,0.5665392659152064,0.5666884676129327
CALCE,CS2_35,737.0,0.48710814,0.5666884779930115,-0.00032818102240862734,-0.00015985964779728293,0.5665286183452142,0.5750134275067554
CALCE,CS2_35,738.0,0.45281363,0.5750133991241455,-0.00033077047458162506,-0.00014977737774931346,0.5748636217463962,0.5666473478637875
CALCE,CS2_35,739.0,0.47898522,0.5666473507881165,-0.00033023559968968497,-0.0001581779714332161,0.5664891728166832,0.5583051369550116
CALCE,CS2_35,740.0,0.505648,0.5583051443099976,-0.0003251492516019097,-0.00016441107427865782,0.5581407332357189,0.5583133075818492
CALCE,CS2_35,741.0,0.50224495,0.5583133101463318,-0.000325640987779062,-0.00016355154141038967,0.5581497586049214,0.558300984862131
CALCE,CS2_35,742.0,0.49482805,0.5583009719848633,-0.0003262616432148577,-0.00016144341119062332,0.5581395285736727,0.549966490709427
CALCE,CS2_35,743.0,0.4869507,0.5499665141105652,-0.0003193752588489876,-0.00015552000442669512,0.5498109941061385,0.549979452689965
CALCE,CS2_35,744.0,0.45282385,0.5499794483184814,-0.0003218940177354482,-0.00014576128760858715,0.5498336870308729,0.549983159951785
CALCE,CS2_35,745.0,0.45111346,0.5499831438064575,-0.0003247424828828893,-0.00014649570585729957,0.5498366481006002,0.5583353250127095
CALCE,CS2_35,746.0,0.37302145,0.5583353042602539,-0.00033022290651810865,-0.00012318022860767714,0.5582121240316462,0.5499758666895396
CALCE,CS2_35,747.0,0.40487427,0.5499758720397949,-0.00032878519027280256,-0.00013311666231835044,0.5498427553774766,0.5499996007916003
CALCE,CS2_35,748.0,0.36696252,0.5499995946884155,-0.00032962980565406225,-0.00012096178489762267,0.5498786329035179,0.5416488914762024
CALCE,CS2_35,749.0,0.40919557,0.5416488647460938,-0.0003242825022203924,-0.00013269496403036144,0.5415161697820634,0.541644244802404
CALCE,CS2_35,750.0,0.41657132,0.5416442155838013,-0.0003250211906004191,-0.0001353945061049225,0.5415088210776964,0.5333022849845263
CALCE,CS2_35,751.0,0.45209908,0.5333023071289062,-0.0003182711787789935,-0.0001438901086614269,0.5331584170202448,0.533305051300126
CALCE,CS2_35,752.0,0.45657456,0.5333050489425659,-0.0003203365068601763,-0.00014625749941911062,0.5331587914431468,0.5332883338626195
CALCE,CS2_35,753.0,0.48846602,0.5332883596420288,-0.00032306648734909543,-0.00015780700269189905,0.533130552639337,0.5333090986035687
CALCE,CS2_35,754.0,0.45149648,0.5333091020584106,-0.0003258365800670529,-0.00014711406957311845,0.5331619879888375,0.5249652867339325
CALCE,CS2_35,755.0,0.450174,0.5249652862548828,-0.0003214899141307445,-0.000144726401838252,0.5248205598530445,0.5249597470938834
CALCE,CS2_35,756.0,0.45340323,0.5249597430229187,-0.00032424261584849956,-0.0001470126507825532,0.5248127303721362,0.5249579171316529
CALCE,CS2_35,757.0,0.45376188,0.5249578952789307,-0.0003266245504762247,-0.00014820976865070952,0.52480968551028,0.5416806094925876
CALCE,CS2_35,758.0,0.3471548,0.541680634021759,-0.0003308961866688026,-0.00011487219822105331,0.541565761823538,0.5500300907261536
CALCE,CS2_35,759.0,0.30241027,0.5500301122665405,-0.0003310537446134937,-0.00010011405386360783,0.549929998212677,0.5500342196780595
CALCE,CS2_35,760.0,0.2802987,0.55003422498703,-0.0003310197305273835,-9.278440340813698e-05,0.5499414405836219,0.5500281873013921
CALCE,CS2_35,761.0,0.28446168,0.5500282049179077,-0.0003310338240132618,-9.416643674717496e-05,0.5499340384811605,0.5500328484759155
CALCE,CS2_35,762.0,0.21008861,0.5500328540802002,-0.00033094266806934364,-6.952728533919761e-05,0.549963326794861,0.5500351606393863
CALCE,CS2_35,763.0,0.18680607,0.5500351786613464,-0.000330833172525212,-6.180164406529417e-05,0.5499733770172811,0.5500521442916283
CALCE,CS2_35,764.0,0.148725,0.5500521659851074,-0.00033065863012318036,-4.9177205758393024e-05,0.5500029887793491,0.5500436326522152
CALCE,CS2_35,765.0,0.13938898,0.5500436425209045,-0.0003305183728358335,-4.607061835888588e-05,0.5499975719025456,0.5500548119450012
CALCE,CS2_35,766.0,0.11586677,0.5500547885894775,-0.0003304858494068835,-3.8292328836917676e-05,0.5500164962606406,0.5417006616251968
CALCE,CS2_35,767.0,0.13525166,0.5417006611824036,-0.0003266940241341762,-4.418590782651159e-05,0.541656475274577,0.5333776034050605
CALCE,CS2_35,768.0,0.16220242,0.5333775877952576,-0.00031915708084644806,-5.176805018739959e-05,0.5333258197450702,0.5250350953426561
CALCE,CS2_35,769.0,0.20467636,0.5250350832939148,-0.00031161670453010853,-6.37805727647297e-05,0.5249713027211501,0.5166857047569586
CALCE,CS2_35,770.0,0.24908702,0.5166857242584229,-0.00030519197216961197,-7.60193591060148e-05,0.5166097048993168,0.5083441750413525
CALCE,CS2_35,771.0,0.34197125,0.5083441734313965,-0.00030060097397331675,-0.00010279689033639113,0.50824137654106,0.5083594621398609
CALCE,CS2_35,772.0,0.38098732,0.5083594918251038,-0.0003070456269340452,-0.00011698048940874925,0.508242511335695,0.5000254791540467
CALCE,CS2_35,773.0,0.5013006,0.5000254511833191,-0.0003054912780588101,-0.00015314295284399998,0.49987230823047507,0.5000323345357817
CALCE,CS2_35,774.0,0.54132175,0.5000323057174683,-0.00031278524422942433,-0.0001693174571740848,0.4998629882602942,0.5000043068660411
CALCE,CS2_35,775.0,0.54692537,0.5000042915344238,-0.00031956827636552,-0.00017477999648918087,0.49982951153793465,0.5000282230780413
CALCE,CS2_35,776.0,0.54947054,0.5000282526016235,-0.0003245533501092593,-0.00017833250579657055,0.49984992009582696,0.5000154739910858
CALCE,CS2_35,777.0,0.5496295,0.5000154972076416,-0.0003276984108601527,-0.00018011271680828426,0.4998353844908333,0.4917062625545046
CALCE,CS2_35,778.0,0.5698818,0.4917062520980835,-0.00032395135047368073,-0.0001846139776956663,0.49152163812038785,0.4917022291673428
CALCE,CS2_35,779.0,0.5683513,0.49170222878456116,-0.00032583757383849304,-0.00018519021792492844,0.49151703856663626,0.4917006022312443
CALCE,CS2_35,780.0,0.56463134,0.49170058965682983,-0.0003273875862565348,-0.00018485329247284836,0.49151573636435697,0.4833542146723167
CALCE,CS2_35,781.0,0.579671,0.48335421085357666,-0.0003212790538997187,-0.00018623615857381236,0.48316797469500283,0.4750199683631355
CALCE,CS2_35,782.0,0.5765951,0.4750199615955353,-0.0003147091405661037,-0.00018145975705610726,0.47483850183847914,0.4750226020978714
CALCE,CS2_35,783.0,0.5479528,0.4750226140022278,-0.0003178859568316525,-0.00017418649096728056,0.4748484275112605,0.4833720244679083
CALCE,CS2_35,784.0,0.47960192,0.4833720326423645,-0.0003276486771167167,-0.00015714093451629833,0.4832148917078482,0.4833802760116636
CALCE,CS2_35,785.0,0.43848667,0.4833802878856659,-0.00032925063667822024,-0.00014437201378659982,0.4832359158718793,0.4833499047177004
CALCE,CS2_35,786.0,0.40142336,0.48334991931915283,-0.0003302287336324622,-0.00013256152943404492,0.4832173577897188,0.4833761723547576
CALCE,CS2_35,787.0,0.39333308,0.4833761751651764,-0.0003305790380651111,-0.00013002767037623896,0.48324614749480016,0.4917201024498879
CALCE,CS2_35,788.0,0.3155394,0.4917201101779938,-0.00033095364472661426,-0.00010442891112524231,0.49161568126686855,0.4833757471537399
CALCE,CS2_35,789.0,0.3382152,0.48337575793266296,-0.0003305284460645222,-0.00011178974518323873,0.48326396818747974,0.4833735468423539
CALCE,CS2_35,790.0,0.3317844,0.4833735525608063,-0.0003301441275457631,-0.00010953667040092321,0.48326401589040535,0.4750268844144926
CALCE,CS2_35,791.0,0.35848466,0.4750268757343292,-0.0003257135330941921,-0.00011676330374161094,0.4749101124305876,0.4750351026575202
CALCE,CS2_35,792.0,0.35393316,0.4750351011753082,-0.0003254668970913213,-0.000115193525910254,0.47491990764939795,0.4750323549162884
CALCE,CS2_35,793.0,0.3176404,0.47503235936164856,-0.0003262680575577895,-0.0001036359143432649,0.4749287234473053,0.4666864621743678
CALCE,CS2_35,794.0,0.35008827,0.4666864573955536,-0.0003199797429131665,-0.00011202115415744856,0.46657443624139616,0.4583526517221875
CALCE,CS2_35,795.0,0.389142,0.458352655172348,-0.000313803634098421,-0.00012211417586262382,0.4582305409964854,0.450028160028784
CALCE,CS2_35,796.0,0.40128094,0.4500281512737274,-0.0003086032733236044,-0.000123836611476454,0.44990431466225095,0.4500213049248349
CALCE,CS2_35,797.0,0.38505825,0.45002129673957825,-0.00031292920557395715,-0.00012049597352501801,0.4499008007660532,0.4500109459909132
CALCE,CS2_35,798.0,0.3996847,0.4500109553337097,-0.00031748637036985855,-0.00012689444386660022,0.4498840608898431,0.4500117855282333
CALCE,CS2_35,799.0,0.43867695,0.4500117897987366,-0.00032215736716708493,-0.00014132301231707537,0.4498704667864195,0.4500498643478572
CALCE,CS2_35,800.0,0.44220927,0.45004987716674805,-0.0003258299850384047,-0.00014408504099335185,0.4499057921257547,0.4417196349504526
CALCE,CS2_35,801.0,0.47839507,0.4417196214199066,-0.0003226925582590287,-0.00015437453048311025,0.4415652468894235,0.4417143439656488
CALCE,CS2_35,802.0,0.48207954,0.441714346408844,-0.0003253699592044787,-0.00015685419887141952,0.4415574922099726,0.450044227896108
CALCE,CS2_35,803.0,0.47887835,0.4500442147254944,-0.00033053255666457004,-0.0001582848850480209,0.44988592984044634,0.4250432223973318
CALCE,CS2_35,804.0,0.53444356,0.4250432252883911,-0.00031156629321523605,-0.00016651459806901715,0.4248767106903221,0.4167213094907009
CALCE,CS2_35,805.0,0.5669165,0.41672131419181824,-0.00030462195390583424,-0.00017269521965786438,0.4165486189721604,0.4083748001679552
CALCE,CS2_35,806.0,0.568123,0.4083747863769531,-0.00029985858153610406,-0.0001703565518140894,0.40820442982513905,0.39170967677348
CALCE,CS2_35,807.0,0.61972636,0.39170968532562256,-0.00028585661297312465,-0.00017715287819522908,0.3915325324474273,0.3833552765787928
CALCE,CS2_35,808.0,0.6423735,0.3833552896976471,-0.0002845545013579684,-0.00018279027161959707,0.3831724994260275,0.383363691185493
CALCE,CS2_35,809.0,0.6244903,0.3833636939525604,-0.0002954161973415387,-0.00018448455581262976,0.3831792093967478,0.3666993138477973
CALCE,CS2_35,810.0,0.64720184,0.36669930815696716,-0.0002875169340210218,-0.00018608148761088192,0.36651322666935626,0.3583485958812776
CALCE,CS2_35,811.0,0.65128934,0.3583486080169678,-0.0002895783773593022,-0.00018859931137883216,0.35816000870558895,0.3583485967004197
CALCE,CS2_35,812.0,0.65746313,0.3583486080169678,-0.00030139852072545714,-0.0001981584158187272,0.35815044960114906,0.3583636411072707
CALCE,CS2_35,813.0,0.6614629,0.35836362838745117,-0.00031043637508779837,-0.00020534214586943943,0.35815828624158175,0.3583554688716169
CALCE,CS2_35,814.0,0.6621285,0.35835546255111694,-0.00031789476526032645,-0.00021048718665175,0.3581449753644652,0.3583484047182288
CALCE,CS2_35,815.0,0.6593263,0.35834839940071106,-0.0003240555157891789,-0.0002136583290567713,0.3581347410716543,0.3583513950278394
CALCE,CS2_35,816.0,0.6371074,0.3583514094352722,-0.00032764637337383273,-0.0002087459199785638,0.35814266351529367,0.3500305503255679
CALCE,CS2_35,817.0,0.648343,0.3500305414199829,-0.00032452995130898693,-0.00021040673086636141,0.34982013468911655,0.3416965276861205
CALCE,CS2_35,818.0,0.6756918,0.34169653058052063,-0.0003186586592977894,-0.00021531503780575998,0.3414812155427149,0.3416965583420406
CALCE,CS2_35,819.0,0.6136899,0.341696560382843,-0.00032045715974729494,-0.00019666132214161316,0.3414998990607014,0.3333414793928279
CALCE,CS2_35,820.0,0.6091529,0.33334147930145264,-0.00031398413912909345,-0.00019126435301566308,0.333150214948437,0.2333429011802872
CALCE,CS2_35,821.0,0.78304166,0.23334290087223053,-0.00020099250707104194,-0.00015738550558397826,0.23318551536664656,0.3250156573546681
CALCE,CS2_35,822.0,0.55154806,0.325015664100647,-0.0003112571851259238,-0.00017167329778604588,0.3248439908028609,0.3250375661391625
CALCE,CS2_35,823.0,0.51461077,0.32503756880760193,-0.0003185587400966264,-0.00016393375769179383,0.3248736350499101,0.3250471303374253
CALCE,CS2_35,824.0,0.5050263,0.3250471353530884,-0.0003206510806924093,-0.000161937222742232,0.32488519813034616,0.3167118781263903
CALCE,CS2_35,825.0,0.46216264,0.3167118728160858,-0.0003200039096277335,-0.00014789385285862052,0.3165639789632272,0.3083715568167903
CALCE,CS2_35,826.0,0.45901498,0.30837154388427734,-0.00032065939223536316,-0.0001471874651502658,0.3082243564191271,0.316704704439995
CALCE,CS2_35,827.0,0.42432067,0.3167046904563904,-0.00032689097156504004,-0.00013870659541179593,0.31656598386097856,0.3167046814225324
CALCE,CS2_35,828.0,0.4169752,0.3167046904563904,-0.00032839319261109695,-0.00013693181722552637,0.31656775863916486,0.3250527002750477
CALCE,CS2_35,829.0,0.36662152,0.3250527083873749,-0.0003304557200636757,-0.00012115217973583233,0.324931556207639,0.3250376359821776
CALCE,CS2_35,830.0,0.34060323,0.3250376284122467,-0.0003307634278386859,-0.00011265909267617838,0.32492496931957054,0.316704478791657
CALCE,CS2_35,831.0,0.35317054,0.31670448184013367,-0.0003301054156310268,-0.0001165835091857403,0.3165878983309479,0.3083801477986115
CALCE,CS2_35,832.0,0.32211587,0.3083801567554474,-0.000324802289855014,-0.00010462397163222078,0.30827553278381514,0.300022286214236
CALCE,CS2_35,833.0,0.30281487,0.30002227425575256,-0.0003165535803590011,-9.58571316240344e-05,0.29992641712412854,0.3000249731053088
CALCE,CS2_35,834.0,0.28920034,0.30002498626708984,-0.00031721543213813347,-9.173880947658827e-05,0.29993324745761324,0.2916908886142923
CALCE,CS2_35,835.0,0.2773908,0.2916908860206604,-0.00031069724009083477,-8.618455843085951e-05,0.29160470146222955,0.2916936694225506
CALCE,CS2_35,836.0,0.038890947,0.29169365763664246,-0.00031503613654133844,-1.2252053581088184e-05,0.2916814055830614,0.2833594006147641
CALCE,CS2_35,837.0,0.3995831,0.2833594083786011,-0.00031179666750363183,-0.00012458867936755762,0.28323481969923353,0.2833566713199863
CALCE,CS2_35,838.0,0.40481472,0.2833566665649414,-0.0003172162000524281,-0.00012841378725247826,0.2832282527776889,0.2833648717841813
CALCE,CS2_35,839.0,0.40731028,0.283364862203598,-0.0003221225851666801,-0.000131203839464219,0.2832336583641338,0.2750215188108842
CALCE,CS2_35,840.0,0.40964732,0.2750215232372284,-0.00031820613192109354,-0.00013035228779367054,0.2748911709494347,0.283359433850649
CALCE,CS2_35,841.0,0.35836494,0.28335943818092346,-0.0003281285332080164,-0.00011758976201353959,0.2832418484189099,0.2833703641435446
CALCE,CS2_35,842.0,0.38892108,0.28337037563323975,-0.00032978230439869444,-0.00012825929065772524,0.283242116342582,0.2833521797772769
CALCE,CS2_35,843.0,0.38653865,0.28335216641426086,-0.00033035742703396015,-0.00012769591537153008,0.2832244704988893,0.2750197016112423
CALCE,CS2_35,844.0,0.43980452,0.27501970529556274,-0.00032749550080064804,-0.00014403400290179181,0.27487567129266094,0.2750271734008081
CALCE,CS2_35,845.0,0.4315838,0.27502718567848206,-0.00032819362523734547,-0.00014164304928071067,0.27488554262920134,0.2750276293827505
CALCE,CS2_35,846.0,0.39305055,0.27502763271331787,-0.0003286420871854226,-0.00012917295358623918,0.27489845975973165,0.2666977111112587
CALCE,CS2_35,847.0,0.385891,0.2666977047920227,-0.0003220181488226073,-0.0001242639024067418,0.266573440889616,0.4250432223973318
CALCE,CS2_35,848.0,0.0039102742,0.4250432252883911,-0.00033227287631339836,-1.299278070508821e-06,0.4250419260103206,0.4167213094907009
CALCE,CS2_35,849.0,0.003120934,0.41672131419181824,-0.00033215633402632755,-1.0366379603734492e-06,0.4167202775538579,0.4083748001679552
CALCE,CS2_35,850.0,0.0017999953,0.4083747863769531,-0.00033176862765038617,-5.971819745943768e-07,0.40837418919497853,0.39170967677348
CALCE,CS2_35,851.0,0.0018194122,0.39170968532562256,-0.00032951624468131185,-5.995258835780178e-07,0.39170908579973895,0.3833552765787928
CALCE,CS2_35,852.0,0.0014136705,0.3833552896976471,-0.0003211988294416421,-4.540693049686241e-07,0.3833548356283421,0.383363691185493
CALCE,CS2_35,853.0,0.0012363372,0.3833636939525604,-0.00031935827439164705,-3.948345265936406e-07,0.38336329911803385,0.3750266444677241
CALCE,CS2_35,854.0,0.0014830083,0.3750266432762146,-0.0003105602351463829,-4.605633956562499e-07,0.37502618271281896,0.3666855811262531
CALCE,CS2_35,855.0,0.0016049616,0.36668556928634644,-0.00030463455673455236,-4.889267596811123e-07,0.36668508035958675,0.3666993138477973
CALCE,CS2_35,856.0,0.0023813976,0.36669930815696716,-0.0003089725949279032,-7.357866096397552e-07,0.3666985723703575,0.3583485958812776
CALCE,CS2_35,857.0,0.0037427968,0.3583486080169678,-0.0003082613256053385,-1.1537595136923904e-06,0.35834745425745407,0.3583485967004197
CALCE,CS2_35,858.0,0.005036704,0.3583486080169678,-0.0003148589290249901,-1.5858511569063782e-06,0.3583470221658109,0.3583636411072707
CALCE,CS2_35,859.0,0.005517468,0.35836362838745117,-0.00032093480243856887,-1.7707474564571878e-06,0.35836185763999473,0.3583554688716169
CALCE,CS2_35,860.0,0.0076002926,0.35835546255111694,-0.00032505805048656244,-2.4705362837988096e-06,0.35835299201483317,0.3583484047182288
CALCE,CS2_35,861.0,0.010157665,0.35834839940071106,-0.0003276967395172761,-3.3286337795299203e-06,0.3583450707669315,0.3583513950278394
CALCE,CS2_35,862.0,0.012100614,0.3583514094352722,-0.00032962004862537725,-3.988604868283836e-06,0.35834742083040394,0.3500305503255679
CALCE,CS2_35,863.0,0.58622134,0.3500305414199829,-0.00032551310746328777,-0.00019082272917180326,0.3498397186908111,0.3416965276861205
CALCE,CS2_35,864.0,0.5809358,0.34169653058052063,-0.0003186586592977894,-0.00018512021559274287,0.3415114103649279,0.3416965583420406
CALCE,CS2_35,865.0,0.5410731,0.341696560382843,-0.00032045715974729494,-0.00017339074367511389,0.3415231696391679,0.3333414793928279
CALCE,CS2_35,866.0,0.49730298,0.33334147930145264,-0.00031398413912909345,-0.00015614524782014153,0.3331853340536325,0.2333429011802872
CALCE,CS2_35,867.0,0.75242484,0.23334290087223053,-0.00020099250707104194,-0.00015123175420206562,0.23319166911802847,0.3250156573546681
CALCE,CS2_35,868.0,0.5135891,0.325015664100647,-0.0003112571851259238,-0.0001598582926434344,0.32485580580800355,0.3250375661391625
CALCE,CS2_35,869.0,0.4735952,0.32503756880760193,-0.0003185587400966264,-0.00015086789085509868,0.3248867009167468,0.3250471303374253
CALCE,CS2_35,870.0,0.4337967,0.3250471353530884,-0.0003206510806924093,-0.00013909738187923228,0.32490803797120915,0.3167118781263903
CALCE,CS2_35,871.0,0.46216264,0.3167118728160858,-0.0003200039096277335,-0.00014789385285862052,0.3165639789632272,0.3083715568167903
CALCE,CS2_35,872.0,0.45901498,0.30837154388427734,-0.00032065939223536316,-0.0001471874651502658,0.3082243564191271,0.316704704439995
CALCE,CS2_35,873.0,0.42432067,0.3167046904563904,-0.00032689097156504004,-0.00013870659541179593,0.31656598386097856,0.3167046814225324
CALCE,CS2_35,874.0,0.4169752,0.3167046904563904,-0.00032839319261109695,-0.00013693181722552637,0.31656775863916486,0.3250527002750477
CALCE,CS2_35,875.0,0.36662152,0.3250527083873749,-0.0003304557200636757,-0.00012115217973583233,0.324931556207639,0.3250376359821776
CALCE,CS2_35,876.0,0.34060323,0.3250376284122467,-0.0003307634278386859,-0.00011265909267617838,0.32492496931957054,0.316704478791657
CALCE,CS2_35,877.0,0.35317054,0.31670448184013367,-0.0003301054156310268,-0.0001165835091857403,0.3165878983309479,0.3083801477986115
CALCE,CS2_35,878.0,0.32211587,0.3083801567554474,-0.000324802289855014,-0.00010462397163222078,0.30827553278381514,0.300022286214236
CALCE,CS2_35,879.0,0.30281487,0.30002227425575256,-0.0003165535803590011,-9.58571316240344e-05,0.29992641712412854,0.3000249731053088
CALCE,CS2_35,880.0,0.28920034,0.30002498626708984,-0.00031721543213813347,-9.173880947658827e-05,0.29993324745761324,0.2916908886142923
CALCE,CS2_35,881.0,0.2773908,0.2916908860206604,-0.00031069724009083477,-8.618455843085951e-05,0.29160470146222955,0.2916936694225506
