dataset,test_cell,cycle,soh_level,prior_Trend_Prior_l1,prior_Trend_Prior_l2,w_Trend_Prior_l1,w_Trend_Prior_l2,soh_true
CALCE,CS2_35,16.0,0.9949499,0.9949499,0.9844792954623699,0.6103146375288881,0.38968536247111196,0.9945856461098688
CALCE,CS2_35,17.0,0.99458563,0.99458563,0.9851178221404553,0.6138580418593361,0.38614195814066377,0.9940558377368488
CALCE,CS2_35,18.0,0.99405587,0.99405587,0.986328125745058,0.6175737120432366,0.38242628795676337,0.9933938358247986
CALCE,CS2_35,19.0,0.99339384,0.99339384,0.9880898520350456,0.6487165650927375,0.35128343490726266,0.9898669806658424
CALCE,CS2_35,20.0,0.989867,0.989867,0.9887080118060112,0.6430797677373343,0.35692023226266567,0.989437648588973
CALCE,CS2_35,21.0,0.98943764,0.98943764,0.9897158510982991,0.6581218857233174,0.34187811427668263,0.9890863295012022
CALCE,CS2_35,22.0,0.98908633,0.98908633,0.9908196941018105,0.714412389055623,0.2855876109443771,0.988753653496143
CALCE,CS2_35,23.0,0.9887537,0.9887537,0.9903891757130623,0.7221007473880808,0.27789925261191906,0.9883941356516056
CALCE,CS2_35,24.0,0.98839414,0.98839414,0.9897633984684944,0.7410858740354769,0.25891412596452307,0.987999773070958
CALCE,CS2_35,25.0,0.9879998,0.9879998,0.988382039964199,0.7452178224280102,0.2547821775719899,0.9876342618995688
CALCE,CS2_35,26.0,0.98763424,0.98763424,0.9866668954491615,0.7213038786570226,0.2786961213429774,0.978600763515592
CALCE,CS2_35,27.0,0.97860074,0.97860074,0.9836974836885929,0.6804879163613612,0.31951208363863876,0.971164838151943
CALCE,CS2_35,28.0,0.9711648,0.9711648,0.9793965220451355,0.6470670383281802,0.35293296167181976,0.9653373000370428
CALCE,CS2_35,29.0,0.9653373,0.9653373,0.9742404751479625,0.6188636408505472,0.38113635914945276,0.964045412920911
CALCE,CS2_35,30.0,0.9640454,0.9640454,0.969495564699173,0.6107509948707871,0.3892490051292129,0.9627912286830088
CALCE,CS2_35,31.0,0.9627912,0.9627912,0.9651702098548413,0.6033016916007559,0.39669830839924414,0.9713014832056328
CALCE,CS2_35,32.0,0.9713015,0.9713015,0.9637356363236904,0.6378035622219757,0.36219643777802424,0.9725132511281882
CALCE,CS2_35,33.0,0.97251326,0.97251326,0.9631406024098397,0.6460130259964847,0.35398697400351536,0.9647697600817996
CALCE,CS2_35,34.0,0.9647698,0.9647698,0.9610819913446903,0.6165069016112359,0.3834930983887641,0.9570943989358875
CALCE,CS2_35,35.0,0.9570944,0.9570944,0.9577373795211315,0.5972202482781109,0.40277975172188907,0.9559063490142868
CALCE,CS2_35,36.0,0.95590633,0.95590633,0.9544742479920387,0.5923111790398045,0.40768882096019554,0.9552623067175052
CALCE,CS2_35,37.0,0.9552623,0.9552623,0.9518347330391407,0.5904004479739717,0.4095995520260284,0.9543373113012628
CALCE,CS2_35,38.0,0.9543373,0.9543373,0.9497655682265759,0.588256617316821,0.411743382683179,0.962877750692809
CALCE,CS2_35,39.0,0.96287775,0.96287775,0.9506503961980343,0.6279194495541555,0.37208055044584454,0.9640511612771328
CALCE,CS2_35,40.0,0.9640512,0.9640512,0.95242158472538,0.6395733934072737,0.36042660659272635,0.9614837574523062
CALCE,CS2_35,41.0,0.9614838,0.9614838,0.9541003204882145,0.6361744831918669,0.3638255168081332,0.9529760939997434
CALCE,CS2_35,42.0,0.9529761,0.9529761,0.9542601838707924,0.6422890936414338,0.35771090635856606,0.9485389132421236
CALCE,CS2_35,43.0,0.9485389,0.9485389,0.9528221994638443,0.655372116425422,0.3446278835745779,0.9481061488464164
CALCE,CS2_35,44.0,0.94810617,0.94810617,0.9509121686220169,0.6759241682413107,0.3240758317586892,0.9472884142649024
CALCE,CS2_35,45.0,0.9472884,0.9472884,0.9485000804066658,0.6758612056784892,0.32413879432151077,0.9542949184497704
CALCE,CS2_35,46.0,0.9542949,0.9542949,0.9480970352888107,0.706191455127582,0.2938085448724181,0.9562783847743868
CALCE,CS2_35,47.0,0.9562784,0.9562784,0.9482454918324947,0.6838214390714467,0.3161785609285533,0.9602969666453108
CALCE,CS2_35,48.0,0.960297,0.960297,0.9508378967642784,0.6988899578238164,0.30111004217618365,0.9467883771121728
CALCE,CS2_35,49.0,0.9467884,0.9467884,0.9505100503563881,0.6781440550474197,0.32185594495258035,0.9463662580645414
CALCE,CS2_35,50.0,0.94636625,0.94636625,0.9495583340525627,0.7059437045582827,0.2940562954417173,0.9458955572767622
CALCE,CS2_35,51.0,0.94589555,0.94589555,0.9477977387607097,0.7070606184233511,0.29293938157664884,0.944738312799524
CALCE,CS2_35,52.0,0.9447383,0.9447383,0.9458495236933231,0.7034449521236693,0.2965550478763307,0.9881802188508706
CALCE,CS2_35,53.0,0.9881802,0.9881802,0.9549444109201431,0.8357944883288397,0.1642055116711603,0.982370354631276
CALCE,CS2_35,54.0,0.9823704,0.9823704,0.9616251461207866,0.803842474374777,0.19615752562522304,0.9879540050339272
CALCE,CS2_35,55.0,0.987954,0.987954,0.9702819995582104,0.8228155300239212,0.17718446997607873,0.987780822939788
CALCE,CS2_35,56.0,0.9877808,0.9877808,0.9784447222948074,0.8352742539147934,0.16472574608520665,0.9794743509010124
CALCE,CS2_35,57.0,0.97947437,0.97947437,0.9835524708032608,0.839507408564443,0.16049259143555705,0.9728802353881166
CALCE,CS2_35,58.0,0.97288024,0.97288024,0.985285684466362,0.8347197565745578,0.16528024342544223,0.9715672863736544
CALCE,CS2_35,59.0,0.9715673,0.9715673,0.9855275899171829,0.8313653469211041,0.16863465307889597,0.9636125072995388
CALCE,CS2_35,60.0,0.9636125,0.9636125,0.9831400893628597,0.8093390204213438,0.1906609795786562,0.9644565342495192
CALCE,CS2_35,61.0,0.96445656,0.96445656,0.9804533056914806,0.787963598768793,0.212036401231207,0.9633437998098348
CALCE,CS2_35,62.0,0.9633438,0.9633438,0.9781101480126381,0.7752838144787697,0.22471618552123032,0.955615466335508
CALCE,CS2_35,63.0,0.95561546,0.95561546,0.9739061176776886,0.7318197773267133,0.26818022267328673,0.954649442536697
CALCE,CS2_35,64.0,0.95464945,0.95464945,0.970079992711544,0.7690307518030143,0.23096924819698578,0.9494051395972644
CALCE,CS2_35,65.0,0.94940513,0.94940513,0.9630576997995377,0.7442833098251228,0.2557166901748773,0.9487088033385284
CALCE,CS2_35,66.0,0.94870883,0.94870883,0.9557326242327691,0.7335354644394619,0.266464535560538,0.9467580635913126
CALCE,CS2_35,67.0,0.9467581,0.9467581,0.947790690511465,0.7197830010640722,0.2802169989359277,0.9475694891661758
CALCE,CS2_35,68.0,0.9475695,0.9475695,0.9398563846945762,0.5528609013619994,0.44713909863800055,0.9472325302160838
CALCE,CS2_35,69.0,0.94723254,0.94723254,0.9382833734154701,0.5782739580145568,0.4217260419854433,0.940583602315628
CALCE,CS2_35,70.0,0.9405836,0.9405836,0.9352003306150436,0.5260145855438122,0.47398541445618775,0.9394940573722188
CALCE,CS2_35,71.0,0.9394941,0.9394941,0.9337272040545941,0.5250347419038275,0.47496525809617246,0.9390158634372348
CALCE,CS2_35,72.0,0.93901587,0.93901587,0.9333199121057987,0.5641170112549931,0.4358829887450068,0.9385702129406552
CALCE,CS2_35,73.0,0.9385702,0.9385702,0.9327745027840137,0.594106404824538,0.4058935951754619,0.932449535647583
CALCE,CS2_35,74.0,0.9324495,0.9324495,0.9307322636246681,0.5744945801150474,0.42550541988495255,0.938257572682664
CALCE,CS2_35,75.0,0.9382576,0.9382576,0.9309559836983681,0.6350918886248119,0.3649081113751881,0.9381008164881046
CALCE,CS2_35,76.0,0.9381008,0.9381008,0.930779991298914,0.6335069711170633,0.36649302888293656,0.9376222591495104
CALCE,CS2_35,77.0,0.93762225,0.93762225,0.9312487512826919,0.6395947927128394,0.3604052072871606,0.9366945508040028
CALCE,CS2_35,78.0,0.93669456,0.93669456,0.9319895297288895,0.6710211139510543,0.3289788860489456,0.9321612310691918
CALCE,CS2_35,79.0,0.9321612,0.9321612,0.9311039395630359,0.6579629213837717,0.34203707861622845,0.932106294266896
CALCE,CS2_35,80.0,0.9321063,0.9321063,0.9306461766362191,0.679836608803306,0.320163391196694,0.9315696941751246
CALCE,CS2_35,81.0,0.9315697,0.9315697,0.9298311077058315,0.6809618753151016,0.31903812468489845,0.930617201808561
CALCE,CS2_35,82.0,0.9306172,0.9306172,0.9291193366050721,0.6854475640247857,0.3145524359752142,0.930072772142574
CALCE,CS2_35,83.0,0.9300728,0.9300728,0.9284311600029469,0.6809996127089052,0.31900038729109487,0.929677043489588
CALCE,CS2_35,84.0,0.92967707,0.92967707,0.9281829416751861,0.6821580779898739,0.3178419220101262,0.9291730455544644
CALCE,CS2_35,85.0,0.92917305,0.92917305,0.9282054394483567,0.7073565871064543,0.29264341289354573,0.9286504150832512
CALCE,CS2_35,86.0,0.92865044,0.92865044,0.927551431208849,0.709578477164488,0.290421522835512,0.924185161319101
CALCE,CS2_35,87.0,0.92418516,0.92418516,0.9259160488843918,0.6938239454899933,0.3061760545100066,0.9281973213419156
CALCE,CS2_35,88.0,0.9281973,0.9281973,0.9255946703255177,0.7101248096364152,0.2898751903635847,0.923409510785644
CALCE,CS2_35,89.0,0.9234095,0.9234095,0.9242799587547779,0.7147069172808264,0.28529308271917353,0.9228486468462636
CALCE,CS2_35,90.0,0.92284864,0.92284864,0.9222858898341656,0.6905731873264895,0.3094268126735104,0.9225349844518402
CALCE,CS2_35,91.0,0.922535,0.922535,0.9213247045874595,0.6900883370661013,0.30991166293389866,0.9141265179854966
CALCE,CS2_35,92.0,0.9141265,0.9141265,0.9186309814453125,0.6567770595674955,0.3432229404325044,0.9128317980606502
CALCE,CS2_35,93.0,0.9128318,0.9128318,0.916141077131033,0.653974426348731,0.3460255736512689,0.9079432533059744
CALCE,CS2_35,94.0,0.90794325,0.90794325,0.9129096031188965,0.6504104907733635,0.3495895092266364,0.907130692397102
CALCE,CS2_35,95.0,0.9071307,0.9071307,0.9095138624310494,0.6446466853542193,0.3553533146457807,0.92381469953016
CALCE,CS2_35,96.0,0.9238147,0.9238147,0.9109066486358642,0.7083786998055728,0.2916213001944272,0.9231986756219702
CALCE,CS2_35,97.0,0.9231987,0.9231987,0.9122721835970878,0.7123137183650408,0.28768628163495924,0.9220578129743078
CALCE,CS2_35,98.0,0.9220578,0.9220578,0.9134189315140248,0.712601686080113,0.28739831391988707,0.9299581841205016
CALCE,CS2_35,99.0,0.92995816,0.92995816,0.9166730895638466,0.7449465689852431,0.25505343101475686,0.9300871631662176
CALCE,CS2_35,100.0,0.93008715,0.93008715,0.9199029311537743,0.751210272547318,0.24878972745268213,0.9214885918051168
CALCE,CS2_35,101.0,0.9214886,0.9214886,0.9208974406123162,0.7254243243728755,0.2745756756271244,0.9473728190586784
CALCE,CS2_35,102.0,0.9473728,0.9473728,0.928476569801569,0.8207738821078358,0.17922611789216428,0.946874885560706
CALCE,CS2_35,103.0,0.94687486,0.94687486,0.9347934193909169,0.8140546919797729,0.1859453080202272,0.9542554273206908
CALCE,CS2_35,104.0,0.9542554,0.9542554,0.9429899282753468,0.8499138924107768,0.15008610758922333,0.954744515573127
CALCE,CS2_35,105.0,0.9547445,0.9547445,0.9499391980469227,0.8564828020497178,0.14351719795028212,0.9404672202380968
CALCE,CS2_35,106.0,0.94046724,0.94046724,0.9524515628814697,0.824220216026746,0.1757797839732539,0.940187143278604
CALCE,CS2_35,107.0,0.94018716,0.94018716,0.9544064447283744,0.8449207508594172,0.15507924914058283,0.9406107691844188
CALCE,CS2_35,108.0,0.94061077,0.94061077,0.9547646448016167,0.8476179863917217,0.15238201360827827,0.9394201349183234
CALCE,CS2_35,109.0,0.93942016,0.93942016,0.9539688669145108,0.8537322895701995,0.14626771042980055,0.938499960283454
CALCE,CS2_35,110.0,0.9385,0.9385,0.9515450477600098,0.8496359238115978,0.15036407618840228,0.9465176192505472
CALCE,CS2_35,111.0,0.94651765,0.94651765,0.9502398379147052,0.826248052115938,0.17375194788406204,0.9467398284205808
CALCE,CS2_35,112.0,0.94673985,0.94673985,0.9505081318318844,0.8271415338162396,0.17285846618376052,0.9378892048771168
CALCE,CS2_35,113.0,0.9378892,0.9378892,0.9478982143104077,0.8027357816895849,0.19726421831041507,0.931931409870752
CALCE,CS2_35,114.0,0.93193144,0.93193144,0.9432604469358921,0.7550391927947236,0.24496080720527635,0.9306938186113852
CALCE,CS2_35,115.0,0.9306938,0.9306938,0.9392514772713184,0.7453024540153727,0.25469754598462735,0.9300307530241002
CALCE,CS2_35,116.0,0.93003076,0.93003076,0.9350777335464955,0.7659782475763445,0.23402175242365558,0.9243863512037044
CALCE,CS2_35,117.0,0.9243863,0.9243863,0.9282044671475888,0.6487284563766486,0.35127154362335145,0.9371742453624698
CALCE,CS2_35,118.0,0.93717426,0.93717426,0.9283383995294571,0.6987683969534724,0.3012316030465276,0.9375720698144046
CALCE,CS2_35,119.0,0.93757206,0.93757206,0.9287520997226238,0.674719856624585,0.3252801433754151,0.928758762621638
CALCE,CS2_35,120.0,0.92875874,0.92875874,0.9283020913600921,0.6396182532191975,0.3603817467808024,0.9215390789051578
CALCE,CS2_35,121.0,0.92153907,0.92153907,0.9267579041421413,0.6697911871081393,0.3302088128918607,0.9218642636138592
CALCE,CS2_35,122.0,0.9218643,0.9218643,0.923983632773161,0.669711991568695,0.33028800843130496,0.9158406716795564
CALCE,CS2_35,123.0,0.9158407,0.9158407,0.9201264970004559,0.6406057186574935,0.35939428134250656,0.9222686134362064
CALCE,CS2_35,124.0,0.9222686,0.9222686,0.9185485504567623,0.6693421258741873,0.33065787412581266,0.9283964694391394
CALCE,CS2_35,125.0,0.92839646,0.92839646,0.9187825292348861,0.6968598462957042,0.30314015370429576,0.9285926837494662
CALCE,CS2_35,126.0,0.9285927,0.9285927,0.9192030914127827,0.6697074302321181,0.3302925697678819,0.9284619538087638
CALCE,CS2_35,127.0,0.92846197,0.92846197,0.9210413180291652,0.6729635330330519,0.32703646696694805,0.9282607918157608
CALCE,CS2_35,128.0,0.9282608,0.9282608,0.9233139723539352,0.7108531233425903,0.2891468766574096,0.928019541969328
CALCE,CS2_35,129.0,0.9280195,0.9280195,0.924660773575306,0.7339075039126594,0.26609249608734076,0.928168321010977
CALCE,CS2_35,130.0,0.9281683,0.9281683,0.9253977723419666,0.739922240613781,0.2600777593862191,0.9279935112508976
CALCE,CS2_35,131.0,0.92799354,0.92799354,0.9259994849562645,0.7425918834690771,0.2574081165309228,0.9277239380647868
CALCE,CS2_35,132.0,0.92772394,0.92772394,0.9265018761157989,0.7612303510322541,0.23876964896774583,0.9272665876158454
CALCE,CS2_35,133.0,0.9272666,0.9272666,0.926100990921259,0.7179869004678193,0.28201309953218073,0.9236189177101128
CALCE,CS2_35,134.0,0.9236189,0.9236189,0.9266343086957931,0.7054466520971892,0.29455334790281085,0.9233526915886135
CALCE,CS2_35,135.0,0.9233527,0.9233527,0.9274996466934681,0.7388047005275333,0.26119529947246667,0.9232334848089632
CALCE,CS2_35,136.0,0.9232335,0.9232335,0.9273686416447162,0.7630649473217197,0.23693505267828027,0.9231893480416375
CALCE,CS2_35,137.0,0.92318934,0.92318934,0.9262817710638046,0.7603950915340172,0.23960490846598284,0.9231661218980955
CALCE,CS2_35,138.0,0.9231661,0.9231661,0.9251966945827007,0.7782499778260354,0.22175002217396456,0.923572708399894
CALCE,CS2_35,139.0,0.9235727,0.9235727,0.9232770971953869,0.7574109653850065,0.24258903461499348,0.9272517098875676
CALCE,CS2_35,140.0,0.9272517,0.9272517,0.9230481646955013,0.7495160695852044,0.25048393041479566,0.9067311828141242
CALCE,CS2_35,141.0,0.9067312,0.9067312,0.9184837520122529,0.663934758992645,0.3360652410073549,0.9074631409858216
CALCE,CS2_35,142.0,0.90746313,0.90746313,0.9146733455359936,0.6634885767903997,0.33651142320960015,0.9059456448770804
CALCE,CS2_35,143.0,0.90594566,0.90594566,0.9109921500086784,0.6549093583249415,0.3450906416750585,0.9054740851859368
CALCE,CS2_35,144.0,0.90547407,0.90547407,0.9077258825302124,0.6512088634460784,0.34879113655392163,0.9041856434430676
CALCE,CS2_35,145.0,0.90418565,0.90418565,0.904670988023281,0.6431474948545662,0.3568525051454338,0.9134502774137754
CALCE,CS2_35,146.0,0.9134503,0.9134503,0.90455037727952,0.6800077964946245,0.31999220350537544,0.913947187030528
CALCE,CS2_35,147.0,0.91394717,0.91394717,0.9048957034945488,0.6847762592308273,0.3152237407691727,0.8992958594334686
CALCE,CS2_35,148.0,0.89929587,0.89929587,0.901888944208622,0.6255144439423376,0.3744855560576625,0.8980275891072362
CALCE,CS2_35,149.0,0.8980276,0.8980276,0.8992072366178036,0.633970347296057,0.366029652703943,0.9048151459401352
CALCE,CS2_35,150.0,0.90481514,0.90481514,0.8984061688184738,0.6620464225384058,0.3379535774615941,0.913421775118333
CALCE,CS2_35,151.0,0.91342175,0.91342175,0.9001869305968284,0.6980025312450739,0.30199746875492606,0.9135995510848932
CALCE,CS2_35,152.0,0.91359955,0.91359955,0.9022426284849644,0.7027105766032307,0.2972894233967693,0.8989111541924347
CALCE,CS2_35,153.0,0.8989112,0.8989112,0.9008604310452938,0.6456178887172428,0.3543821112827572,0.903659635458996
CALCE,CS2_35,154.0,0.90365964,0.90365964,0.9012687869369984,0.6650542905950606,0.3349457094049394,0.9039792235009708
CALCE,CS2_35,155.0,0.90397924,0.90397924,0.9023056529462338,0.6556722179201924,0.3443277820798075,0.9034753294227096
CALCE,CS2_35,156.0,0.90347534,0.90347534,0.904258231818676,0.737233038391296,0.2627669616087041,0.904185466379225
CALCE,CS2_35,157.0,0.9041855,0.9041855,0.9039047986268998,0.7369038320416449,0.26309616795835516,0.9117430905785884
CALCE,CS2_35,158.0,0.9117431,0.9117431,0.905614073574543,0.7677719656949294,0.2322280343050706,0.912681666264299
CALCE,CS2_35,159.0,0.91268164,0.91268164,0.9072234027087689,0.7735521473781362,0.22644785262186384,0.8992021889011976
CALCE,CS2_35,160.0,0.89920217,0.89920217,0.9052237704396248,0.7307257231553742,0.2692742768446259,0.8985178254665427
CALCE,CS2_35,161.0,0.89851785,0.89851785,0.9030165672302246,0.6933183581711432,0.30668164182885677,0.8975364757385567
CALCE,CS2_35,162.0,0.89753646,0.89753646,0.9020953938364983,0.6880033319533919,0.31199666804660814,0.8984947986920874
CALCE,CS2_35,163.0,0.8984948,0.8984948,0.9018861845135688,0.7458308352360369,0.2541691647639632,0.9060081261641892
CALCE,CS2_35,164.0,0.9060081,0.9060081,0.901743907481432,0.7726439964241385,0.22735600357586144,0.9116389409625713
CALCE,CS2_35,165.0,0.9116389,0.9116389,0.9026513300836086,0.7691798676672386,0.23082013233276147,0.9121371747870132
CALCE,CS2_35,166.0,0.91213715,0.91213715,0.9043611481785774,0.7453325406495079,0.2546674593504921,0.8973357189385999
CALCE,CS2_35,167.0,0.8973357,0.8973357,0.9034784950315953,0.6912055943827065,0.3087944056172935,0.8988590262211019
CALCE,CS2_35,168.0,0.898859,0.898859,0.9034055590629577,0.7507713991270759,0.24922860087292406,0.9046490980935809
CALCE,CS2_35,169.0,0.9046491,0.9046491,0.9029453232884407,0.7529651632755846,0.2470348367244154,0.9122783846465724
CALCE,CS2_35,170.0,0.9122784,0.9122784,0.9049613140523434,0.7772222086707993,0.2227777913292008,0.9124517136216062
CALCE,CS2_35,171.0,0.9124517,0.9124517,0.9068530596792698,0.7808601260885216,0.21913987391147843,0.91261145839471
CALCE,CS2_35,172.0,0.9126115,0.9126115,0.9084973633289337,0.7804597892850678,0.21954021071493224,0.9127800608553172
CALCE,CS2_35,173.0,0.91278005,0.91278005,0.9100619159638882,0.7592720583548458,0.24072794164515413,0.912958570137997
CALCE,CS2_35,174.0,0.91295856,0.91295856,0.9125898517668247,0.759954124551548,0.24004587544845202,0.913096635592548
CALCE,CS2_35,175.0,0.9130966,0.9130966,0.9152627743780613,0.8049846440400683,0.19501535595993166,0.9136854984963444
CALCE,CS2_35,176.0,0.9136855,0.9136855,0.9160505212843418,0.8083009425233038,0.1916990574766963,0.9138788228219928
CALCE,CS2_35,177.0,0.9138788,0.9138788,0.916421965509653,0.8108169110223459,0.18918308897765415,0.9139735409390296
CALCE,CS2_35,178.0,0.91397357,0.91397357,0.9162857249379158,0.8071912363967039,0.19280876360329607,0.9139999450313406
CALCE,CS2_35,179.0,0.914,0.914,0.9158890962600708,0.7848317276176631,0.2151682723823368,0.914272975846144
CALCE,CS2_35,180.0,0.91427296,0.91427296,0.9162999115884304,0.7687663129535546,0.23123368704644545,0.9143654532647626
CALCE,CS2_35,181.0,0.9143655,0.9143655,0.9173719890415668,0.7686105125898021,0.23138948741019794,0.914414157746301
CALCE,CS2_35,182.0,0.91441417,0.91441417,0.9184627152979374,0.8153822028699348,0.18461779713006515,0.9144371157480652
CALCE,CS2_35,183.0,0.9144371,0.9144371,0.9172820664942265,0.8089494307859415,0.19105056921405839,0.9145635913460836
CALCE,CS2_35,184.0,0.9145636,0.9145636,0.9159339815378189,0.7910390161941163,0.20896098380588374,0.9145330016285068
CALCE,CS2_35,185.0,0.914533,0.914533,0.915054228156805,0.7687686445325491,0.23123135546745088,0.9145341836235034
CALCE,CS2_35,186.0,0.9145342,0.9145342,0.9150719963014126,0.7680687248143807,0.23193127518561935,0.9145178296927908
CALCE,CS2_35,187.0,0.9145178,0.9145178,0.915055314451456,0.7673267978547832,0.23267320214521678,0.9057554156665188
CALCE,CS2_35,188.0,0.9057554,0.9057554,0.9128202624619007,0.7326578950264917,0.26734210497350835,0.904383404133291
CALCE,CS2_35,189.0,0.9043834,0.9043834,0.910438983887434,0.7248007918589328,0.27519920814106713,0.9041100254997216
CALCE,CS2_35,190.0,0.90411,0.90411,0.9082259796559811,0.7211040613537737,0.27889593864622625,0.8985312233926737
CALCE,CS2_35,191.0,0.8985312,0.8985312,0.9048602253198623,0.6949417868656906,0.3050582131343094,0.8973919389220744
CALCE,CS2_35,192.0,0.8973919,0.8973919,0.9016621269285678,0.6868587508662054,0.31314124913379465,0.905626061268986
CALCE,CS2_35,193.0,0.90562606,0.90562606,0.9009589321911335,0.7147290749273645,0.2852709250726356,0.9105697766265816
CALCE,CS2_35,194.0,0.9105698,0.9105698,0.9017121143639087,0.7327554537070815,0.26724454629291855,0.9066524041814822
CALCE,CS2_35,195.0,0.9066524,0.9066524,0.9015750847756863,0.7185172570908912,0.28148274290910874,0.8971787595029908
CALCE,CS2_35,196.0,0.89717877,0.89717877,0.8992942914366722,0.6807920797318433,0.31920792026815664,0.9333833995676152
CALCE,CS2_35,197.0,0.9333834,0.9333834,0.9065058097243309,0.7988877417930645,0.2011122582069355,0.9390054807008954
CALCE,CS2_35,198.0,0.9390055,0.9390055,0.9146548181772232,0.8208067743172534,0.1791932256827466,0.9402911915227716
CALCE,CS2_35,199.0,0.94029117,0.94029117,0.9225137807428837,0.8298906197139073,0.17010938028609274,0.9407490139088006
CALCE,CS2_35,200.0,0.940749,0.940749,0.9298599131405354,0.8365091521001501,0.1634908478998499,0.9408033307188562
CALCE,CS2_35,201.0,0.94080335,0.94080335,0.9365603506565094,0.841306691976828,0.1586933080231721,0.9406629748207948
CALCE,CS2_35,202.0,0.940663,0.940663,0.9425691425800323,0.8449665933226386,0.15503340667736135,0.940636666244348
CALCE,CS2_35,203.0,0.9406367,0.9406367,0.9479156479239463,0.8671915628110953,0.1328084371889046,0.9407409479548294
CALCE,CS2_35,204.0,0.94074094,0.94074094,0.9513209775090218,0.8710377041981426,0.12896229580185736,0.9405229779683258
CALCE,CS2_35,205.0,0.94052297,0.94052297,0.9535913147032261,0.8710849157387256,0.1289150842612745,0.9401697855763814
CALCE,CS2_35,206.0,0.9401698,0.9401698,0.9548288404941558,0.8803445660259395,0.1196554339740606,0.9398270511567852
CALCE,CS2_35,207.0,0.939827,0.939827,0.9542423896491528,0.8794346979737788,0.12056530202622118,0.9391727051654576
CALCE,CS2_35,208.0,0.9391727,0.9391727,0.9522890359163284,0.8581913774998904,0.1418086225001095,0.938956623101685
CALCE,CS2_35,209.0,0.9389566,0.9389566,0.9504723086953163,0.8432803101418194,0.15671968985818063,0.9386990465531494
CALCE,CS2_35,210.0,0.93869907,0.93869907,0.9484994851052762,0.8482843802893604,0.15171561971063965,0.9384099036993182
CALCE,CS2_35,211.0,0.9384099,0.9384099,0.9451635047793389,0.8638915671860633,0.1361084328139367,0.938301017485546
CALCE,CS2_35,212.0,0.938301,0.938301,0.9395853407680989,0.7721214980131955,0.2278785019868045,0.9378077933446628
CALCE,CS2_35,213.0,0.9378078,0.9378078,0.938286478817463,0.7523645804931687,0.24763541950683132,0.9298442675520506
CALCE,CS2_35,214.0,0.92984426,0.92984426,0.9357294693589211,0.7158575210788524,0.28414247892114763,0.9218020911596548
CALCE,CS2_35,215.0,0.9218021,0.9218021,0.9315837390720845,0.6791432405851043,0.32085675941489566,0.9222236299622484
CALCE,CS2_35,216.0,0.9222236,0.9222236,0.9280743531882762,0.6770303016122073,0.32296969838779255,0.9213790556152556
CALCE,CS2_35,217.0,0.921379,0.921379,0.9248250834643841,0.6713410241215377,0.3286589758784622,0.9156315890141404
CALCE,CS2_35,218.0,0.9156316,0.9156316,0.9206035330891609,0.6445189542340936,0.35548104576590633,0.9232281484600836
CALCE,CS2_35,219.0,0.92322814,0.92322814,0.9189028955996037,0.6714766181847434,0.32852338181525675,0.9282558352837889
CALCE,CS2_35,220.0,0.92825586,0.92825586,0.9189101785421372,0.6919662456482238,0.3080337543517761,0.922798971764866
CALCE,CS2_35,221.0,0.922799,0.922799,0.9178325198590755,0.672526863795096,0.327473136204904,0.9137529827784556
CALCE,CS2_35,222.0,0.913753,0.913753,0.9148835495114327,0.6355150266611241,0.364484973338876,0.913201426534004
CALCE,CS2_35,223.0,0.91320145,0.91320145,0.9124056942760944,0.6347339416714642,0.3652660583285358,0.9082797114191196
CALCE,CS2_35,224.0,0.9082797,0.9082797,0.9092649348080158,0.613586030199141,0.38641396980085896,0.9069190489540944
CALCE,CS2_35,225.0,0.90691906,0.90691906,0.9065238773822785,0.60797934873479,0.3920206512652099,0.9154607537750484
CALCE,CS2_35,226.0,0.91546077,0.91546077,0.9066805109381676,0.6452707185149981,0.354729281485002,0.9160421274314658
CALCE,CS2_35,227.0,0.91604215,0.91604215,0.9075202070176601,0.6516068312401038,0.3483931687598961,0.9074719801674878
CALCE,CS2_35,228.0,0.90747195,0.90747195,0.9067601136863231,0.6205311381031587,0.3794688618968412,0.9053503970454992
CALCE,CS2_35,229.0,0.9053504,0.9053504,0.9061663970351219,0.6470660412503639,0.35293395874963596,0.9048281158227652
CALCE,CS2_35,230.0,0.90482813,0.90482813,0.9050589762628078,0.6777080113038753,0.32229198869612474,0.8998340984487011
CALCE,CS2_35,231.0,0.8998341,0.8998341,0.9021222345530987,0.6542823271146968,0.3457176728853032,0.8986705624764255
CALCE,CS2_35,232.0,0.89867055,0.89867055,0.8995069205760956,0.6513322136003385,0.3486677863996614,0.9072597284192538
CALCE,CS2_35,233.0,0.9072597,0.9072597,0.8995010904967785,0.7062900259746554,0.2937099740253446,0.9124355557246686
CALCE,CS2_35,234.0,0.91243553,0.91243553,0.9002800926566124,0.6992283954028725,0.30077160459712754,0.9058303880816716
CALCE,CS2_35,235.0,0.9058304,0.9058304,0.9006271064281464,0.6573530169251647,0.3426469830748353,0.8971801560327214
CALCE,CS2_35,236.0,0.89718014,0.89718014,0.9000007420778274,0.6465574261924316,0.3534425738075685,0.8973531622195673
CALCE,CS2_35,237.0,0.8973532,0.8973532,0.8993760362267494,0.6845493647705031,0.3154506352294969,0.8970284809866774
CALCE,CS2_35,238.0,0.8970285,0.8970285,0.8979493468999863,0.6848957593478893,0.31510424065211073,0.8966546529279904
CALCE,CS2_35,239.0,0.89665467,0.89665467,0.8967645622789859,0.7017802748798928,0.2982197251201072,0.8991399291803339
CALCE,CS2_35,240.0,0.89913994,0.89913994,0.8958765171468258,0.7150978659468217,0.28490213405317844,0.9049289299428274
CALCE,CS2_35,241.0,0.9049289,0.9049289,0.8964601770043373,0.7066993211672178,0.29330067883278216,0.9051790364468442
CALCE,CS2_35,242.0,0.905179,0.905179,0.8984372742474079,0.7093011302147287,0.29069886978527115,0.8904759718042452
CALCE,CS2_35,243.0,0.890476,0.890476,0.8970829159021377,0.6858250112189892,0.31417498878101074,0.8898145700651994
CALCE,CS2_35,244.0,0.88981456,0.88981456,0.8949168875813485,0.6897937373960962,0.3102062626039038,0.8990334228556419
CALCE,CS2_35,245.0,0.8990334,0.8990334,0.8951786391437053,0.7249036647589285,0.2750963352410715,0.9060261259467556
CALCE,CS2_35,246.0,0.9060261,0.9060261,0.8972682699561119,0.7668678383804358,0.2331321616195641,0.9062913230489232
CALCE,CS2_35,247.0,0.9062913,0.9062913,0.8986450403928756,0.7724789225687257,0.2275210774312743,0.9062348734576314
CALCE,CS2_35,248.0,0.90623486,0.90623486,0.8996718049049377,0.7461918386865884,0.25380816131341166,0.9062015746773529
CALCE,CS2_35,249.0,0.9062016,0.9062016,0.9017894744873047,0.731857188494371,0.26814281150562896,0.9062587595753973
CALCE,CS2_35,250.0,0.90625876,0.90625876,0.9047243393957615,0.7586652483403411,0.241334751659659,0.9062147220748276
CALCE,CS2_35,251.0,0.9062147,0.9062147,0.9068117909133434,0.7881726691751909,0.2118273308248091,0.90619196118783
CALCE,CS2_35,252.0,0.90619195,0.90619195,0.9075863718986511,0.7878182526685403,0.21218174733145967,0.9059897850205776
CALCE,CS2_35,253.0,0.90598977,0.90598977,0.9081110939383507,0.7881349715811898,0.2118650284188101,0.905810094390518
CALCE,CS2_35,254.0,0.9058101,0.9058101,0.9083263449370861,0.7882925248612729,0.21170747513872706,0.9056479710883192
CALCE,CS2_35,255.0,0.905648,0.905648,0.9082253888249397,0.7797009417842335,0.2202990582157664,0.9054829427744124
CALCE,CS2_35,256.0,0.90548295,0.90548295,0.90823113322258,0.7611464791193049,0.2388535208806952,0.905381009584056
CALCE,CS2_35,257.0,0.905381,0.905381,0.9089211724698544,0.760862792725629,0.23913720727437107,0.9053099571577766
CALCE,CS2_35,258.0,0.90531,0.90531,0.9096196472644806,0.8075347023970675,0.1924652976029325,0.9053214275318732
CALCE,CS2_35,259.0,0.9053214,0.9053214,0.9081122986972332,0.8067224665352681,0.19327753346473187,0.9051977049621102
CALCE,CS2_35,260.0,0.9051977,0.9051977,0.9061036162078381,0.7779404973822232,0.22205950261777674,0.9051365602293476
CALCE,CS2_35,261.0,0.9051366,0.9051366,0.9050779573619365,0.7566693341851495,0.24333066581485058,0.904929910401746
CALCE,CS2_35,262.0,0.90492994,0.90492994,0.9048969060182571,0.7550643424108352,0.2449356575891648,0.8899711755147802
CALCE,CS2_35,263.0,0.8899712,0.8899712,0.9010434374213219,0.6935593949752296,0.3064406050247704,0.8888647499564565
CALCE,CS2_35,264.0,0.88886476,0.88886476,0.8973128348588943,0.6857230433780529,0.31427695662194705,0.8887018844049757
CALCE,CS2_35,265.0,0.88870186,0.88870186,0.8939707674086094,0.6816010363959678,0.3183989636040322,0.8966506704656313
CALCE,CS2_35,266.0,0.8966507,0.8966507,0.8930619716644287,0.7095166198402953,0.2904833801597046,0.8973652670698967
CALCE,CS2_35,267.0,0.8973653,0.8973653,0.8925654508173466,0.7122504267778396,0.2877495732221605,0.8894097843305976
CALCE,CS2_35,268.0,0.8894098,0.8894098,0.8902978219091893,0.6813777111129217,0.31862228888707833,0.8822197320559342
CALCE,CS2_35,269.0,0.88221973,0.88221973,0.8866219863295555,0.6505343557116999,0.34946564428829996,0.8821503563801448
CALCE,CS2_35,270.0,0.88215035,0.88215035,0.8834960721433163,0.6483977825339162,0.35160221746608367,0.8818009706556392
CALCE,CS2_35,271.0,0.88180095,0.88180095,0.8808500051498414,0.6459406211182199,0.3540593788817801,0.8894768472527401
CALCE,CS2_35,272.0,0.88947684,0.88947684,0.880694280564785,0.6766930737678418,0.3233069262321581,0.8905811962991774
CALCE,CS2_35,273.0,0.8905812,0.8905812,0.8811995163559914,0.6833206800135767,0.3166793199864234,0.895722469824942
CALCE,CS2_35,274.0,0.89572245,0.89572245,0.883349435031414,0.705973089935101,0.29402691006489895,0.8808479133700222
CALCE,CS2_35,275.0,0.88084793,0.88084793,0.8820221327245236,0.6484989784781897,0.3515010215218102,0.8803122575267
CALCE,CS2_35,276.0,0.88031226,0.88031226,0.8811541862785817,0.6478128254411167,0.35218717455888315,0.8801948075912623
CALCE,CS2_35,277.0,0.8801948,0.8801948,0.8808697886765003,0.650276855306437,0.349723144693563,0.8804586028690379
CALCE,CS2_35,278.0,0.8804586,0.8804586,0.8812439322471619,0.7125575971680386,0.28744240283196143,0.8804351060756423
CALCE,CS2_35,279.0,0.8804351,0.8804351,0.879980132728815,0.7155041428489789,0.28449585715102105,0.8889273935136597
CALCE,CS2_35,280.0,0.8889274,0.8889274,0.8809119015932083,0.7457044921270123,0.2542955078729877,0.8894677236958329
CALCE,CS2_35,281.0,0.8894677,0.8894677,0.8819527857005596,0.7224323096400105,0.2775676903599895,0.8811635259417007
CALCE,CS2_35,282.0,0.88116354,0.88116354,0.882090711593628,0.6910102164659162,0.30898978353408374,0.87482310479413
CALCE,CS2_35,283.0,0.8748231,0.8748231,0.8811378799378872,0.6979709216765723,0.30202907832342774,0.8750173023055566
CALCE,CS2_35,284.0,0.8750173,0.8750173,0.8796039126813412,0.7239729616651793,0.2760270383348207,0.8745118518914632
CALCE,CS2_35,285.0,0.87451184,0.87451184,0.8772248104214668,0.7198396436531207,0.2801603563468793,0.8736480304776577
CALCE,CS2_35,286.0,0.87364805,0.87364805,0.8748121701180935,0.7154153964724739,0.2845846035275261,0.8818502158852934
CALCE,CS2_35,287.0,0.88185024,0.88185024,0.8746101066470147,0.7168616037885384,0.28313839621146164,0.8878364780953966
CALCE,CS2_35,288.0,0.88783646,0.88783646,0.8770547918975353,0.736881004047077,0.26311899595292304,0.8828735813981403
CALCE,CS2_35,289.0,0.8828736,0.8828736,0.8784654207527638,0.7042309489357157,0.29576905106428436,0.8729118383249609
CALCE,CS2_35,290.0,0.8729118,0.8729118,0.8783494636416436,0.7248591879303538,0.27514081206964636,0.8730644467848292
CALCE,CS2_35,291.0,0.87306446,0.87306446,0.8766108088195324,0.7255454301753006,0.27445456982469935,0.8750198179333768
CALCE,CS2_35,292.0,0.8750198,0.8750198,0.8754752233624459,0.7315436122721384,0.26845638772786173,0.8745045142914493
CALCE,CS2_35,293.0,0.8745045,0.8745045,0.8743254549801349,0.7278047962725949,0.2721952037274051,0.882896827898091
CALCE,CS2_35,294.0,0.88289684,0.88289684,0.8754555761814118,0.7564195086206073,0.24358049137939278,0.8877838722273883
CALCE,CS2_35,295.0,0.8877839,0.8877839,0.8777430355548859,0.7474509238536461,0.2525490761463538,0.8878285441915195
CALCE,CS2_35,296.0,0.8878285,0.8878285,0.8811317801475524,0.7503355150352307,0.2496644849647692,0.8878758378681143
CALCE,CS2_35,297.0,0.88787585,0.88787585,0.8846408717334271,0.7815876700709776,0.21841232992902238,0.8878961146612724
CALCE,CS2_35,298.0,0.8878961,0.8878961,0.8869491510093213,0.8024484736536539,0.19755152634634618,0.888548798817499
CALCE,CS2_35,299.0,0.8885488,0.8885488,0.8883012875914573,0.8042156573255563,0.19578434267444367,0.8887257612701873
CALCE,CS2_35,300.0,0.88872576,0.88872576,0.8893835961818695,0.8063024444960815,0.19369755550391843,0.888871431932813
CALCE,CS2_35,301.0,0.88887143,0.88887143,0.890083809196949,0.8088117699911592,0.19118823000884064,0.8889498397033346
CALCE,CS2_35,302.0,0.8889498,0.8889498,0.8903150625526906,0.7856381457989482,0.21436185420105175,0.8890054288837006
CALCE,CS2_35,303.0,0.8890054,0.8890054,0.891408022493124,0.7688782741799749,0.2311217258200252,0.8890874338983572
CALCE,CS2_35,304.0,0.88908744,0.88908744,0.8932404793798924,0.7865271020854013,0.2134728979145988,0.889092818800108
CALCE,CS2_35,305.0,0.8890928,0.8890928,0.8942986592650414,0.8165451925941452,0.18345480740585476,0.8891693214326147
CALCE,CS2_35,306.0,0.88916934,0.88916934,0.8937261685729027,0.8146444093390568,0.1853555906609432,0.889320992816983
CALCE,CS2_35,307.0,0.88932097,0.88932097,0.8928081087768078,0.8077324876165726,0.1922675123834275,0.8895727574819203
CALCE,CS2_35,308.0,0.88957274,0.88957274,0.8918397776782513,0.8077808109376078,0.19221918906239224,0.889405413170604
CALCE,CS2_35,309.0,0.8894054,0.8894054,0.8903885699808598,0.7822364632441444,0.21776353675585552,0.889395857451229
CALCE,CS2_35,310.0,0.88939583,0.88939583,0.8898212343454361,0.7676378093717927,0.23236219062820726,0.8801653282581319
CALCE,CS2_35,311.0,0.88016534,0.88016534,0.8875169351696968,0.7316487533311731,0.26835124666882687,0.8735231241166739
CALCE,CS2_35,312.0,0.8735231,0.8735231,0.8837492220103741,0.7033165546053823,0.2966834453946176,0.8735984908914701
CALCE,CS2_35,313.0,0.8735985,0.8735985,0.8803650073707103,0.699955108843467,0.30004489115653304,0.8735000551127398
CALCE,CS2_35,314.0,0.87350005,0.87350005,0.8773162387311458,0.6941394021324798,0.3058605978675202,0.8727650405525903
CALCE,CS2_35,315.0,0.87276506,0.87276506,0.8745415300130844,0.6881936597039843,0.3118063402960158,0.8803523903731139
CALCE,CS2_35,316.0,0.8803524,0.8803524,0.874084709584713,0.7141692551322664,0.28583074486773363,0.8819084340277946
CALCE,CS2_35,317.0,0.8819084,0.8819084,0.8742482110857963,0.7201915838718215,0.2798084161281785,0.8733467296130424
CALCE,CS2_35,318.0,0.87334675,0.87334675,0.872456993162632,0.6868776571402792,0.3131223428597209,0.8725273503785121
CALCE,CS2_35,319.0,0.87252736,0.87252736,0.8708594366908073,0.682721662253175,0.317278337746825,0.8728354745630669
CALCE,CS2_35,320.0,0.87283546,0.87283546,0.8697630949318409,0.6837931135270982,0.3162068864729019,0.8720138829544822
CALCE,CS2_35,321.0,0.87201387,0.87201387,0.8688685268163681,0.6807467411766873,0.31925325882331257,0.8664645156648507
CALCE,CS2_35,322.0,0.8664645,0.8664645,0.8670250207185746,0.6579846482456625,0.3420153517543375,0.8803111721546939
CALCE,CS2_35,323.0,0.8803112,0.8803112,0.8692335955798626,0.7105459057091901,0.28945409429080987,0.8814916374196715
CALCE,CS2_35,324.0,0.88149166,0.88149166,0.8720002494752407,0.7199426916998148,0.2800573083001852,0.8747089670300754
CALCE,CS2_35,325.0,0.87470895,0.87470895,0.8732482008635998,0.6984169105118281,0.3015830894881719,0.8667310655097838
CALCE,CS2_35,326.0,0.86673105,0.86673105,0.8728676117956639,0.7048110947622596,0.2951889052377404,0.8718548506144591
CALCE,CS2_35,327.0,0.87185484,0.87185484,0.8729500427842141,0.7464963452599179,0.253503654740082,0.8721549423050605
CALCE,CS2_35,328.0,0.87215495,0.87215495,0.872318896651268,0.7465248234596453,0.25347517654035473,0.871822260380715
CALCE,CS2_35,329.0,0.87182224,0.87182224,0.8716501422226429,0.7450248549327706,0.2549751450672295,0.8737019383322684
CALCE,CS2_35,330.0,0.87370193,0.87370193,0.8714809328317642,0.7533195148559937,0.24668048514400628,0.8807236988367293
CALCE,CS2_35,331.0,0.8807237,0.8807237,0.8729517817497253,0.7527523328481572,0.24724766715184265,0.8813812721919344
CALCE,CS2_35,332.0,0.8813813,0.8813813,0.8755262926220894,0.7530826983635001,0.24691730163649994,0.8724409035990754
CALCE,CS2_35,333.0,0.8724409,0.8724409,0.8760732866823673,0.753336219975585,0.24666378002441514,0.8716014844041535
CALCE,CS2_35,334.0,0.87160146,0.87160146,0.875362902879715,0.7525059936331113,0.24749400636688865,0.8716910723562863
CALCE,CS2_35,335.0,0.87169105,0.87169105,0.874595632404089,0.7508736261584228,0.24912637384157715,0.8667145672030745
CALCE,CS2_35,336.0,0.8667146,0.8667146,0.8726513862609864,0.7348100598366688,0.2651899401633312,0.8662393561695834
CALCE,CS2_35,337.0,0.86623937,0.86623937,0.8706181049346924,0.7498051022277386,0.25019489777226145,0.8730486632741011
CALCE,CS2_35,338.0,0.87304866,0.87304866,0.8695991039276123,0.7256157848801057,0.2743842151198943,0.8655786541577855
CALCE,CS2_35,339.0,0.86557865,0.86557865,0.8686250112950802,0.6941037324160636,0.30589626758393645,0.8650620013169196
CALCE,CS2_35,340.0,0.865062,0.865062,0.8680671133100987,0.7179255432717571,0.2820744567282429,0.8723976680916266
CALCE,CS2_35,341.0,0.87239766,0.87239766,0.8687364548444748,0.7697889832952755,0.23021101670472457,0.8720263062259722
CALCE,CS2_35,342.0,0.8720263,0.8720263,0.8681741148233414,0.7514609429504614,0.24853905704953858,0.8666561351496455
CALCE,CS2_35,343.0,0.8666561,0.8666561,0.8669053971767425,0.7309861763877908,0.2690138236122092,0.8747209915417172
CALCE,CS2_35,344.0,0.874721,0.874721,0.8678278245031834,0.7590459374920996,0.24095406250790047,0.8796800525791745
CALCE,CS2_35,345.0,0.87968004,0.87968004,0.8698760263621808,0.7704185637109373,0.22958143628906277,0.8799126461119975
CALCE,CS2_35,346.0,0.8799127,0.8799127,0.872067840397358,0.7515942191343451,0.24840578086565485,0.8800466848851447
CALCE,CS2_35,347.0,0.88004667,0.88004667,0.8751912333071232,0.7539817585905706,0.2460182414094295,0.8801249629364092
CALCE,CS2_35,348.0,0.880125,0.880125,0.8784496694803238,0.7867232514903767,0.21327674850962336,0.8802618497800728
CALCE,CS2_35,349.0,0.88026184,0.88026184,0.8804327145218849,0.7912754125906868,0.20872458740931327,0.8812324794254557
CALCE,CS2_35,350.0,0.8812325,0.8812325,0.8823369890451431,0.7952442031343804,0.20475579686561976,0.8830389203856615
CALCE,CS2_35,351.0,0.88303894,0.88303894,0.8844655200839042,0.8156057535922068,0.18439424640779328,0.8885540118379595
CALCE,CS2_35,352.0,0.88855404,0.88855404,0.8869426496326923,0.8316755581310878,0.16832444186891213,0.8888957445038624
CALCE,CS2_35,353.0,0.88889575,0.88889575,0.888888019323349,0.8160735083473514,0.1839264916526486,0.8809026319861569
CALCE,CS2_35,354.0,0.88090265,0.88090265,0.8892900049686432,0.8145239271105753,0.1854760728894247,0.8808399087728457
CALCE,CS2_35,355.0,0.8808399,0.8808399,0.8883595041930675,0.8137183963988389,0.18628160360116117,0.8819744968462411
CALCE,CS2_35,356.0,0.8819745,0.8819745,0.8872536033391952,0.7947554578769062,0.20524454212309387,0.8829988324930131
CALCE,CS2_35,357.0,0.8829988,0.8829988,0.8870813116431236,0.7977437524580298,0.20225624754197027,0.8829091574828472
CALCE,CS2_35,358.0,0.8829092,0.8829092,0.8865658566355705,0.8113575269818271,0.18864247301817294,0.8889255201767374
CALCE,CS2_35,359.0,0.8889255,0.8889255,0.8864769011735916,0.8044593050744477,0.19554069492555226,0.8892821893060384
CALCE,CS2_35,360.0,0.88928217,0.88928217,0.8871300876140594,0.7914410413855173,0.20855895861448276,0.8831656156681984
CALCE,CS2_35,361.0,0.8831656,0.8831656,0.8866340562701225,0.7710629203685797,0.22893707963142024,0.8814145432302165
CALCE,CS2_35,362.0,0.88141453,0.88141453,0.8856478996574879,0.76381111137425,0.2361888886257499,0.8812921567943466
CALCE,CS2_35,363.0,0.88129216,0.88129216,0.8846137516200543,0.7617801120409962,0.23821988795900384,0.882501126626927
CALCE,CS2_35,364.0,0.8825011,0.8825011,0.8838624805212021,0.7640046411451831,0.23599535885481698,0.8824810502194268
CALCE,CS2_35,365.0,0.88248104,0.88248104,0.8830672860145569,0.7596990795939836,0.24030092040601642,0.887357796192919
CALCE,CS2_35,366.0,0.8873578,0.8873578,0.8835813455283642,0.7691899586327833,0.2308100413672167,0.8882856320492702
CALCE,CS2_35,367.0,0.88828564,0.88828564,0.8844453394412994,0.7557588526061028,0.24424114739389718,0.8884149284503263
CALCE,CS2_35,368.0,0.8884149,0.8884149,0.8860376581549645,0.7571207675834631,0.24287923241653692,0.8807131610327975
CALCE,CS2_35,369.0,0.88071316,0.88071316,0.8857592843472958,0.7584825402818064,0.24151745971819352,0.8806057394901917
CALCE,CS2_35,370.0,0.88060576,0.88060576,0.884459613263607,0.7567114256736688,0.24328857432633116,0.8804152050507513
CALCE,CS2_35,371.0,0.8804152,0.8804152,0.8831103704869747,0.7507447089344768,0.24925529106552335,0.8801308413483299
CALCE,CS2_35,372.0,0.8801308,0.8801308,0.8818708427250386,0.7450014054349637,0.2549985945650363,0.874890641638884
CALCE,CS2_35,373.0,0.8748906,0.8748906,0.8795209914445877,0.7246961457433104,0.2753038542566896,0.8818293841430923
CALCE,CS2_35,374.0,0.8818294,0.8818294,0.8790950983762741,0.7271730978732869,0.2728269021267131,0.8825568566515142
CALCE,CS2_35,375.0,0.88255686,0.88255686,0.879780501127243,0.7299436030329053,0.2700563969670947,0.880738855948188
CALCE,CS2_35,376.0,0.88073885,0.88073885,0.8802240796387195,0.7462620577032916,0.25373794229670843,0.8745344715836316
CALCE,CS2_35,377.0,0.8745345,0.8745345,0.8784126676619053,0.7290924510333955,0.27090754896660446,0.8749513398384218
CALCE,CS2_35,378.0,0.87495136,0.87495136,0.8766586966812611,0.7291142380695249,0.27088576193047514,0.8798127387871125
CALCE,CS2_35,379.0,0.8798127,0.8798127,0.8762631803750992,0.740746585513029,0.2592534144869711,0.8802485338305412
CALCE,CS2_35,380.0,0.88024855,0.88024855,0.8761949926614762,0.7423678460851872,0.25763215391481276,0.8804740416336096
CALCE,CS2_35,381.0,0.88047403,0.88047403,0.8762365072965622,0.7271719560202253,0.27282804397977467,0.8820503434743352
CALCE,CS2_35,382.0,0.88205034,0.88205034,0.8774537086486817,0.7315002289339653,0.2684997710660347,0.8823871266472936
CALCE,CS2_35,383.0,0.8823871,0.8823871,0.8790270753204823,0.7348543309047273,0.2651456690952728,0.8825225226257761
CALCE,CS2_35,384.0,0.8825225,0.8825225,0.8808010675013065,0.7641726823300369,0.23582731766996315,0.8826006866633604
CALCE,CS2_35,385.0,0.88260067,0.88260067,0.8815866529941558,0.765580793680231,0.23441920631976898,0.8825957303840878
CALCE,CS2_35,386.0,0.8825957,0.8825957,0.8823076769709587,0.7668960485965881,0.23310395140341195,0.8872368410149521
CALCE,CS2_35,387.0,0.88723683,0.88723683,0.8841107442975045,0.7832115529585727,0.2167884470414272,0.8874395451913705
CALCE,CS2_35,388.0,0.88743955,0.88743955,0.885751248896122,0.8006807087153069,0.19931929128469317,0.8875220092125093
CALCE,CS2_35,389.0,0.887522,0.887522,0.886443542689085,0.7814569691308901,0.21854303086910984,0.8875210311312031
CALCE,CS2_35,390.0,0.887521,0.887521,0.8878606759011746,0.7805242026205211,0.21947579737947884,0.8875277585146517
CALCE,CS2_35,391.0,0.88752776,0.88752776,0.889246367663145,0.7872545683594742,0.2127454316405259,0.8873386858474475
CALCE,CS2_35,392.0,0.8873387,0.8873387,0.8901877567172051,0.8058751201258911,0.19412487987410887,0.8873823075443324
CALCE,CS2_35,393.0,0.8873823,0.8873823,0.8900444321334362,0.8037744164679231,0.1962255835320768,0.8872924731876809
CALCE,CS2_35,394.0,0.88729244,0.88729244,0.8896199345588685,0.7889493779844697,0.2110506220155302,0.8873015307840225
CALCE,CS2_35,395.0,0.8873015,0.8873015,0.8896184377372265,0.7871317848018532,0.2128682151981468,0.8873176391018635
CALCE,CS2_35,396.0,0.88731766,0.88731766,0.8894990779459476,0.785839231087485,0.21416076891251495,0.8872664181627656
CALCE,CS2_35,397.0,0.8872664,0.8872664,0.8892240688204766,0.7802200744324517,0.21977992556754833,0.8870978796174341
CALCE,CS2_35,398.0,0.8870979,0.8870979,0.8889734849333764,0.7780038017150392,0.22199619828496064,0.8798524775250279
CALCE,CS2_35,399.0,0.8798525,0.8798525,0.8868359610438347,0.7508407480686299,0.24915925193137003,0.8918742520207698
CALCE,CS2_35,400.0,0.89187425,0.89187425,0.8877875164151192,0.7859398499874629,0.21406015001253711,0.8909459334226043
CALCE,CS2_35,401.0,0.8909459,0.8909459,0.8882848769426346,0.7831440311114055,0.21685596888859446,0.8915521616432359
CALCE,CS2_35,402.0,0.89155215,0.89155215,0.8887244910001755,0.7710101628554991,0.22898983714450108,0.8985472842283089
CALCE,CS2_35,403.0,0.8985473,0.8985473,0.8913851246237755,0.7929183706535736,0.2070816293464264,0.8992449697343914
CALCE,CS2_35,404.0,0.89924496,0.89924496,0.8939678221940994,0.7967202676841225,0.20327973231587743,0.8916409312870852
CALCE,CS2_35,405.0,0.8916409,0.8916409,0.8943667262792587,0.7738400064625588,0.22615999353744123,0.8909610915713083
CALCE,CS2_35,406.0,0.8909611,0.8909611,0.8944925554096699,0.7716122660763849,0.2283877339236151,0.8912424075278411
CALCE,CS2_35,407.0,0.8912424,0.8912424,0.894603718817234,0.7728968748523153,0.22710312514768471,0.8909823527811465
CALCE,CS2_35,408.0,0.89098233,0.89098233,0.8945286095142364,0.771583813072211,0.22841618692778898,0.8899834336298571
CALCE,CS2_35,409.0,0.8899834,0.8899834,0.8941192962229252,0.7680539225512178,0.2319460774487822,0.8969706997557245
CALCE,CS2_35,410.0,0.8969707,0.8969707,0.8953782357275486,0.7892983168337279,0.21070168316627216,0.8973980147808021
CALCE,CS2_35,411.0,0.897398,0.897398,0.8965034902095794,0.7910267631026898,0.20897323689731004,0.896405339061653
CALCE,CS2_35,412.0,0.89640534,0.89640534,0.897130461037159,0.7883242745937359,0.21167572540626414,0.8887811068994383
CALCE,CS2_35,413.0,0.88878113,0.88878113,0.8956166066229343,0.7632109022957048,0.23678909770429526,0.8889891687885104
CALCE,CS2_35,414.0,0.88898915,0.88898915,0.8940915651619434,0.7845029049986603,0.21549709500133973,0.8889592940998512
CALCE,CS2_35,415.0,0.8889593,0.8889593,0.8914250195026397,0.744254306171381,0.25574569382861895,0.8813249646570137
CALCE,CS2_35,416.0,0.88132495,0.88132495,0.8884254217147827,0.7174499505025695,0.28255004949743046,0.881476692911234
CALCE,CS2_35,417.0,0.8814767,0.8814767,0.8855882100760937,0.7127122886841029,0.2872877113158972,0.8890186929393713
CALCE,CS2_35,418.0,0.8890187,0.8890187,0.8849642463028431,0.7138575915434495,0.2861424084565505,0.88949050529701
CALCE,CS2_35,419.0,0.8894905,0.8894905,0.8855707876384258,0.7147485034356796,0.28525149656432036,0.8806827464383565
CALCE,CS2_35,420.0,0.88068277,0.88068277,0.8843064777553081,0.7101794811758274,0.2898205188241726,0.8736965114608076
CALCE,CS2_35,421.0,0.8736965,0.8736965,0.8806191191077233,0.6828229429706543,0.3171770570293456,0.8732692943770457
CALCE,CS2_35,422.0,0.8732693,0.8732693,0.8771714933216572,0.676692838839263,0.323307161160737,0.8802764326510688
CALCE,CS2_35,423.0,0.88027644,0.88027644,0.8759602196514606,0.7022826698442086,0.29771733015579144,0.8812733279413617
CALCE,CS2_35,424.0,0.8812733,0.8812733,0.8752331890165805,0.7093394174308253,0.29066058256917465,0.8816772449453206
CALCE,CS2_35,425.0,0.88167727,0.88167727,0.8747001506388188,0.6858324399622523,0.31416756003774776,0.8817660211098652
CALCE,CS2_35,426.0,0.881766,0.881766,0.8754450224339962,0.6871569745491212,0.3128430254508787,0.8820329386831756
CALCE,CS2_35,427.0,0.88203293,0.88203293,0.8767008453607559,0.6951594329092837,0.30484056709071633,0.8823079741746646
CALCE,CS2_35,428.0,0.88230795,0.88230795,0.878260575979948,0.7275311918713215,0.27246880812867846,0.8823122914543069
CALCE,CS2_35,429.0,0.8823123,0.8823123,0.8790302500128746,0.7284633445540382,0.2715366554459618,0.8820957369332256
CALCE,CS2_35,430.0,0.88209575,0.88209575,0.8799387231469155,0.7296792873024234,0.27032071269757657,0.8813762302718984
CALCE,CS2_35,431.0,0.8813762,0.8813762,0.8808351762592792,0.7552607403656806,0.24473925963431947,0.8811175868173338
CALCE,CS2_35,432.0,0.8811176,0.8811176,0.8807113394141197,0.7537942506863384,0.24620574931366157,0.8808693828089108
CALCE,CS2_35,433.0,0.8808694,0.8808694,0.8805534832179547,0.7284675946055028,0.27153240539449724,0.88064526572694
CALCE,CS2_35,434.0,0.8806453,0.8806453,0.8814859867095948,0.7281071875763214,0.2718928124236785,0.8805696508692247
CALCE,CS2_35,435.0,0.88056964,0.88056964,0.8826797418296337,0.7606659642273323,0.23933403577266768,0.8804511834349878
CALCE,CS2_35,436.0,0.8804512,0.8804512,0.8827457293868065,0.7829999682805183,0.21700003171948168,0.8803392629588149
CALCE,CS2_35,437.0,0.88033926,0.88033926,0.8817416273057461,0.7822555649241171,0.21774443507588298,0.8801913608478411
CALCE,CS2_35,438.0,0.8801914,0.8801914,0.8804703563451767,0.7602121453316445,0.23978785466835548,0.8800570313990482
CALCE,CS2_35,439.0,0.88005704,0.88005704,0.8800435371696949,0.75624260803206,0.24375739196794002,0.8642523917875957
CALCE,CS2_35,440.0,0.8642524,0.8642524,0.875820555537939,0.6895402376101637,0.31045976238983625,0.8583783161093925
CALCE,CS2_35,441.0,0.8583783,0.8583783,0.8706151641905308,0.6608980052722513,0.3391019947277487,0.8564129383415429
CALCE,CS2_35,442.0,0.85641295,0.85641295,0.8655142165720463,0.6467415227700392,0.35325847722996084,0.8560880953108648
CALCE,CS2_35,443.0,0.8560881,0.8560881,0.8610059507191181,0.6398925506026255,0.36010744939737455,0.8500905292745743
CALCE,CS2_35,444.0,0.8500905,0.8500905,0.8556881174445152,0.609972824111067,0.39002717588893304,0.864824518883251
CALCE,CS2_35,445.0,0.86482453,0.86482453,0.8548599883913994,0.6670887920545107,0.33291120794548934,0.8660687914655472
CALCE,CS2_35,446.0,0.8660688,0.8660688,0.8547475293278695,0.6760031945686235,0.3239968054313765,0.8584340290812783
CALCE,CS2_35,447.0,0.858434,0.858434,0.8530191898345947,0.6464710409568508,0.35352895904314924,0.8575872692056873
CALCE,CS2_35,448.0,0.8575873,0.8575873,0.8516138471662998,0.6442979535514066,0.35570204644859343,0.863980652005051
CALCE,CS2_35,449.0,0.86398065,0.86398065,0.8523579247295856,0.6725021689832821,0.327497831016718,0.8661613490343597
CALCE,CS2_35,450.0,0.86616135,0.86616135,0.8540357999503613,0.6849401378045767,0.31505986219542326,0.8664987841702286
CALCE,CS2_35,451.0,0.86649877,0.86649877,0.8561487160623074,0.6911382537509378,0.30886174624906215,0.8563470791074774
CALCE,CS2_35,452.0,0.8563471,0.8563471,0.8560577549040318,0.6542154920387221,0.3457845079612779,0.8495942731125948
CALCE,CS2_35,453.0,0.8495943,0.8495943,0.8548644348978996,0.6288585673431497,0.3711414326568503,0.8488787421470417
CALCE,CS2_35,454.0,0.84887874,0.84887874,0.854238624125719,0.6287960572203914,0.3712039427796085,0.8486262489130073
CALCE,CS2_35,455.0,0.84862626,0.84862626,0.8543123483657837,0.6945766115410996,0.3054233884589004,0.8416503176013147
CALCE,CS2_35,456.0,0.8416503,0.8416503,0.8510571837425231,0.6877584499406467,0.31224155005935333,0.8473313948816021
CALCE,CS2_35,457.0,0.8473314,0.8473314,0.848906260728836,0.7132229103987068,0.28677708960129317,0.8494537686422472
CALCE,CS2_35,458.0,0.84945375,0.84945375,0.8472672790288925,0.7201477119893821,0.27985228801061784,0.8571137845211367
CALCE,CS2_35,459.0,0.8571138,0.8571138,0.8476685136556625,0.7657663447302953,0.23423365526970472,0.858250704865591
CALCE,CS2_35,460.0,0.8582507,0.8582507,0.847428747266531,0.7215852195820236,0.27841478041797646,0.8492456544190209
CALCE,CS2_35,461.0,0.84924567,0.84924567,0.8469437800347805,0.6844241697638653,0.31557583023613467,0.8480958691245671
CALCE,CS2_35,462.0,0.8480959,0.8480959,0.8467474967241287,0.7102037283978482,0.2897962716021518,0.8479894489011893
CALCE,CS2_35,463.0,0.84798944,0.84798944,0.8458287082612514,0.7125123009018834,0.2874876990981165,0.8473163958510763
CALCE,CS2_35,464.0,0.8473164,0.8473164,0.8448757514357567,0.6868149058227995,0.31318509417720064,0.8417260459503829
CALCE,CS2_35,465.0,0.84172606,0.84172606,0.8437409818172454,0.6574045365078093,0.3425954634921907,0.8501456249987986
CALCE,CS2_35,466.0,0.85014564,0.85014564,0.8455946378409862,0.691614388266121,0.30838561173387896,0.85595797292645
CALCE,CS2_35,467.0,0.855958,0.855958,0.8493523344397544,0.7538760939147688,0.24612390608523121,0.8553571415860495
CALCE,CS2_35,468.0,0.85535717,0.85535717,0.8517006054520607,0.7766082516788885,0.22339174832111144,0.841743798633282
CALCE,CS2_35,469.0,0.8417438,0.8417438,0.8496573589742183,0.7313560651131529,0.26864393488684707,0.8417452100986917
CALCE,CS2_35,470.0,0.8417452,0.8417452,0.8477034583687783,0.7301954093427345,0.2698045906572654,0.8405904075482346
CALCE,CS2_35,471.0,0.8405904,0.8405904,0.8456012167036533,0.748063125695125,0.25193687430487494,0.8400591629626719
CALCE,CS2_35,472.0,0.84005916,0.84005916,0.8425207391381264,0.723335760846973,0.2766642391530269,0.8399136573540361
CALCE,CS2_35,473.0,0.83991367,0.83991367,0.8402958087623119,0.7129587447514137,0.28704125524858626,0.8480462294111077
CALCE,CS2_35,474.0,0.84804624,0.84804624,0.8406078062951565,0.7150875957019214,0.2849124042980787,0.8487808877500318
CALCE,CS2_35,475.0,0.8487809,0.8487809,0.8422876417636871,0.7167992454776853,0.28320075452231475,0.8403176743587846
CALCE,CS2_35,476.0,0.84031767,0.84031767,0.8422305598855019,0.7203975778668387,0.2796024221331614,0.8395169235959802
CALCE,CS2_35,477.0,0.83951694,0.83951694,0.8410708211362362,0.7208956920890219,0.2791043079109781,0.8399520525214432
CALCE,CS2_35,478.0,0.83995205,0.83995205,0.8400906801223755,0.7221568740640847,0.2778431259359153,0.8396618910177839
CALCE,CS2_35,479.0,0.8396619,0.8396619,0.8392256058752536,0.7230479597988397,0.27695204020116027,0.839477396370218
CALCE,CS2_35,480.0,0.8394774,0.8394774,0.8384216837584972,0.7414070328569023,0.25859296714309776,0.8412878191531834
CALCE,CS2_35,481.0,0.8412878,0.8412878,0.8374277099967002,0.7181275110758615,0.2818724889241384,0.847345411931222
CALCE,CS2_35,482.0,0.8473454,0.8473454,0.8392220750451088,0.7216824305956213,0.2783175694043786,0.8475801411339069
CALCE,CS2_35,483.0,0.84758013,0.84758013,0.8420169524848461,0.7291846068046144,0.27081539319538567,0.8334408334381451
CALCE,CS2_35,484.0,0.83344084,0.83344084,0.8413963377475738,0.7283920483028112,0.27160795169718877,0.8334604161294543
CALCE,CS2_35,485.0,0.8334604,0.8334604,0.8392865099012852,0.7262968433470219,0.27370315665297795,0.8334599642448727
CALCE,CS2_35,486.0,0.83346,0.83346,0.8373838618397713,0.7284183891863653,0.2715816108136348,0.8334706630650723
CALCE,CS2_35,487.0,0.83347064,0.83347064,0.8355179101228714,0.72836376180268,0.2716362381973199,0.8325152299638408
CALCE,CS2_35,488.0,0.83251524,0.83251524,0.8335112199187279,0.7234677678920365,0.2765322321079635,0.8403237786003768
CALCE,CS2_35,489.0,0.8403238,0.8403238,0.8336235977709293,0.7224748340246372,0.27752516597536275,0.8409466720213248
CALCE,CS2_35,490.0,0.8409467,0.8409467,0.8351012364029884,0.7247714343675431,0.275228565632457,0.8411531001652265
CALCE,CS2_35,491.0,0.8411531,0.8411531,0.8369182132184505,0.7575757582900524,0.24242424170994753,0.8411349177326707
CALCE,CS2_35,492.0,0.8411349,0.8411349,0.8376517847180367,0.7609408572288439,0.23905914277115628,0.8410826814537532
CALCE,CS2_35,493.0,0.8410827,0.8410827,0.8382318295538426,0.7599971358127162,0.24000286418728387,0.8409862073764734
CALCE,CS2_35,494.0,0.8409862,0.8409862,0.8388138987123966,0.7612629389350863,0.23873706106491357,0.8409220816821524
CALCE,CS2_35,495.0,0.84092206,0.84092206,0.839310497790575,0.7621660789141136,0.23783392108588647,0.840688650395539
CALCE,CS2_35,496.0,0.84068865,0.84068865,0.8396895870566368,0.7560642321126753,0.24393576788732466,0.8407307115999134
CALCE,CS2_35,497.0,0.8407307,0.8407307,0.8403204828500748,0.7375849707401759,0.2624150292598241,0.8403536775492261
CALCE,CS2_35,498.0,0.84035367,0.84035367,0.8417796984314918,0.7380933562518351,0.26190664374816497,0.8402793348070949
CALCE,CS2_35,499.0,0.84027934,0.84027934,0.8434303380548954,0.7881962441393324,0.2118037558606676,0.8401122020731943
CALCE,CS2_35,500.0,0.8401122,0.8401122,0.843100768327713,0.7867623792149515,0.21323762078504857,0.8395872250778039
CALCE,CS2_35,501.0,0.8395872,0.8395872,0.8424761570990086,0.7840109985460018,0.21598900145399824,0.8394104842483922
CALCE,CS2_35,502.0,0.8394105,0.8394105,0.8416540637612343,0.7820292246162357,0.21797077538376428,0.8334841557714568
CALCE,CS2_35,503.0,0.8334842,0.8334842,0.8392033122479916,0.7630666660504689,0.23693333394953103,0.8327624214541791
CALCE,CS2_35,504.0,0.8327624,0.8327624,0.836428414285183,0.7330770305001689,0.2669229694998312,0.8334912335361407
CALCE,CS2_35,505.0,0.8334912,0.8334912,0.8350007995963097,0.7320922202081015,0.26790777979189856,0.8397402820380049
CALCE,CS2_35,506.0,0.8397403,0.8397403,0.8353997275233269,0.7516617166613604,0.24833828333863964,0.8397456576391287
CALCE,CS2_35,507.0,0.83974564,0.83974564,0.8358611069619656,0.7524523383377512,0.24754766166224887,0.8312909866027882
CALCE,CS2_35,508.0,0.83129096,0.83129096,0.8342412941157817,0.7214814759201696,0.27851852407983047,0.825102721599015
CALCE,CS2_35,509.0,0.82510275,0.82510275,0.8313126385211944,0.6964069884170963,0.30359301158290375,0.8251182724587731
CALCE,CS2_35,510.0,0.82511824,0.82511824,0.8287729740142822,0.6944869571312324,0.3055130428687676,0.8245697251883508
CALCE,CS2_35,511.0,0.8245697,0.8245697,0.8264832489192486,0.6915216360426839,0.30847836395731615,0.8239591099601898
CALCE,CS2_35,512.0,0.8239591,0.8239591,0.8244145840406418,0.687653729387276,0.312346270612724,0.8309832650626612
CALCE,CS2_35,513.0,0.8309833,0.8309833,0.8245265565812587,0.7147401782921585,0.2852598217078416,0.8315421457377089
CALCE,CS2_35,514.0,0.83154213,0.83154213,0.8249653473496437,0.7183886497605417,0.28161135023945827,0.8317054540570555
CALCE,CS2_35,515.0,0.83170545,0.83170545,0.8256541550159454,0.7212861318538093,0.27871386814619076,0.8229604521306048
CALCE,CS2_35,516.0,0.82296044,0.82296044,0.8243459604680539,0.6904514675192996,0.3095485324807004,0.8167768608908931
CALCE,CS2_35,517.0,0.8167769,0.8167769,0.8218419454991818,0.6657832304970175,0.3342167695029824,0.8167165405109718
CALCE,CS2_35,518.0,0.81671655,0.81671655,0.8198665365576744,0.6876688747271468,0.3123311252728532,0.8163949021910353
CALCE,CS2_35,519.0,0.8163949,0.8163949,0.8174891263246536,0.6872806226227163,0.31271937737728384,0.8165762616280634
CALCE,CS2_35,520.0,0.81657624,0.81657624,0.8154760770499706,0.6838106821756302,0.31618931782436965,0.8237694395962045
CALCE,CS2_35,521.0,0.82376945,0.82376945,0.8157752759754657,0.6885104597883293,0.3114895402116707,0.8240613124466836
CALCE,CS2_35,522.0,0.82406133,0.82406133,0.8173278838396072,0.6933721050237989,0.3066278949762011,0.8228398720981254
CALCE,CS2_35,523.0,0.82283986,0.82283986,0.8189678072929383,0.724088950365727,0.27591104963427304,0.8152464970320273
CALCE,CS2_35,524.0,0.8152465,0.8152465,0.8178639478981495,0.7188852593387485,0.2811147406612516,0.8083853542574074
CALCE,CS2_35,525.0,0.8083854,0.8083854,0.8145176574587822,0.690257415891834,0.309742584108166,0.8151127856337043
CALCE,CS2_35,526.0,0.81511277,0.81511277,0.8132734194397926,0.7151569943632039,0.28484300563679615,0.8083837324084036
CALCE,CS2_35,527.0,0.8083837,0.8083837,0.8105148151516914,0.6900382430626893,0.30996175693731065,0.8079778590362341
CALCE,CS2_35,528.0,0.80797786,0.80797786,0.8079677693545818,0.6601840568192374,0.3398159431807626,0.81648945684098
CALCE,CS2_35,529.0,0.81648946,0.81648946,0.809001799672842,0.6923621388849878,0.30763786111501223,0.8167890423092481
CALCE,CS2_35,530.0,0.81678903,0.81678903,0.8105569489300251,0.6965571497366122,0.30344285026338785,0.8144196009591271
CALCE,CS2_35,531.0,0.8144196,0.8144196,0.8119130574166775,0.7236633352920815,0.27633666470791857,0.807274140341784
CALCE,CS2_35,532.0,0.80727416,0.80727416,0.8106031782925129,0.7197976420225279,0.280202357977472,0.8080901880060678
CALCE,CS2_35,533.0,0.8080902,0.8080902,0.8089618362486363,0.7213511786368152,0.27864882136318486,0.8080002932428698
CALCE,CS2_35,534.0,0.80800027,0.80800027,0.807506249845028,0.7209248130771981,0.2790751869228018,0.8074550211574287
CALCE,CS2_35,535.0,0.807455,0.807455,0.8060839809477329,0.7171978675585073,0.28280213244149266,0.8080126958041131
CALCE,CS2_35,536.0,0.8080127,0.8080127,0.8050518564879894,0.6932120106104985,0.30678798938950136,0.8146548520077252
CALCE,CS2_35,537.0,0.8146548,0.8146548,0.80697325989604,0.7190993606666025,0.2809006393333975,0.8147258817287969
CALCE,CS2_35,538.0,0.8147259,0.8147259,0.8091841071844101,0.7275167901809875,0.2724832098190126,0.8148731117267255
CALCE,CS2_35,539.0,0.8148731,0.8148731,0.8114819139242172,0.7576199046744749,0.24238009532552518,0.8148727516137105
CALCE,CS2_35,540.0,0.81487274,0.81487274,0.8128398708999157,0.7810967557751605,0.21890324422483945,0.814749405343216
CALCE,CS2_35,541.0,0.8147494,0.8147494,0.8131470426917076,0.7603808176116659,0.2396191823883342,0.8149814450314249
CALCE,CS2_35,542.0,0.81498146,0.81498146,0.8143623448908329,0.783866744997275,0.21613325500272498,0.8150799129271101
CALCE,CS2_35,543.0,0.8150799,0.8150799,0.8145961157977581,0.785125584554224,0.21487441544577607,0.8150907568669477
CALCE,CS2_35,544.0,0.8150908,0.8150908,0.8146043196320534,0.7596493320348507,0.24035066796514934,0.8150796751824283
CALCE,CS2_35,545.0,0.8150797,0.8150797,0.8157087102532387,0.7601752412531352,0.23982475874686487,0.8151309449432522
CALCE,CS2_35,546.0,0.81513095,0.81513095,0.8169061183929444,0.7694995663225714,0.2305004336774286,0.8152202740455734
CALCE,CS2_35,547.0,0.8152203,0.8152203,0.817811893671751,0.7932891543283949,0.20671084567160516,0.8149716304165181
CALCE,CS2_35,548.0,0.8149716,0.8149716,0.8175636164844036,0.7893545901205684,0.21064540987943148,0.8149765344821353
CALCE,CS2_35,549.0,0.8149765,0.8149765,0.8172465652227402,0.7887504727164625,0.21124952728353763,0.8149482637726166
CALCE,CS2_35,550.0,0.81494826,0.81494826,0.8167367607355118,0.7891649528008561,0.21083504719914403,0.8150009613217541
CALCE,CS2_35,551.0,0.81500095,0.81500095,0.8159846991300583,0.786246913526946,0.21375308647305405,0.7999899950975301
CALCE,CS2_35,552.0,0.79999,0.79999,0.8113749049603939,0.7067075210010498,0.2932924789989501,0.7992458875657523
CALCE,CS2_35,553.0,0.7992459,0.7992459,0.8077759087085724,0.7000097331470946,0.2999902668529053,0.7997440529816354
CALCE,CS2_35,554.0,0.79974407,0.79974407,0.8046973444521427,0.6982148111519842,0.30178518884801586,0.8066939511345689
CALCE,CS2_35,555.0,0.806694,0.806694,0.8037529364228249,0.7217012022244579,0.2782987977755422,0.8068960206549891
CALCE,CS2_35,556.0,0.80689603,0.80689603,0.803063452988863,0.7225970454056282,0.27740295459437175,0.7989727721902521
CALCE,CS2_35,557.0,0.7989728,0.7989728,0.8005740068852901,0.6904244759668836,0.30957552403311644,0.7983357478788712
CALCE,CS2_35,558.0,0.79833573,0.79833573,0.798354597389698,0.686001776561702,0.31399822343829786,0.798157856228419
CALCE,CS2_35,559.0,0.7981579,0.7981579,0.7965216211974621,0.684203909522778,0.31579609047722196,0.7983794074521525
CALCE,CS2_35,560.0,0.7983794,0.7983794,0.7951687149703502,0.6846742438478388,0.3153257561521611,0.7981794941758101
CALCE,CS2_35,561.0,0.7981795,0.7981795,0.7941819511353969,0.6839044398462533,0.31609556015374674,0.7991168120799717
CALCE,CS2_35,562.0,0.7991168,0.7991168,0.7938596978783607,0.6881232048106796,0.3118767951893205,0.8001115694292477
CALCE,CS2_35,563.0,0.8001116,0.8001116,0.7941999346017837,0.6946563679853842,0.3053436320146158,0.8000943335623231
CALCE,CS2_35,564.0,0.8000943,0.8000943,0.7948761701583862,0.6969855564161701,0.3030144435838299,0.7917219633749626
CALCE,CS2_35,565.0,0.79172194,0.79172194,0.7938320510089397,0.6655454042781379,0.3344545957218622,0.7909036859332428
CALCE,CS2_35,566.0,0.7909037,0.7909037,0.7931604579091072,0.6635679089017777,0.3364320910982222,0.791239387618454
CALCE,CS2_35,567.0,0.7912394,0.7912394,0.7931818805634976,0.7251816219517321,0.27481837804826786,0.791079882441323
CALCE,CS2_35,568.0,0.7910799,0.7910799,0.7915057122707367,0.7256987702780124,0.2743012297219875,0.7906599045030552
CALCE,CS2_35,569.0,0.7906599,0.7906599,0.7898358143866062,0.7209737445932762,0.27902625540672377,0.7917693061899299
CALCE,CS2_35,570.0,0.7917693,0.7917693,0.7887325324118137,0.700207924636859,0.29979207536314106,0.7917779249226109
CALCE,CS2_35,571.0,0.7917779,0.7917779,0.7888733394443989,0.7011230288257518,0.2988769711742482,0.797899664001519
CALCE,CS2_35,572.0,0.79789966,0.79789966,0.7909477211534977,0.7534123638558643,0.24658763614413579,0.7833921817085069
CALCE,CS2_35,573.0,0.7833922,0.7833922,0.7884317204356194,0.7005808922237553,0.29941910777624464,0.7829368289391274
CALCE,CS2_35,574.0,0.7829368,0.7829368,0.7860958017408848,0.6976263308392187,0.3023736691607813,0.7829677992003697
CALCE,CS2_35,575.0,0.7829678,0.7829678,0.7841259256005287,0.6954922471707232,0.3045077528292768,0.7824520981700335
CALCE,CS2_35,576.0,0.7824521,0.7824521,0.7824401125311852,0.6933771954941582,0.3066228045058419,0.7820735045334879
CALCE,CS2_35,577.0,0.7820735,0.7820735,0.781027865409851,0.687983974131474,0.31201602586852595,0.7902374697865259
CALCE,CS2_35,578.0,0.7902375,0.7902375,0.7821998134255409,0.7156751432839614,0.2843248567160386,0.7910030027305445
CALCE,CS2_35,579.0,0.791003,0.791003,0.7839343659579754,0.721672910640819,0.27832708935918105,0.7913057973813997
CALCE,CS2_35,580.0,0.7913058,0.7913058,0.7859697610139846,0.7550693091794367,0.24493069082056326,0.7823270344213573
CALCE,CS2_35,581.0,0.78232706,0.78232706,0.7847243219614028,0.7261289181898033,0.27387108181019676,0.7828134489781476
CALCE,CS2_35,582.0,0.78281343,0.78281343,0.7837126106023788,0.7259773150985162,0.27402268490148385,0.7832692346419381
CALCE,CS2_35,583.0,0.7832692,0.7832692,0.7830674029886723,0.7279220644273355,0.2720779355726644,0.7831600430147247
CALCE,CS2_35,584.0,0.78316003,0.78316003,0.7825702995061874,0.729018061732382,0.27098193826761796,0.7899623115269694
CALCE,CS2_35,585.0,0.7899623,0.7899623,0.783908697962761,0.7494737919222534,0.25052620807774656,0.7910973263710078
CALCE,CS2_35,586.0,0.79109734,0.79109734,0.7857147201895713,0.7554998437180338,0.24450015628196634,0.7915407999644343
CALCE,CS2_35,587.0,0.7915408,0.7915408,0.7876496940851212,0.7397548679399096,0.2602451320600904,0.7916692439729959
CALCE,CS2_35,588.0,0.79166925,0.79166925,0.7905410565435886,0.7918629560233406,0.20813704397665944,0.7916919565089909
CALCE,CS2_35,589.0,0.79169196,0.79169196,0.7914176166057587,0.7936255621413305,0.20637443785866944,0.791782434212177
CALCE,CS2_35,590.0,0.79178244,0.79178244,0.7920410923659802,0.793850192400218,0.206149807599782,0.7918210989277149
CALCE,CS2_35,591.0,0.7918211,0.7918211,0.7924576841294766,0.7952601228424094,0.20473987715759062,0.7917312481012256
CALCE,CS2_35,592.0,0.79173124,0.79173124,0.7925531469285488,0.7955135210098656,0.2044864789901343,0.7916679370117677
CALCE,CS2_35,593.0,0.79166794,0.79166794,0.7923439778387547,0.7710707791038798,0.22892922089612014,0.7916046185059183
CALCE,CS2_35,594.0,0.79160464,0.79160464,0.793103776872158,0.7693426721019497,0.23065732789805027,0.7915473666364791
CALCE,CS2_35,595.0,0.79154736,0.79154736,0.7939298875629902,0.7692013820850294,0.23079861791497064,0.791436696947374
CALCE,CS2_35,596.0,0.7914367,0.7914367,0.7947601102292537,0.7981048640907554,0.2018951359092447,0.791289483186697
CALCE,CS2_35,597.0,0.7912895,0.7912895,0.7942034870386123,0.7950215912350193,0.20497840876498086,0.7911227240099866
CALCE,CS2_35,598.0,0.79112273,0.79112273,0.7934540577232838,0.7917644108782333,0.20823558912176662,0.790857340113389
CALCE,CS2_35,599.0,0.7908573,0.7908573,0.79249886572361,0.7896480131497644,0.2103519868502357,0.7915422259097509
CALCE,CS2_35,600.0,0.79154223,0.79154223,0.7915088996291161,0.7714737344821924,0.2285262655178077,0.7903523857743872
CALCE,CS2_35,601.0,0.7903524,0.7903524,0.7910322196781635,0.7635900394499755,0.23640996055002447,0.7834450450638396
CALCE,CS2_35,602.0,0.78344506,0.78344506,0.7889892123639584,0.7354571485822243,0.2645428514177756,0.7914336022628647
CALCE,CS2_35,603.0,0.7914336,0.7914336,0.7892011255025864,0.7599679459263435,0.24003205407365655,0.7913617345972558
CALCE,CS2_35,604.0,0.79136175,0.79136175,0.789417090266943,0.7599655966601696,0.24003440333983045,0.7834644946482746
CALCE,CS2_35,605.0,0.7834645,0.7834645,0.7876698158681392,0.7310131192504024,0.2689868807495977,0.7751382556545044
CALCE,CS2_35,606.0,0.77513826,0.77513826,0.7840602159500122,0.6968552716464798,0.30314472835352024,0.7751739099137316
CALCE,CS2_35,607.0,0.7751739,0.7751739,0.7808814451098443,0.6942408408254828,0.3057591591745173,0.7751925909727704
CALCE,CS2_35,608.0,0.7751926,0.7751926,0.778110058605671,0.6920447022384046,0.3079552977615953,0.7751885798187418
CALCE,CS2_35,609.0,0.77518857,0.77518857,0.7757416814565659,0.6903469953356888,0.30965300466431117,0.7750195140267793
CALCE,CS2_35,610.0,0.7750195,0.7750195,0.7737334668636322,0.6885559804721544,0.3114440195278456,0.7835952654651125
CALCE,CS2_35,611.0,0.78359526,0.78359526,0.7742752000689507,0.7203665734018893,0.2796334265981108,0.7897216950206226
CALCE,CS2_35,612.0,0.78972167,0.78972167,0.7765307895839214,0.7445053011137375,0.2554946988862625,0.782497254155764
CALCE,CS2_35,613.0,0.7824972,0.7824972,0.7770010732114315,0.7213604377855161,0.27863956221448394,0.7748053834105227
CALCE,CS2_35,614.0,0.77480537,0.77480537,0.7757431603968143,0.6938320416347816,0.3061679583652185,0.7743514996747785
CALCE,CS2_35,615.0,0.7743515,0.7743515,0.7747398741543293,0.689733642386071,0.3102663576139289,0.7747564090965127
CALCE,CS2_35,616.0,0.77475643,0.77475643,0.7743532434105873,0.696662241172978,0.30333775882702196,0.7741689797968375
CALCE,CS2_35,617.0,0.77416897,0.77416897,0.7740609399974346,0.7208883938911997,0.2791116061088003,0.7738814738654426
CALCE,CS2_35,618.0,0.7738815,0.7738815,0.7730651669204235,0.69131972027663,0.3086802797233699,0.782026840738321
CALCE,CS2_35,619.0,0.7820268,0.7820268,0.7755431860685349,0.72438611371331,0.2756138862866899,0.7825080889671219
CALCE,CS2_35,620.0,0.7825081,0.7825081,0.7783658564090729,0.7575074582515552,0.24249254174844478,0.7818977809065537
CALCE,CS2_35,621.0,0.7818978,0.7818978,0.780072770267725,0.78422883829,0.21577116171000005,0.7668630245032442
CALCE,CS2_35,622.0,0.76686305,0.76686305,0.7768111363053322,0.73046827167105,0.26953172832895,0.7656775067303313
CALCE,CS2_35,623.0,0.7656775,0.7656775,0.7734653748571872,0.7225472959232488,0.27745270407675116,0.7913306687028809
CALCE,CS2_35,624.0,0.7913307,0.7913307,0.7767731450498104,0.8014177354396773,0.1985822645603227,0.7817132692175821
CALCE,CS2_35,625.0,0.78171325,0.78171325,0.7772725157439708,0.7734434713160045,0.2265565286839954,0.7575501587559976
CALCE,CS2_35,626.0,0.7575502,0.7575502,0.7715426206588745,0.6485445140036389,0.35145548599636106,0.7418136748207141
CALCE,CS2_35,627.0,0.74181366,0.74181366,0.7636016450822354,0.5480882911881054,0.45191170881189446,0.7566420635402281
CALCE,CS2_35,628.0,0.75664204,0.75664204,0.7613313443958759,0.63870289229439,0.3612971077056101,0.756687377492996
CALCE,CS2_35,629.0,0.7566874,0.7566874,0.7588156521320343,0.6681329851985663,0.3318670148014336,0.7502745222941208
CALCE,CS2_35,630.0,0.75027454,0.75027454,0.7541882626712322,0.6397821162219102,0.3602178837780897,0.7325943904085646
CALCE,CS2_35,631.0,0.7325944,0.7325944,0.745685962587595,0.5533134894478197,0.4466865105521804,0.7167727845164138
CALCE,CS2_35,632.0,0.7167728,0.7167728,0.7343329839408398,0.4732769801693657,0.5267230198306343,0.7164236603324274
CALCE,CS2_35,633.0,0.71642363,0.71642363,0.7242541931569576,0.4621129633234447,0.5378870366765554,0.7084409920442912
CALCE,CS2_35,634.0,0.708441,0.708441,0.7135801985859871,0.38361057896694994,0.61638942103305,0.7084274654917125
CALCE,CS2_35,635.0,0.7084275,0.7084275,0.7057607039809227,0.37665691962707953,0.6233430803729204,0.716840783670759
CALCE,CS2_35,636.0,0.7168408,0.7168408,0.7019566267728805,0.41418109305359335,0.5858189069464067,0.7239795888412061
CALCE,CS2_35,637.0,0.7239796,0.7239796,0.7014875337481499,0.5157569730352978,0.48424302696470223,0.7165470474243991
CALCE,CS2_35,638.0,0.7165471,0.7165471,0.6983529657125473,0.48872924976947585,0.5112707502305242,0.7001068510790809
CALCE,CS2_35,639.0,0.70010686,0.70010686,0.6921883948147297,0.3156892155371049,0.6843107844628952,0.7000929558983855
CALCE,CS2_35,640.0,0.700093,0.700093,0.691507588326931,0.36118706346963886,0.6388129365303611,0.6917353891586798
CALCE,CS2_35,641.0,0.6917354,0.6917354,0.689575707912445,0.4360141247165733,0.5639858752834268,0.6917395206500858
CALCE,CS2_35,642.0,0.6917395,0.6917395,0.6862698942422867,0.5069246761898452,0.4930753238101548,0.6834004343699093
CALCE,CS2_35,643.0,0.68340045,0.68340045,0.6801639996469021,0.40590029291080143,0.5940997070891986,0.6992101250405927
CALCE,CS2_35,644.0,0.6992101,0.6992101,0.6816952891647816,0.4793849092705094,0.5206150907294906,0.7001522570606727
CALCE,CS2_35,645.0,0.7001523,0.7001523,0.684904582053423,0.5232556030841743,0.4767443969158258,0.7001680766262907
CALCE,CS2_35,646.0,0.7001681,0.7001681,0.6885693356394768,0.6121597835259206,0.3878402164740795,0.6834274640500796
CALCE,CS2_35,647.0,0.68342745,0.68342745,0.6866494998335838,0.6103602211415129,0.3896397788584871,0.6750593563759077
CALCE,CS2_35,648.0,0.6750594,0.6750594,0.6814936079084873,0.5723154302743895,0.4276845697256105,0.6750711791724644
CALCE,CS2_35,649.0,0.6750712,0.6750712,0.6773312166333199,0.6037971532181217,0.3962028467818782,0.6750433051533743
CALCE,CS2_35,650.0,0.6750433,0.6750433,0.6729981444776059,0.6001529056351521,0.399847094364848,0.6750560924053141
CALCE,CS2_35,651.0,0.6750561,0.6750561,0.6695012718439102,0.563188764116383,0.4368112358836169,0.6750682747467599
CALCE,CS2_35,652.0,0.67506826,0.67506826,0.6681036166846752,0.5354937594144982,0.46450624058550183,0.666709477002808
CALCE,CS2_35,653.0,0.6667095,0.6667095,0.6667315408587455,0.5355093971461743,0.46449060285382565,0.6667050805758998
CALCE,CS2_35,654.0,0.6667051,0.6667051,0.6656751811504364,0.6108253875966753,0.3891746124033246,0.6666974722067879
CALCE,CS2_35,655.0,0.66669744,0.66669744,0.6633969433605671,0.6106788439357534,0.38932115606424644,0.6583845136312874
CALCE,CS2_35,656.0,0.6583845,0.6583845,0.6598735742270947,0.6095865589837921,0.39041344101620795,0.6583683792390266
CALCE,CS2_35,657.0,0.6583684,0.6583684,0.6561352744698524,0.606916626017596,0.393083373982404,0.6667328619117716
CALCE,CS2_35,658.0,0.66673285,0.66673285,0.6553229093551636,0.674578258001678,0.325421741998322,0.6750960860495713
CALCE,CS2_35,659.0,0.6750961,0.6750961,0.65597562789917,0.6491497141267419,0.35085028587325806,0.6751044442791162
CALCE,CS2_35,660.0,0.67510444,0.67510444,0.6592095419764519,0.6530450772616501,0.34695492273834994,0.6746903747771753
CALCE,CS2_35,661.0,0.67469037,0.67469037,0.663083852827549,0.6600079055201574,0.3399920944798425,0.675124908545682
CALCE,CS2_35,662.0,0.6751249,0.6751249,0.6677057661116124,0.7346365216952923,0.26536347830470775,0.6746421093404795
CALCE,CS2_35,663.0,0.6746421,0.6746421,0.6703219331800938,0.7652825746489648,0.2347174253510353,0.6751304408930365
CALCE,CS2_35,664.0,0.6751304,0.6751304,0.6720245711505413,0.7688639080349328,0.23113609196506724,0.6751222445965044
CALCE,CS2_35,665.0,0.67512226,0.67512226,0.6737251579761505,0.7710073083283044,0.22899269167169556,0.6750221687645548
CALCE,CS2_35,666.0,0.6750222,0.6750222,0.6753953650593758,0.7726996427445731,0.2273003572554269,0.6751441712204355
CALCE,CS2_35,667.0,0.6751442,0.6751442,0.6770984351634979,0.7750913521115785,0.2249086478884215,0.6751236649035086
CALCE,CS2_35,668.0,0.6751237,0.6751237,0.6787960156798363,0.8021209965332369,0.19787900346676318,0.6750504082231924
CALCE,CS2_35,669.0,0.67505044,0.67505044,0.6792200207710266,0.801799155518953,0.19820084448104697,0.6748472254658258
CALCE,CS2_35,670.0,0.67484725,0.67484725,0.6793841280043125,0.8008507018841576,0.1991492981158423,0.6745876942335303
CALCE,CS2_35,671.0,0.67458767,0.67458767,0.6792785935103893,0.8226960027758338,0.17730399722416626,0.6667947536094734
CALCE,CS2_35,672.0,0.6667948,0.6667948,0.6757807403802871,0.7965710835173683,0.2034289164826317,0.7001444758971261
CALCE,CS2_35,673.0,0.70014447,0.70014447,0.6804075464606285,0.8544540072791805,0.14554599272081947,0.6917302759616576
CALCE,CS2_35,674.0,0.69173026,0.69173026,0.6831410460174083,0.8150949297654126,0.18490507023458735,0.6751523888566313
CALCE,CS2_35,675.0,0.67515236,0.67515236,0.6823597230017185,0.7650676114378009,0.2349323885621991,0.6751332258326507
CALCE,CS2_35,676.0,0.6751332,0.6751332,0.6815733909606934,0.7653254277594576,0.2346745722405425,0.6749540785131377
CALCE,CS2_35,677.0,0.67495406,0.67495406,0.6806794166564941,0.762257317972914,0.237742682027086,0.6746090807604304
CALCE,CS2_35,678.0,0.67460907,0.67460907,0.6797578021883964,0.7615797586715952,0.23842024132840484,0.6667975381019617
CALCE,CS2_35,679.0,0.6667975,0.6667975,0.6768238216638565,0.7307593112748544,0.2692406887251456,0.6668120645365572
CALCE,CS2_35,680.0,0.66681206,0.66681206,0.6741627715528011,0.7279389785369937,0.27206102146300615,0.6668143166644062
CALCE,CS2_35,681.0,0.6668143,0.6668143,0.6717090852558613,0.7256616378932647,0.2743383621067354,0.658480886975592
CALCE,CS2_35,682.0,0.6584809,0.6584809,0.6673646837472915,0.6902604208312784,0.3097395791687215,0.6584828411629464
CALCE,CS2_35,683.0,0.65848285,0.65848285,0.6634526006877423,0.6861410309909083,0.3138589690090917,0.6584086381760359
CALCE,CS2_35,684.0,0.65840864,0.65840864,0.6599354423582554,0.6825024584779067,0.31749754152209336,0.6582038255905139
CALCE,CS2_35,685.0,0.65820384,0.65820384,0.6567739680409431,0.679389486207412,0.32061051379258804,0.6500820788784223
CALCE,CS2_35,686.0,0.65008205,0.65008205,0.6519727475941182,0.6435443818137734,0.3564556181862265,0.650074539520872
CALCE,CS2_35,687.0,0.65007454,0.65007454,0.647749824076891,0.6702705199145405,0.32972948008545944,0.658091867595716
CALCE,CS2_35,688.0,0.65809184,0.65809184,0.644975109398365,0.5723194628352052,0.42768053716479487,0.6584857304092279
CALCE,CS2_35,689.0,0.6584857,0.6584857,0.6475189298391342,0.6183696702813702,0.38163032971862965,0.6501136861508722
CALCE,CS2_35,690.0,0.6501137,0.6501137,0.6477490708231926,0.6583481851342698,0.34165181486573004,0.6417779281448324
CALCE,CS2_35,691.0,0.64177793,0.64177793,0.6444489687681199,0.6226975970566309,0.3773024029433692,0.6417585401936527
CALCE,CS2_35,692.0,0.64175856,0.64175856,0.6419755294919014,0.6228515872962144,0.3771484127037857,0.6417532495007149
CALCE,CS2_35,693.0,0.64175326,0.64175326,0.6403082959353924,0.6250236142836589,0.37497638571634107,0.6334381753581856
CALCE,CS2_35,694.0,0.63343817,0.63343817,0.6373405173420906,0.6224617628262614,0.3775382371737386,0.6334299525069305
CALCE,CS2_35,695.0,0.63342994,0.63342994,0.6342282600700855,0.6208362184479784,0.3791637815520215,0.6334107958381207
CALCE,CS2_35,696.0,0.6334108,0.6334108,0.6319475494325161,0.620574317207487,0.379425682792513,0.6334144383251594
CALCE,CS2_35,697.0,0.63341445,0.63341445,0.6305031523108482,0.6558103090174598,0.34418969098254004,0.6334437337448015
CALCE,CS2_35,698.0,0.6334437,0.6334437,0.6286510556936264,0.6555673400926608,0.34443265990733907,0.6334174840525106
CALCE,CS2_35,699.0,0.6334175,0.6334175,0.6274186007678508,0.6563767825044433,0.3436232174955568,0.6250748808825441
CALCE,CS2_35,700.0,0.62507486,0.62507486,0.6247159369289875,0.6223362692530587,0.3776637307469412,0.6250639647793563
CALCE,CS2_35,701.0,0.62506396,0.62506396,0.6228132709860802,0.6558325447451117,0.3441674552548883,0.616710681262011
CALCE,CS2_35,702.0,0.61671066,0.61671066,0.6184324361383915,0.618193028465658,0.3818069715343419,0.6167298412087228
CALCE,CS2_35,703.0,0.61672986,0.61672986,0.6148896172642708,0.5840650001498443,0.41593499985015564,0.6167175524049878
CALCE,CS2_35,704.0,0.6167176,0.6167176,0.6133799187839031,0.584374155798279,0.41562584420172105,0.6167147397235001
CALCE,CS2_35,705.0,0.6167147,0.6167147,0.6129629418253899,0.6235662054981326,0.3764337945018674,0.6167105067686243
CALCE,CS2_35,706.0,0.6167105,0.6167105,0.6123333655297756,0.660078152232722,0.33992184776727785,0.6167380969191776
CALCE,CS2_35,707.0,0.6167381,0.6167381,0.6112954258918762,0.6611767263074586,0.33882327369254134,0.6083764429304529
CALCE,CS2_35,708.0,0.60837644,0.60837644,0.6087901376187801,0.6266224342626083,0.37337756573739156,0.6083777152796671
CALCE,CS2_35,709.0,0.6083777,0.6083777,0.6071189865469933,0.6613161385486651,0.33868386145133494,0.6083846252483471
CALCE,CS2_35,710.0,0.6083846,0.6083846,0.6050365559756756,0.6606722573249424,0.3393277426750576,0.6083914480569924
CALCE,CS2_35,711.0,0.60839146,0.60839146,0.6035810746252537,0.6610415229825617,0.33895847701743836,0.6083777557191606
CALCE,CS2_35,712.0,0.60837775,0.60837775,0.6027452170848846,0.6622042984367185,0.33779570156328154,0.6000599742348072
CALCE,CS2_35,713.0,0.60006,0.60006,0.6004562668502331,0.6280943511262452,0.3719056488737548,0.6000374197690317
CALCE,CS2_35,714.0,0.6000374,0.6000374,0.5989999428391457,0.6292684865779842,0.3707315134220159,0.6000448816697793
CALCE,CS2_35,715.0,0.6000449,0.6000449,0.5983766980469227,0.665603214661979,0.3343967853380209,0.600046456276919
CALCE,CS2_35,716.0,0.60004646,0.60004646,0.5973367914557457,0.6665572847473373,0.33344271525266267,0.6000333352131517
CALCE,CS2_35,717.0,0.60003334,0.60003334,0.5969176396727562,0.7007092572999423,0.2992907427000578,0.6333178816188713
CALCE,CS2_35,718.0,0.6333179,0.6333179,0.6041924886405468,0.8055566471760668,0.1944433528239333,0.6167240231948806
CALCE,CS2_35,719.0,0.616724,0.616724,0.6069064520299434,0.7582139792364385,0.24178602076356148,0.6083874537576123
CALCE,CS2_35,720.0,0.6083875,0.6083875,0.6075346805155277,0.7318666238442585,0.26813337615574157,0.6083710109772617
CALCE,CS2_35,721.0,0.608371,0.608371,0.6083665750920773,0.7336895672972318,0.2663104327027682,0.6000463774258886
CALCE,CS2_35,722.0,0.6000464,0.6000464,0.6073252454400062,0.7040751740607945,0.2959248259392055,0.6000316121537825
CALCE,CS2_35,723.0,0.6000316,0.6000316,0.6067009881138802,0.7344005761714392,0.26559942382856083,0.6000394551140671
CALCE,CS2_35,724.0,0.6000395,0.6000395,0.6052421696484089,0.7331830571513497,0.26681694284865026,0.6000589004458591
CALCE,CS2_35,725.0,0.6000589,0.6000589,0.6039967574179173,0.7322704571848402,0.26772954281515976,0.6000614252927424
CALCE,CS2_35,726.0,0.6000614,0.6000614,0.6029609553515911,0.7315838682387203,0.26841613176127976,0.6000571861718876
CALCE,CS2_35,727.0,0.6000572,0.6000572,0.6021332405507565,0.7312278446176891,0.2687721553823109,0.5917296583357881
CALCE,CS2_35,728.0,0.59172964,0.59172964,0.5994299218058586,0.7290250241669864,0.2709749758330135,0.5833778183121074
CALCE,CS2_35,729.0,0.58337784,0.58337784,0.5938072308897973,0.6924720237216165,0.30752797627838346,0.5833640770901223
CALCE,CS2_35,730.0,0.58336407,0.58336407,0.5885947480797767,0.6862708127210099,0.31372918727899013,0.5750336634972364
CALCE,CS2_35,731.0,0.57503366,0.57503366,0.5817175604403019,0.6456688146273288,0.35433118537267116,0.5750193960241109
CALCE,CS2_35,732.0,0.5750194,0.5750194,0.5754623584449291,0.6382987270139602,0.3617012729860398,0.5667023110080138
CALCE,CS2_35,733.0,0.5667023,0.5667023,0.5677516095340251,0.4624645783687411,0.5375354216312589,0.5666763334872097
CALCE,CS2_35,734.0,0.5666763,0.5666763,0.5658603586256504,0.5409775854609226,0.45902241453907744,0.5666941657539772
CALCE,CS2_35,735.0,0.56669414,0.56669414,0.5631504245102406,0.5781161741509194,0.4218838258490807,0.5667078405733657
CALCE,CS2_35,736.0,0.56670785,0.56670785,0.5604442499578,0.5782508038388915,0.42174919616110856,0.5666884676129327
CALCE,CS2_35,737.0,0.5666885,0.5666885,0.5587727591395378,0.6153088678032694,0.3846911321967305,0.5750134275067554
CALCE,CS2_35,738.0,0.5750134,0.5750134,0.558975850045681,0.650389501636259,0.34961049836374114,0.5666473478637875
CALCE,CS2_35,739.0,0.56664735,0.56664735,0.5577110327780247,0.6175040507368869,0.3824959492631131,0.5583051369550116
CALCE,CS2_35,740.0,0.55830514,0.55830514,0.5551964320242405,0.5825273089886769,0.41747269101132317,0.5583133075818492
CALCE,CS2_35,741.0,0.5583133,0.5583133,0.5537301942706108,0.5846543448188711,0.41534565518112887,0.558300984862131
CALCE,CS2_35,742.0,0.558301,0.558301,0.5533048614859581,0.5884699215444407,0.41153007845555933,0.549966490709427
CALCE,CS2_35,743.0,0.5499665,0.5499665,0.5518392831087112,0.5914969959044155,0.40850300409558443,0.549979452689965
CALCE,CS2_35,744.0,0.54997945,0.54997945,0.5503800362348557,0.6286299346590717,0.3713700653409284,0.549983159951785
CALCE,CS2_35,745.0,0.54998314,0.54998314,0.5487127944827079,0.6295167319464053,0.3704832680535947,0.5583353250127095
CALCE,CS2_35,746.0,0.5583353,0.5583353,0.5499663166701794,0.6979913484051435,0.30200865159485646,0.5499758666895396
CALCE,CS2_35,747.0,0.5499759,0.5499759,0.5485061652958393,0.6662237598900356,0.33377624010996443,0.5499996007916003
CALCE,CS2_35,748.0,0.5499996,0.5499996,0.5476762041449547,0.6994246811487925,0.30057531885120753,0.5416488914762024
CALCE,CS2_35,749.0,0.54164886,0.54164886,0.5441365636885166,0.6646131762203027,0.33538682377969736,0.541644244802404
CALCE,CS2_35,750.0,0.5416442,0.5416442,0.541218176484108,0.6625321987129964,0.33746780128700365,0.5333022849845263
CALCE,CS2_35,751.0,0.5333023,0.5333023,0.5368428364396095,0.6252697480845459,0.3747302519154541,0.533305051300126
CALCE,CS2_35,752.0,0.53330505,0.53330505,0.5333049446344376,0.6231418888778456,0.37685811112215445,0.5332883338626195
CALCE,CS2_35,753.0,0.53328836,0.53328836,0.5305950559675694,0.5889083912164775,0.41109160878352236,0.5333090986035687
CALCE,CS2_35,754.0,0.5333091,0.5333091,0.5299741275608539,0.6275727624473414,0.37242723755265866,0.5249652867339325
CALCE,CS2_35,755.0,0.5249653,0.5249653,0.5270549863576889,0.6272810481423089,0.37271895185769116,0.5249597470938834
CALCE,CS2_35,756.0,0.52495974,0.52495974,0.523925083130598,0.6256693584957852,0.3743306415042148,0.5249579171316529
CALCE,CS2_35,757.0,0.5249579,0.5249579,0.5216296076774597,0.6255082532601554,0.37449174673984464,0.5416806094925876
CALCE,CS2_35,758.0,0.54168063,0.54168063,0.5243469707667827,0.7235542991666791,0.27644570083332093,0.5500300907261536
CALCE,CS2_35,759.0,0.5500301,0.5500301,0.5283169016242028,0.7561572340427323,0.24384276595726764,0.5500342196780595
CALCE,CS2_35,760.0,0.5500342,0.5500342,0.5322882853448391,0.7611900760876203,0.2388099239123795,0.5500281873013921
CALCE,CS2_35,761.0,0.5500282,0.5500282,0.5362572409212589,0.7396207027221207,0.26037929727787945,0.5500328484759155
CALCE,CS2_35,762.0,0.55003285,0.55003285,0.5414791755378247,0.774286167200114,0.225713832799886,0.5500351606393863
CALCE,CS2_35,763.0,0.5500352,0.5500352,0.5456552818417549,0.7792324061034979,0.22076759389650213,0.5500521442916283
CALCE,CS2_35,764.0,0.55005217,0.55005217,0.54983771443367,0.8083912026275596,0.19160879737244033,0.5500436326522152
CALCE,CS2_35,765.0,0.55004364,0.55004364,0.5527640663087368,0.8109214985476766,0.1890785014523235,0.5500548119450012
CALCE,CS2_35,766.0,0.5500548,0.5500548,0.5554827235639095,0.8349340019962611,0.16506599800373897,0.5417006616251968
CALCE,CS2_35,767.0,0.54170066,0.54170066,0.5546512275934219,0.8117842903612033,0.18821570963879675,0.5333776034050605
CALCE,CS2_35,768.0,0.5333776,0.5333776,0.5515294305980205,0.7844606128831132,0.21553938711688672,0.5250350953426561
CALCE,CS2_35,769.0,0.5250351,0.5250351,0.5463177055120468,0.7523061427805595,0.24769385721944048,0.5166857047569586
CALCE,CS2_35,770.0,0.5166857,0.5166857,0.5392281249165535,0.7444928210005148,0.25550717899948516,0.5083441750413525
CALCE,CS2_35,771.0,0.5083442,0.5083442,0.5292170867323875,0.7026775514496386,0.2973224485503614,0.5083594621398609
CALCE,CS2_35,772.0,0.5083595,0.5083595,0.5196245819330215,0.690277731036177,0.3097222689638231,0.5000254791540467
CALCE,CS2_35,773.0,0.50002545,0.50002545,0.5083632923662662,0.5774584526439523,0.4225415473560477,0.5000323345357817
CALCE,CS2_35,774.0,0.5000323,0.5000323,0.5002355501055717,0.5341136162904772,0.46588638370952284,0.5000043068660411
CALCE,CS2_35,775.0,0.5000043,0.5000043,0.4943942815065384,0.5295172795740747,0.47048272042592537,0.5000282230780413
CALCE,CS2_35,776.0,0.50002825,0.50002825,0.489810336381197,0.5273475628634594,0.47265243713654054,0.5000154739910858
CALCE,CS2_35,777.0,0.5000155,0.5000155,0.48647245243191717,0.5271288293943672,0.4728711706056328,0.4917062625545046
CALCE,CS2_35,778.0,0.49170625,0.49170625,0.4823082573711872,0.49017687110489916,0.5098231288951008,0.4917022291673428
CALCE,CS2_35,779.0,0.49170223,0.49170223,0.47960154972970487,0.491972228453436,0.508027771546564,0.4917006022312443
CALCE,CS2_35,780.0,0.4917006,0.4917006,0.4783553954213858,0.49641656124615674,0.5035834387538431,0.4833542146723167
CALCE,CS2_35,781.0,0.4833542,0.4833542,0.47648003064095973,0.46435368942473904,0.5356463105752609,0.4750199683631355
CALCE,CS2_35,782.0,0.47501996,0.47501996,0.47419005781412127,0.46896459816793884,0.5310354018320612,0.4750226020978714
CALCE,CS2_35,783.0,0.4750226,0.4750226,0.47252357602119444,0.5098523352700567,0.4901476647299433,0.4833720244679083
CALCE,CS2_35,784.0,0.48337203,0.48337203,0.4733628571033478,0.5870891005571495,0.4129108994428505,0.4833802760116636
CALCE,CS2_35,785.0,0.4833803,0.4833803,0.4742030005902052,0.6280580488993521,0.3719419511006478,0.4833499047177004
CALCE,CS2_35,786.0,0.48334992,0.48334992,0.4748245123773813,0.6660573041084312,0.33394269589156866,0.4833761723547576
CALCE,CS2_35,787.0,0.48337618,0.48337618,0.4750347338616848,0.6689193749690917,0.3310806250309083,0.4917201024498879
CALCE,CS2_35,788.0,0.4917201,0.4917201,0.4779574554413557,0.7348786966020736,0.26512130339792633,0.4833757471537399
CALCE,CS2_35,789.0,0.48337576,0.48337576,0.47795995622873305,0.7065091595190632,0.2934908404809368,0.4833735468423539
CALCE,CS2_35,790.0,0.48337355,0.48337355,0.478379176184535,0.7087555120853538,0.2912444879146462,0.4750268844144926
CALCE,CS2_35,791.0,0.47502688,0.47502688,0.4771239787340164,0.6778048046620415,0.32219519533795854,0.4750351026575202
CALCE,CS2_35,792.0,0.4750351,0.4750351,0.4764988970011473,0.6793959117216738,0.3206040882783262,0.4750323549162884
CALCE,CS2_35,793.0,0.47503236,0.47503236,0.4764960154891014,0.7129013351423393,0.2870986648576607,0.4666864621743678
CALCE,CS2_35,794.0,0.46668646,0.46668646,0.47378487624228,0.6801164938359415,0.31988350616405853,0.4583526517221875
CALCE,CS2_35,795.0,0.45835266,0.45835266,0.46961520202457907,0.6441674819010001,0.35583251809899996,0.450028160028784
CALCE,CS2_35,796.0,0.45002815,0.45002815,0.46419784501194955,0.6400005595656885,0.3599994404343116,0.4500213049248349
CALCE,CS2_35,797.0,0.4500213,0.4500213,0.45856865085661414,0.6678530834036982,0.3321469165963018,0.4500109459909132
CALCE,CS2_35,798.0,0.45001096,0.45001096,0.4525200419127941,0.6609749099803988,0.33902509001960124,0.4500117855282333
CALCE,CS2_35,799.0,0.4500118,0.4500118,0.44709728881716726,0.6227545516551105,0.3772454483448894,0.4500498643478572
CALCE,CS2_35,800.0,0.45004988,0.45004988,0.44356168508529664,0.6206470408396287,0.3793529591603712,0.4417196349504526
CALCE,CS2_35,801.0,0.44171962,0.44171962,0.43877787292003634,0.5821973682868063,0.41780263171319365,0.4417143439656488
CALCE,CS2_35,802.0,0.44171435,0.44171435,0.43502968475222586,0.580313698370794,0.41968630162920584,0.450044227896108
CALCE,CS2_35,803.0,0.4500442,0.4500442,0.43440879322588444,0.582814049829293,0.41718595017070703,0.4250432223973318
CALCE,CS2_35,804.0,0.42504323,0.42504323,0.42962252497673037,0.5053611514265102,0.49463884857348983,0.4167213094907009
CALCE,CS2_35,805.0,0.4167213,0.4167213,0.4231710761785507,0.465530023357298,0.534469976642702,0.4083748001679552
CALCE,CS2_35,806.0,0.4083748,0.4083748,0.4162990052253008,0.46215243110258253,0.5378475688974174,0.39170967677348
CALCE,CS2_35,807.0,0.3917097,0.3917097,0.405883626639843,0.38208817582983784,0.6179118241701622,0.3833552765787928
CALCE,CS2_35,808.0,0.3833553,0.3833553,0.3954638034105301,0.3416327230499716,0.6583672769500284,0.383363691185493
CALCE,CS2_35,809.0,0.3833637,0.3833637,0.387337713688612,0.37138732247120143,0.6286126775287986,0.3666993138477973
CALCE,CS2_35,810.0,0.3666993,0.3666993,0.37608530297875403,0.3300810668053641,0.669918933194636,0.3583485958812776
CALCE,CS2_35,811.0,0.3583486,0.3583486,0.3639948684722185,0.32153217331845385,0.6784678266815463,0.3583485967004197
CALCE,CS2_35,812.0,0.3583486,0.3583486,0.3531558372080326,0.31423714419368254,0.6857628558063175,0.3583636411072707
CALCE,CS2_35,813.0,0.35836363,0.35836363,0.3446115251630545,0.3104900238005567,0.6895099761994433,0.3583554688716169
CALCE,CS2_35,814.0,0.35835546,0.35835546,0.33835504539310934,0.31002248516605,0.6899775148339501,0.3583484047182288
CALCE,CS2_35,815.0,0.3583484,0.3583484,0.3343883290886879,0.31282358126307114,0.6871764187369289,0.3583513950278394
CALCE,CS2_35,816.0,0.3583514,0.3583514,0.3327196501195431,0.351430778631259,0.648569221368741,0.3500305503255679
CALCE,CS2_35,817.0,0.35003054,0.35003054,0.33001368679106236,0.3242981102819082,0.6757018897180919,0.3416965276861205
CALCE,CS2_35,818.0,0.34169653,0.34169653,0.32751567512750623,0.27112354630767205,0.7288764536923279,0.3416965583420406
CALCE,CS2_35,819.0,0.34169656,0.34169656,0.32876756489276887,0.3816483706528257,0.6183516293471744,0.3333414793928279
CALCE,CS2_35,820.0,0.33334148,0.33334148,0.32688925713300704,0.3882644282084186,0.6117355717915814,0.2333429011802872
CALCE,CS2_35,821.0,0.2333429,0.2333429,0.3010555589571595,0.09110923857027492,0.908890761429725,0.3250156573546681
CALCE,CS2_35,822.0,0.32501566,0.32501566,0.30147248338907956,0.38604885811695966,0.6139511418830402,0.3250375661391625
CALCE,CS2_35,823.0,0.32503757,0.32503757,0.30147915091365574,0.428552556848608,0.5714474431513921,0.3250471303374253
CALCE,CS2_35,824.0,0.32504714,0.32504714,0.30190183874219656,0.4357236108531327,0.5642763891468673,0.3167118781263903
CALCE,CS2_35,825.0,0.31671187,0.31671187,0.30169970337301494,0.4792011334342675,0.5207988665657325,0.3083715568167903
CALCE,CS2_35,826.0,0.30837154,0.30837154,0.29857906941324475,0.48046629160829324,0.5195337083917068,0.316704704439995
CALCE,CS2_35,827.0,0.3167047,0.3167047,0.29774732422083616,0.5197445888515935,0.4802554111484065,0.3167046814225324
CALCE,CS2_35,828.0,0.3167047,0.3167047,0.29795670676976443,0.5247233881912876,0.4752766118087124,0.3250527002750477
CALCE,CS2_35,829.0,0.3250527,0.3250527,0.3012964280322194,0.5699825683059624,0.4300174316940376,0.3250376359821776
CALCE,CS2_35,830.0,0.32503763,0.32503763,0.30546391252428295,0.580669035401701,0.4193309645982989,0.316704478791657
CALCE,CS2_35,831.0,0.31670448,0.31670448,0.3083799986168742,0.5545526090836942,0.44544739091630575,0.3083801477986115
CALCE,CS2_35,832.0,0.30838016,0.30838016,0.3102565733715892,0.5633465578567324,0.43665344214326757,0.300022286214236
CALCE,CS2_35,833.0,0.30002227,0.30002227,0.3100447876378894,0.5684728312316818,0.43152716876831815,0.3000249731053088
CALCE,CS2_35,834.0,0.300025,0.300025,0.3098338333889842,0.5727272099688578,0.42727279003114227,0.2916908886142923
CALCE,CS2_35,835.0,0.2916909,0.2916909,0.30858114529401065,0.5762576420157941,0.42374235798420584,0.2916936694225506
CALCE,CS2_35,836.0,0.29169366,0.29169366,0.30732600931078197,0.8961914779417512,0.10380852205824878,0.2833594006147641
CALCE,CS2_35,837.0,0.2833594,0.2833594,0.2900287188589573,0.6036935257256142,0.39630647427438587,0.2833566713199863
CALCE,CS2_35,838.0,0.28335667,0.28335667,0.28523125872015953,0.6001282265312117,0.3998717734687884,0.2833648717841813
CALCE,CS2_35,839.0,0.28336486,0.28336486,0.28148060068488123,0.5983936156516896,0.40160638434831053,0.2750215188108842
CALCE,CS2_35,840.0,0.27502152,0.27502152,0.2766873698681593,0.5958473797616998,0.4041526202383003,0.283359433850649
CALCE,CS2_35,841.0,0.28335944,0.28335944,0.27397893331944945,0.6618965495319953,0.3381034504680047,0.2833703641435446
CALCE,CS2_35,842.0,0.28337038,0.28337038,0.2708560559898615,0.6273723648066148,0.3726276351933851,0.2833521797772769
CALCE,CS2_35,843.0,0.28335217,0.28335217,0.2696035698056221,0.6287836232360854,0.37121637676391456,0.2750197016112423
CALCE,CS2_35,844.0,0.2750197,0.2750197,0.26710179448127747,0.5603310158772083,0.4396689841227917,0.2750271734008081
CALCE,CS2_35,845.0,0.2750272,0.2750272,0.2668962277472019,0.5656217611158949,0.43437823888410504,0.2750276293827505
CALCE,CS2_35,846.0,0.27502763,0.27502763,0.26793913207948206,0.6082931691204273,0.3917068308795727,0.2666977111112587
CALCE,CS2_35,847.0,0.2666977,0.2666977,0.2668998397886753,0.6119687303051984,0.3880312696948017,0.4250432223973318
CALCE,CS2_35,848.0,0.42504323,0.42504323,0.30544847808778286,0.9637365320947527,0.03626346790524726,0.4167213094907009
CALCE,CS2_35,849.0,0.4167213,0.4167213,0.33774633668363097,0.9645914428690398,0.035408557130960236,0.4083748001679552
CALCE,CS2_35,850.0,0.4083748,0.4083748,0.3650405127555132,0.9690808496273474,0.030919150372652634,0.39170967677348
CALCE,CS2_35,851.0,0.3917097,0.3917097,0.3842095647007227,0.9622708109036524,0.037729189096347704,0.3833552765787928
CALCE,CS2_35,852.0,0.3833553,0.3833553,0.3987899411469698,0.9643741333349334,0.035625866665066515,0.383363691185493
CALCE,CS2_35,853.0,0.3833637,0.3833637,0.40983077585697175,0.9654441047797447,0.03455589522025528,0.3750266444677241
CALCE,CS2_35,854.0,0.37502664,0.37502664,0.4162868089973927,0.9603378290353847,0.039662170964615336,0.3666855811262531
CALCE,CS2_35,855.0,0.36668557,0.36668557,0.41836704425513743,0.959457069251038,0.04054293074896208,0.3666993138477973
CALCE,CS2_35,856.0,0.3666993,0.3666993,0.4171161938458681,0.9511375933574969,0.048862406642503096,0.3583485958812776
CALCE,CS2_35,857.0,0.3583486,0.3583486,0.4127364277839661,0.9403541957021596,0.05964580429784038,0.3583485967004197
CALCE,CS2_35,858.0,0.3583486,0.3583486,0.4064835414290428,0.9358994213680042,0.06410057863199578,0.3583636411072707
CALCE,CS2_35,859.0,0.35836363,0.35836363,0.3983572620898485,0.9392105394998191,0.06078946050018083,0.3583554688716169
CALCE,CS2_35,860.0,0.35835546,0.35835546,0.38710377626121045,0.9322546455661898,0.06774535443381013,0.3583484047182288
CALCE,CS2_35,861.0,0.3583484,0.3583484,0.37376623786985874,0.9235643493526002,0.07643565064739971,0.3583513950278394
CALCE,CS2_35,862.0,0.3583514,0.3583514,0.35834647752344606,0.9237136477214135,0.0762863522785865,0.3500305503255679
CALCE,CS2_35,863.0,0.35003054,0.35003054,0.33751394636929033,0.42628339136645466,0.5737166086335453,0.3416965276861205
CALCE,CS2_35,864.0,0.34169653,0.34169653,0.33626642897725106,0.4333707124665565,0.5666292875334434,0.3416965583420406
CALCE,CS2_35,865.0,0.34169656,0.34169656,0.33585428856313226,0.47699879709278564,0.5230012029072144,0.3333414793928279
CALCE,CS2_35,866.0,0.33334148,0.33334148,0.333976985886693,0.5205210450037074,0.47947895499629256,0.2333429011802872
CALCE,CS2_35,867.0,0.2333429,0.2333429,0.3064761349931359,0.14178366729348216,0.8582163327065178,0.3250156573546681
CALCE,CS2_35,868.0,0.32501566,0.32501566,0.3045994805172086,0.4303063884339068,0.5696936115660932,0.3250375661391625
CALCE,CS2_35,869.0,0.32503757,0.32503757,0.3041880441829562,0.47220459731973624,0.5277954026802638,0.3250471303374253
CALCE,CS2_35,870.0,0.32504714,0.32504714,0.30398662108927965,0.5139041896370572,0.4860958103629428,0.3167118781263903
CALCE,CS2_35,871.0,0.31671187,0.31671187,0.30169970337301494,0.4792011334342675,0.5207988665657325,0.3083715568167903
CALCE,CS2_35,872.0,0.30837154,0.30837154,0.29857906941324475,0.48046629160829324,0.5195337083917068,0.316704704439995
CALCE,CS2_35,873.0,0.3167047,0.3167047,0.29774732422083616,0.5197445888515935,0.4802554111484065,0.3167046814225324
CALCE,CS2_35,874.0,0.3167047,0.3167047,0.29795670676976443,0.5247233881912876,0.4752766118087124,0.3250527002750477
CALCE,CS2_35,875.0,0.3250527,0.3250527,0.3012964280322194,0.5699825683059624,0.4300174316940376,0.3250376359821776
CALCE,CS2_35,876.0,0.32503763,0.32503763,0.30546391252428295,0.580669035401701,0.4193309645982989,0.316704478791657
CALCE,CS2_35,877.0,0.31670448,0.31670448,0.3083799986168742,0.5545526090836942,0.44544739091630575,0.3083801477986115
CALCE,CS2_35,878.0,0.30838016,0.30838016,0.3102565733715892,0.5633465578567324,0.43665344214326757,0.300022286214236
CALCE,CS2_35,879.0,0.30002227,0.30002227,0.3100447876378894,0.5684728312316818,0.43152716876831815,0.3000249731053088
CALCE,CS2_35,880.0,0.300025,0.300025,0.3098338333889842,0.5727272099688578,0.42727279003114227,0.2916908886142923
CALCE,CS2_35,881.0,0.2916909,0.2916909,0.30858114529401065,0.5762576420157941,0.42374235798420584,0.2916936694225506
