dataset,fold_id,test_cell,cycle,soh_level,w_Trend_Prior_l1,w_Trend_Prior_l2
NASA,test_B0005,B0005,16.0,0.9010534286499023,0.7589094209067125,0.24109057909328746
NASA,test_B0005,B0005,17.0,0.9012897610664368,0.7601526729674919,0.23984732703250808
NASA,test_B0005,B0005,18.0,0.9015341401100159,0.7611099722103895,0.2388900277896106
NASA,test_B0005,B0005,19.0,0.9013888239860535,0.7610886911447065,0.2389113088552935
NASA,test_B0005,B0005,20.0,0.9235129952430725,0.7677049148160076,0.23229508518399253
NASA,test_B0005,B0005,21.0,0.9237086772918701,0.77049131355331,0.22950868644668995
NASA,test_B0005,B0005,22.0,0.9180887341499329,0.7724592418765274,0.2275407581234727
NASA,test_B0005,B0005,23.0,0.9128903746604919,0.774185118743575,0.22581488125642502
NASA,test_B0005,B0005,24.0,0.9125568270683289,0.7750139272310145,0.2249860727689856
NASA,test_B0005,B0005,25.0,0.9127907752990723,0.7757854351346212,0.22421456486537886
NASA,test_B0005,B0005,26.0,0.9070155620574951,0.775648326688943,0.2243516733110569
NASA,test_B0005,B0005,27.0,0.9073845744132996,0.7763529097667783,0.2236470902332217
NASA,test_B0005,B0005,28.0,0.9069846868515015,0.7758328133741206,0.22416718662587948
NASA,test_B0005,B0005,29.0,0.9013828039169312,0.7744436250182044,0.22555637498179562
NASA,test_B0005,B0005,30.0,0.9020385146141052,0.7739244362647225,0.2260755637352775
NASA,test_B0005,B0005,31.0,0.9259012937545776,0.7775412604915737,0.22245873950842632
NASA,test_B0005,B0005,32.0,0.915351927280426,0.7767162644923332,0.22328373550766684
NASA,test_B0005,B0005,33.0,0.9099520444869995,0.7750600238139875,0.22493997618601252
NASA,test_B0005,B0005,34.0,0.9046539664268494,0.7726843184050065,0.22731568159499344
NASA,test_B0005,B0005,35.0,0.9023049473762512,0.7661974574939947,0.23380254250600524
NASA,test_B0005,B0005,36.0,0.8996885418891907,0.7662789214055192,0.2337210785944809
NASA,test_B0005,B0005,37.0,0.8942216038703918,0.7666568043739643,0.23334319562603562
NASA,test_B0005,B0005,38.0,0.8914615511894226,0.7664291919646499,0.23357080803535002
NASA,test_B0005,B0005,39.0,0.8865168690681458,0.7646649439810426,0.23533505601895746
NASA,test_B0005,B0005,40.0,0.8865188956260681,0.7634355205473095,0.23656447945269052
NASA,test_B0005,B0005,41.0,0.8839360475540161,0.762896962313171,0.23710303768682897
NASA,test_B0005,B0005,42.0,0.8811575174331665,0.760951437900489,0.23904856209951095
NASA,test_B0005,B0005,43.0,0.8838086724281311,0.7602402182422041,0.23975978175779594
NASA,test_B0005,B0005,44.0,0.8813341856002808,0.7598347442029358,0.24016525579706408
NASA,test_B0005,B0005,45.0,0.8758652210235596,0.7575257664386279,0.24247423356137207
NASA,test_B0005,B0005,46.0,0.8709248304367065,0.7494168345717703,0.2505831654282297
NASA,test_B0005,B0005,47.0,0.8680456876754761,0.7517932251058922,0.2482067748941079
NASA,test_B0005,B0005,48.0,0.8968120217323303,0.7623056609511486,0.2376943390488514
NASA,test_B0005,B0005,49.0,0.8915945291519165,0.7661549817988992,0.23384501820110082
NASA,test_B0005,B0005,50.0,0.883682131767273,0.7681767433605857,0.2318232566394142
NASA,test_B0005,B0005,51.0,0.8785088658332825,0.7696514918430475,0.23034850815695254
NASA,test_B0005,B0005,52.0,0.8734353184700012,0.7708184645802749,0.22918153541972508
NASA,test_B0005,B0005,53.0,0.8708586096763611,0.7711371118047207,0.22886288819527933
NASA,test_B0005,B0005,54.0,0.8682112693786621,0.771348964913131,0.2286510350868689
NASA,test_B0005,B0005,55.0,0.8631608486175537,0.769992351429457,0.230007648570543
NASA,test_B0005,B0005,56.0,0.857903242111206,0.7686668086969894,0.23133319130301053
NASA,test_B0005,B0005,57.0,0.8552666902542114,0.76723763040225,0.23276236959774999
NASA,test_B0005,B0005,58.0,0.8530072569847107,0.764933435242784,0.23506656475721588
NASA,test_B0005,B0005,59.0,0.8501555323600769,0.7637481824862266,0.23625181751377342
NASA,test_B0005,B0005,60.0,0.8472899198532104,0.7627348421637843,0.2372651578362157
NASA,test_B0005,B0005,61.0,0.8424514532089233,0.760755122028679,0.2392448779713209
NASA,test_B0005,B0005,62.0,0.8372370600700378,0.7577070173185189,0.24229298268148117
NASA,test_B0005,B0005,63.0,0.8372846245765686,0.7470460928709266,0.2529539071290734
NASA,test_B0005,B0005,64.0,0.831858217716217,0.7485367549199399,0.2514632450800602
NASA,test_B0005,B0005,65.0,0.8295069336891174,0.7503663893565299,0.2496336106434702
NASA,test_B0005,B0005,66.0,0.8269270062446594,0.751557590568646,0.24844240943135393
NASA,test_B0005,B0005,67.0,0.8213269114494324,0.7521230984900333,0.2478769015099667
NASA,test_B0005,B0005,68.0,0.8189288973808289,0.7524492429185196,0.2475507570814804
NASA,test_B0005,B0005,69.0,0.816367506980896,0.7530056422889975,0.24699435771100256
NASA,test_B0005,B0005,70.0,0.8138764500617981,0.7540579507134819,0.245942049286518
NASA,test_B0005,B0005,71.0,0.811062753200531,0.7549143612500038,0.2450856387499962
NASA,test_B0005,B0005,72.0,0.8056628108024597,0.7548676567978128,0.24513234320218735
NASA,test_B0005,B0005,73.0,0.8032815456390381,0.7550691597210059,0.24493084027899412
NASA,test_B0005,B0005,74.0,0.800757110118866,0.7555832838357273,0.24441671616427274
NASA,test_B0005,B0005,75.0,0.7951846122741699,0.7557668409404318,0.2442331590595682
NASA,test_B0005,B0005,76.0,0.7928944826126099,0.7565134893665189,0.24348651063348103
NASA,test_B0005,B0005,77.0,0.7924715280532837,0.7576103147692496,0.2423896852307504
NASA,test_B0005,B0005,78.0,0.7977631688117981,0.7596218850944881,0.24037811490551178
NASA,test_B0005,B0005,79.0,0.7873650789260864,0.7606863657575992,0.23931363424240074
NASA,test_B0005,B0005,80.0,0.7824509739875793,0.7607489375188129,0.2392510624811871
NASA,test_B0005,B0005,81.0,0.7798829674720764,0.7611089559045606,0.2388910440954394
NASA,test_B0005,B0005,82.0,0.7797408103942871,0.7623984329287212,0.2376015670712787
NASA,test_B0005,B0005,83.0,0.7773447036743164,0.7628705487934921,0.2371294512065079
NASA,test_B0005,B0005,84.0,0.7744370698928833,0.7633673675776859,0.23663263242231414
NASA,test_B0005,B0005,85.0,0.7691183090209961,0.7634893982484199,0.2365106017515802
NASA,test_B0005,B0005,86.0,0.763957142829895,0.763440733614458,0.23655926638554206
NASA,test_B0005,B0005,87.0,0.7642626166343689,0.7644365119936328,0.23556348800636723
NASA,test_B0005,B0005,88.0,0.7613236904144287,0.7645264636744046,0.23547353632559537
NASA,test_B0005,B0005,89.0,0.7587429881095886,0.7647316148511876,0.2352683851488124
NASA,test_B0005,B0005,90.0,0.8029094338417053,0.7784660291047112,0.2215339708952888
NASA,test_B0005,B0005,91.0,0.7819245457649231,0.7807357883956678,0.2192642116043321
NASA,test_B0005,B0005,92.0,0.7740457653999329,0.7817764228288411,0.21822357717115892
NASA,test_B0005,B0005,93.0,0.7661877870559692,0.7814142751549209,0.21858572484507913
NASA,test_B0005,B0005,94.0,0.7634764313697815,0.7837744114543279,0.21622558854567214
NASA,test_B0005,B0005,95.0,0.7584786415100098,0.7840547927539182,0.2159452072460818
NASA,test_B0005,B0005,96.0,0.7559487819671631,0.7836784375381689,0.2163215624618311
NASA,test_B0005,B0005,97.0,0.7532819509506226,0.7827805211554582,0.21721947884454185
NASA,test_B0005,B0005,98.0,0.7507726550102234,0.7822504630718846,0.2177495369281153
NASA,test_B0005,B0005,99.0,0.7454221844673157,0.7811635880750402,0.2188364119249598
NASA,test_B0005,B0005,100.0,0.7429341673851013,0.7802589263387294,0.2197410736612706
NASA,test_B0005,B0005,101.0,0.7402068376541138,0.7787683921445373,0.22123160785546273
NASA,test_B0005,B0005,102.0,0.7376047968864441,0.7761037142458317,0.22389628575416828
NASA,test_B0005,B0005,103.0,0.7429518103599548,0.7753530991287668,0.22464690087123312
NASA,test_B0005,B0005,104.0,0.7480459213256836,0.7750776588775842,0.22492234112241583
NASA,test_B0005,B0005,105.0,0.7404003143310547,0.7631492705786586,0.23685072942134144
NASA,test_B0005,B0005,106.0,0.7348771691322327,0.7681436353401191,0.2318563646598808
NASA,test_B0005,B0005,107.0,0.7269505858421326,0.7698264718117189,0.23017352818828107
NASA,test_B0005,B0005,108.0,0.7270731329917908,0.7715984099550017,0.22840159004499822
NASA,test_B0005,B0005,109.0,0.7275118827819824,0.7726246001701849,0.22737539982981506
NASA,test_B0005,B0005,110.0,0.7245211005210876,0.7735550381132519,0.2264449618867481
NASA,test_B0005,B0005,111.0,0.7193354964256287,0.7734797647355124,0.22652023526448767
NASA,test_B0005,B0005,112.0,0.7167227268218994,0.7734687152776744,0.22653128472232556
NASA,test_B0005,B0005,113.0,0.7166979312896729,0.7738531805980702,0.2261468194019298
NASA,test_B0005,B0005,114.0,0.7140324115753174,0.7742808774577264,0.22571912254227344
NASA,test_B0005,B0005,115.0,0.7114601731300354,0.7739726328511631,0.22602736714883684
NASA,test_B0005,B0005,116.0,0.7087145447731018,0.7735562113410828,0.2264437886589173
NASA,test_B0005,B0005,117.0,0.7062045931816101,0.7730073718820338,0.2269926281179662
NASA,test_B0005,B0005,118.0,0.7062894105911255,0.7715700280322805,0.22842997196771958
NASA,test_B0005,B0005,119.0,0.7037991881370544,0.7708911438104143,0.2291088561895856
NASA,test_B0005,B0005,120.0,0.71669602394104,0.7768619620572799,0.2231380379427201
NASA,test_B0005,B0005,121.0,0.7191275358200073,0.7806159473941784,0.21938405260582167
NASA,test_B0005,B0005,122.0,0.708677351474762,0.7825423024712069,0.2174576975287931
NASA,test_B0005,B0005,123.0,0.7034908533096313,0.7824088745938307,0.21759112540616932
NASA,test_B0005,B0005,124.0,0.7006018757820129,0.7823372218318304,0.2176627781681697
NASA,test_B0005,B0005,125.0,0.6983504295349121,0.7829012966856576,0.21709870331434236
NASA,test_B0005,B0005,126.0,0.6956424117088318,0.7833829974267588,0.21661700257324124
NASA,test_B0005,B0005,127.0,0.6931143999099731,0.7830843543006654,0.2169156456993346
NASA,test_B0005,B0005,128.0,0.6902183294296265,0.7821948394061561,0.21780516059384394
NASA,test_B0005,B0005,129.0,0.6876181960105896,0.7817296802354401,0.21827031976455996
NASA,test_B0005,B0005,130.0,0.6852564215660095,0.7810826433214212,0.21891735667857887
NASA,test_B0005,B0005,131.0,0.6852542757987976,0.7806761282097784,0.21932387179022167
NASA,test_B0005,B0005,132.0,0.682367742061615,0.779804301055814,0.22019569894418595
NASA,test_B0005,B0005,133.0,0.6876959800720215,0.7798969679113538,0.2201030320886463
NASA,test_B0005,B0005,134.0,0.6930557489395142,0.7811908952924592,0.21880910470754078
NASA,test_B0005,B0005,135.0,0.6849250197410583,0.7782322408838579,0.22176775911614202
NASA,test_B0005,B0005,136.0,0.6823914051055908,0.7790572785020358,0.2209427214979642
NASA,test_B0005,B0005,137.0,0.6771610379219055,0.7812671447640274,0.21873285523597272
NASA,test_B0005,B0005,138.0,0.6773208379745483,0.7826448796572809,0.21735512034271903
NASA,test_B0005,B0005,139.0,0.6773519515991211,0.7835899377897437,0.21641006221025624
NASA,test_B0005,B0005,140.0,0.6746575236320496,0.7840384788733067,0.2159615211266933
NASA,test_B0005,B0005,141.0,0.6720945835113525,0.7843410009402958,0.21565899905970418
NASA,test_B0005,B0005,142.0,0.669495701789856,0.7843671157760411,0.21563288422395877
NASA,test_B0005,B0005,143.0,0.6694572567939758,0.7846151143045809,0.21538488569541905
NASA,test_B0005,B0005,144.0,0.667003333568573,0.7844101868654497,0.21558981313455033
NASA,test_B0005,B0005,145.0,0.6643221974372864,0.7838738102451475,0.21612618975485262
NASA,test_B0005,B0005,146.0,0.6615854501724243,0.7827898420086155,0.21721015799138454
NASA,test_B0005,B0005,147.0,0.6590845584869385,0.7821166365356775,0.2178833634643224
NASA,test_B0005,B0005,148.0,0.6592332124710083,0.7804011324316555,0.21959886756834449
NASA,test_B0005,B0005,149.0,0.6591465473175049,0.7796556203460412,0.22034437965395887
NASA,test_B0005,B0005,150.0,0.6619362235069275,0.7823142583030316,0.21768574169696833
NASA,test_B0005,B0005,151.0,0.680060863494873,0.7885649242191974,0.21143507578080248
NASA,test_B0005,B0005,152.0,0.6697653532028198,0.790679787591284,0.209320212408716
NASA,test_B0005,B0005,153.0,0.6645143032073975,0.7911366342509005,0.20886336574909942
NASA,test_B0005,B0005,154.0,0.6618370413780212,0.7915752095984483,0.20842479040155165
NASA,test_B0005,B0005,155.0,0.6593169569969177,0.792262087217465,0.20773791278253487
NASA,test_B0005,B0005,156.0,0.6567375659942627,0.7925603437684265,0.20743965623157345
NASA,test_B0005,B0005,157.0,0.6566010117530823,0.7928844383364826,0.2071155616635174
NASA,test_B0005,B0005,158.0,0.6538980007171631,0.7924198769879577,0.20758012301204246
NASA,test_B0005,B0005,159.0,0.6515164375305176,0.7921862389271309,0.2078137610728692
NASA,test_B0005,B0005,160.0,0.6516786813735962,0.7920541515712163,0.20794584842878375
NASA,test_B0005,B0005,161.0,0.6517050266265869,0.7917996631489316,0.2082003368510683
NASA,test_B0005,B0005,162.0,0.6489435434341431,0.7909241929188124,0.20907580708118761
NASA,test_B0005,B0005,163.0,0.6490367650985718,0.7897554293899828,0.2102445706100172
NASA,test_B0005,B0005,164.0,0.6467317938804626,0.7884173244313211,0.2115826755686789
NASA,test_B0005,B0005,165.0,0.6440017223358154,0.7865627730061823,0.2134372269938176
NASA,test_B0005,B0005,166.0,0.6437262892723083,0.7819184723305285,0.21808152766947153
NASA,test_B0005,B0005,167.0,0.6545076966285706,0.7872723296633098,0.21272767033669016
NASA,test_B0006,B0006,16.0,0.9445995092391968,0.7396842773651874,0.2603157226348127
NASA,test_B0006,B0006,17.0,0.939139187335968,0.7387295897638017,0.2612704102361984
NASA,test_B0006,B0006,18.0,0.9337848424911499,0.7378956586727861,0.262104341327214
NASA,test_B0006,B0006,19.0,0.9337946176528931,0.7372384497190715,0.2627615502809286
NASA,test_B0006,B0006,20.0,0.9898132681846619,0.7662362868943153,0.23376371310568467
NASA,test_B0006,B0006,21.0,0.9787749648094177,0.7686628828616123,0.23133711713838756
NASA,test_B0006,B0006,22.0,0.9729074835777283,0.7742446450237943,0.22575535497620572
NASA,test_B0006,B0006,23.0,0.9621230363845825,0.7823170798168604,0.21768292018313962
NASA,test_B0006,B0006,24.0,0.9729905724525452,0.7888657056628001,0.21113429433719993
NASA,test_B0006,B0006,25.0,0.9507039785385132,0.788346949468734,0.211653050531266
NASA,test_B0006,B0006,26.0,0.9393371343612671,0.7877042845429333,0.2122957154570667
NASA,test_B0006,B0006,27.0,0.9341530799865723,0.7871454856966994,0.21285451430330068
NASA,test_B0006,B0006,28.0,0.9280121922492981,0.7855828371812041,0.21441716281879594
NASA,test_B0006,B0006,29.0,0.9225999116897583,0.7832729726735773,0.21672702732642266
NASA,test_B0006,B0006,30.0,0.9286144375801086,0.7836122704713522,0.21638772952864774
NASA,test_B0006,B0006,31.0,0.9623880386352539,0.7941647747823439,0.20583522521765618
NASA,test_B0006,B0006,32.0,0.9411158561706543,0.7903645620719018,0.20963543792809833
NASA,test_B0006,B0006,33.0,0.9276383519172668,0.7851038129621788,0.2148961870378211
NASA,test_B0006,B0006,34.0,0.919625461101532,0.7778037481392098,0.22219625186079006
NASA,test_B0006,B0006,35.0,0.9092698097229004,0.7503882887313573,0.24961171126864268
NASA,test_B0006,B0006,36.0,0.9067385196685791,0.7540126627249082,0.24598733727509173
NASA,test_B0006,B0006,37.0,0.8985509276390076,0.7539832336451828,0.2460167663548171
NASA,test_B0006,B0006,38.0,0.8905023336410522,0.7545398995473521,0.2454601004526479
NASA,test_B0006,B0006,39.0,0.8855065107345581,0.7491156566630559,0.250884343336944
NASA,test_B0006,B0006,40.0,0.8802356123924255,0.7540306710381637,0.2459693289618364
NASA,test_B0006,B0006,41.0,0.875145673751831,0.7542715452989864,0.2457284547010135
NASA,test_B0006,B0006,42.0,0.8697462677955627,0.7519004426866431,0.24809955731335692
NASA,test_B0006,B0006,43.0,0.8773383498191833,0.7541134146338521,0.24588658536614794
NASA,test_B0006,B0006,44.0,0.8829695582389832,0.7564867260406389,0.2435132739593612
NASA,test_B0006,B0006,45.0,0.8668943643569946,0.7495835491344381,0.25041645086556186
NASA,test_B0006,B0006,46.0,0.856662929058075,0.7331607171785322,0.26683928282146785
NASA,test_B0006,B0006,47.0,0.8512039184570312,0.7408769825091248,0.25912301749087513
NASA,test_B0006,B0006,48.0,0.9118597507476807,0.7753992347032348,0.22460076529676523
NASA,test_B0006,B0006,49.0,0.9040641784667969,0.7836816757846502,0.21631832421534983
NASA,test_B0006,B0006,50.0,0.8878805637359619,0.7881877472796516,0.21181225272034843
NASA,test_B0006,B0006,51.0,0.8723704814910889,0.7882415440621576,0.2117584559378425
NASA,test_B0006,B0006,52.0,0.8646035194396973,0.7899313565241158,0.21006864347588416
NASA,test_B0006,B0006,53.0,0.85405433177948,0.7893658485292548,0.2106341514707453
NASA,test_B0006,B0006,54.0,0.8487977385520935,0.7879647992462778,0.21203520075372223
NASA,test_B0006,B0006,55.0,0.8410317301750183,0.7851954083530007,0.2148045916469993
NASA,test_B0006,B0006,56.0,0.8357384204864502,0.7820954765155516,0.21790452348444844
NASA,test_B0006,B0006,57.0,0.8303795456886292,0.7783426193335228,0.22165738066647725
NASA,test_B0006,B0006,58.0,0.8255605101585388,0.7708815242092042,0.22911847579079586
NASA,test_B0006,B0006,59.0,0.8200674653053284,0.7648508463163436,0.23514915368365646
NASA,test_B0006,B0006,60.0,0.8145999908447266,0.7649269105978843,0.23507308940211574
NASA,test_B0006,B0006,61.0,0.8044248223304749,0.7602835212035496,0.2397164787964505
NASA,test_B0006,B0006,62.0,0.8017622232437134,0.7550624061004271,0.244937593899573
NASA,test_B0006,B0006,63.0,0.7994856238365173,0.7224454352894403,0.2775545647105597
NASA,test_B0006,B0006,64.0,0.7938136458396912,0.7272425711588689,0.2727574288411311
NASA,test_B0006,B0006,65.0,0.7914859652519226,0.734989576184454,0.26501042381554596
NASA,test_B0006,B0006,66.0,0.783568799495697,0.7393606081553771,0.260639391844623
NASA,test_B0006,B0006,67.0,0.7806723117828369,0.7425983797958776,0.2574016202041224
NASA,test_B0006,B0006,68.0,0.7755855917930603,0.7454790296861673,0.25452097031383275
NASA,test_B0006,B0006,69.0,0.7703371047973633,0.7465291912191712,0.25347080878082884
NASA,test_B0006,B0006,70.0,0.7626569271087646,0.7473494209190715,0.2526505790809286
NASA,test_B0006,B0006,71.0,0.7650785446166992,0.7508448591556454,0.24915514084435456
NASA,test_B0006,B0006,72.0,0.7623283267021179,0.7529733814862023,0.2470266185137977
NASA,test_B0006,B0006,73.0,0.7572746276855469,0.7542958836820691,0.24570411631793082
NASA,test_B0006,B0006,74.0,0.7546957731246948,0.756512717911655,0.2434872820883449
NASA,test_B0006,B0006,75.0,0.7519987225532532,0.7587434961805132,0.24125650381948682
NASA,test_B0006,B0006,76.0,0.7467600703239441,0.7609167366523052,0.2390832633476949
NASA,test_B0006,B0006,77.0,0.7438161373138428,0.7613209304882204,0.23867906951177967
NASA,test_B0006,B0006,78.0,0.7651438117027283,0.7728568738144382,0.22714312618556176
NASA,test_B0006,B0006,79.0,0.7520380020141602,0.7744358167939913,0.2255641832060087
NASA,test_B0006,B0006,80.0,0.7443796992301941,0.7749679906502422,0.22503200934975784
NASA,test_B0006,B0006,81.0,0.7391389608383179,0.7769089113133968,0.22309108868660313
NASA,test_B0006,B0006,82.0,0.7392299771308899,0.7785189741634004,0.2214810258365995
NASA,test_B0006,B0006,83.0,0.7366074323654175,0.780068921736272,0.219931078263728
NASA,test_B0006,B0006,84.0,0.733758270740509,0.7812442311659209,0.21875576883407905
NASA,test_B0006,B0006,85.0,0.7258146405220032,0.780994750475673,0.21900524952432696
NASA,test_B0006,B0006,86.0,0.7259618639945984,0.779554638980886,0.220445361019114
NASA,test_B0006,B0006,87.0,0.7235742211341858,0.7795459578933847,0.22045404210661534
NASA,test_B0006,B0006,88.0,0.723426878452301,0.7807419770433042,0.21925802295669597
NASA,test_B0006,B0006,89.0,0.7208371162414551,0.7805402203083789,0.21945977969162103
NASA,test_B0006,B0006,90.0,0.7967933416366577,0.8121800374591692,0.18781996254083075
NASA,test_B0006,B0006,91.0,0.7731951475143433,0.8148990079360946,0.1851009920639054
NASA,test_B0006,B0006,92.0,0.7573527693748474,0.815268556140742,0.18473144385925808
NASA,test_B0006,B0006,93.0,0.7494893074035645,0.8100628629017659,0.18993713709823412
NASA,test_B0006,B0006,94.0,0.7415555119514465,0.8137485356727082,0.18625146432729175
NASA,test_B0006,B0006,95.0,0.7364832162857056,0.8149270427857596,0.18507295721424058
NASA,test_B0006,B0006,96.0,0.7313802242279053,0.8143133251837148,0.18568667481628517
NASA,test_B0006,B0006,97.0,0.7259182333946228,0.8114969447934036,0.18850305520659644
NASA,test_B0006,B0006,98.0,0.7234335541725159,0.8095879729229911,0.19041202707700897
NASA,test_B0006,B0006,99.0,0.7206901907920837,0.807243340112268,0.192756659887732
NASA,test_B0006,B0006,100.0,0.7156053781509399,0.8047601793267288,0.1952398206732712
NASA,test_B0006,B0006,101.0,0.7130123376846313,0.7999255082131933,0.20007449178680675
NASA,test_B0006,B0006,102.0,0.710243821144104,0.7953990851844828,0.2046009148155172
NASA,test_B0006,B0006,103.0,0.7103503346443176,0.7907535367905874,0.20924646320941265
NASA,test_B0006,B0006,104.0,0.7261279225349426,0.7917525323772836,0.20824746762271631
NASA,test_B0006,B0006,105.0,0.7157788276672363,0.7586377901459724,0.24136220985402757
NASA,test_B0006,B0006,106.0,0.707507848739624,0.767632263008436,0.23236773699156396
NASA,test_B0006,B0006,107.0,0.704865574836731,0.7738966957291055,0.22610330427089448
NASA,test_B0006,B0006,108.0,0.7024586796760559,0.7772601383877117,0.2227398616122884
NASA,test_B0006,B0006,109.0,0.6975821256637573,0.7793058132501902,0.2206941867498098
NASA,test_B0006,B0006,110.0,0.6972671747207642,0.7812989119048955,0.21870108809510438
NASA,test_B0006,B0006,111.0,0.6946585774421692,0.7825238783971685,0.21747612160283142
NASA,test_B0006,B0006,112.0,0.6919189691543579,0.7834062516097956,0.21659374839020443
NASA,test_B0006,B0006,113.0,0.6868407130241394,0.7825091000566068,0.21749089994339313
NASA,test_B0006,B0006,114.0,0.6893029808998108,0.7837036636981821,0.2162963363018178
NASA,test_B0006,B0006,115.0,0.6868799924850464,0.7842780882874499,0.21572191171255017
NASA,test_B0006,B0006,116.0,0.684128999710083,0.7837691530994313,0.21623084690056865
NASA,test_B0006,B0006,117.0,0.6816511750221252,0.7831878273262562,0.21681217267374386
NASA,test_B0006,B0006,118.0,0.6790482997894287,0.7817316398718678,0.21826836012813217
NASA,test_B0006,B0006,119.0,0.6766345500946045,0.7751884065989156,0.22481159340108442
NASA,test_B0006,B0006,120.0,0.6920802593231201,0.7859665122549694,0.2140334877450306
NASA,test_B0006,B0006,121.0,0.7025734186172485,0.7943569372329501,0.20564306276704997
NASA,test_B0006,B0006,122.0,0.6893594861030579,0.7950021973171338,0.20499780268286608
NASA,test_B0006,B0006,123.0,0.6841328740119934,0.7957544957153316,0.20424550428466834
NASA,test_B0006,B0006,124.0,0.678657591342926,0.7962831499803543,0.2037168500196457
NASA,test_B0006,B0006,125.0,0.676246702671051,0.7957755855224895,0.20422441447751055
NASA,test_B0006,B0006,126.0,0.673704981803894,0.7957236641928384,0.2042763358071616
NASA,test_B0006,B0006,127.0,0.6685037612915039,0.7946676016670168,0.20533239833298325
NASA,test_B0006,B0006,128.0,0.6656176447868347,0.7941178763521284,0.2058821236478717
NASA,test_B0006,B0006,129.0,0.6629651784896851,0.7913721395855344,0.2086278604144655
NASA,test_B0006,B0006,130.0,0.6607893705368042,0.7902716367493112,0.20972836325068872
NASA,test_B0006,B0006,131.0,0.6606125235557556,0.7897016815658267,0.2102983184341732
NASA,test_B0006,B0006,132.0,0.6578242778778076,0.7883063367366069,0.21169366326339317
NASA,test_B0006,B0006,133.0,0.6604512929916382,0.788354963250334,0.2116450367496659
NASA,test_B0006,B0006,134.0,0.6737164258956909,0.7924196902894194,0.20758030971058075
NASA,test_B0006,B0006,135.0,0.6630064249038696,0.7856348175619252,0.2143651824380748
NASA,test_B0006,B0006,136.0,0.6550593376159668,0.7818658647692008,0.21813413523079905
NASA,test_B0006,B0006,137.0,0.6526080965995789,0.7862198014553747,0.2137801985446253
NASA,test_B0006,B0006,138.0,0.6502031087875366,0.7878368856772588,0.21216311432274115
NASA,test_B0006,B0006,139.0,0.6501178741455078,0.7898041968762559,0.2101958031237442
NASA,test_B0006,B0006,140.0,0.6447533369064331,0.7893743846529334,0.2106256153470666
NASA,test_B0006,B0006,141.0,0.6396265029907227,0.7885853619590529,0.21141463804094707
NASA,test_B0006,B0006,142.0,0.6396039128303528,0.7894573029400709,0.21054269705992912
NASA,test_B0006,B0006,143.0,0.6370183825492859,0.7888998609663618,0.21110013903363822
NASA,test_B0006,B0006,144.0,0.6370636820793152,0.7888886036135907,0.21111139638640933
NASA,test_B0006,B0006,145.0,0.6318819522857666,0.7873349967954983,0.2126650032045017
NASA,test_B0006,B0006,146.0,0.6290686726570129,0.7855556118849485,0.21444438811505157
NASA,test_B0006,B0006,147.0,0.6266299486160278,0.7846225147611339,0.21537748523886613
NASA,test_B0006,B0006,148.0,0.6266156435012817,0.7830218024145816,0.2169781975854183
NASA,test_B0006,B0006,149.0,0.6240437626838684,0.7777895246160379,0.2222104753839621
NASA,test_B0006,B0006,150.0,0.6267176866531372,0.7829872683898982,0.21701273161010187
NASA,test_B0006,B0006,151.0,0.6449024677276611,0.7938775623665962,0.20612243763340377
NASA,test_B0006,B0006,152.0,0.6317700743675232,0.7941786307711003,0.2058213692288998
NASA,test_B0006,B0006,153.0,0.6239880919456482,0.79407468986736,0.2059253101326401
NASA,test_B0006,B0006,154.0,0.6160601377487183,0.7925861258033061,0.2074138741966938
NASA,test_B0006,B0006,155.0,0.6135568618774414,0.7932706970216616,0.2067293029783383
NASA,test_B0006,B0006,156.0,0.6108698844909668,0.7933882578233322,0.2066117421766677
NASA,test_B0006,B0006,157.0,0.6055513620376587,0.791187575743413,0.208812424256587
NASA,test_B0006,B0006,158.0,0.6028079986572266,0.7901815984128993,0.20981840158710074
NASA,test_B0006,B0006,159.0,0.6004468202590942,0.7886024423996449,0.21139755760035508
NASA,test_B0006,B0006,160.0,0.5952951908111572,0.7876519870509531,0.212348012949047
NASA,test_B0006,B0006,161.0,0.5925896167755127,0.7862332069173413,0.21376679308265867
NASA,test_B0006,B0006,162.0,0.5898353457450867,0.7846274050323916,0.2153725949676085
NASA,test_B0006,B0006,163.0,0.5872976183891296,0.7824857848060923,0.21751421519390773
NASA,test_B0006,B0006,164.0,0.5769091844558716,0.7790301006920171,0.2209698993079829
NASA,test_B0006,B0006,165.0,0.5822004675865173,0.7783339778029184,0.2216660221970817
NASA,test_B0006,B0006,166.0,0.5793987512588501,0.7712597044723104,0.2287402955276896
NASA,test_B0006,B0006,167.0,0.5874874591827393,0.7801638755850612,0.21983612441493885
NASA,test_B0007,B0007,16.0,0.9293677806854248,0.8097100029626696,0.19028999703733035
NASA,test_B0007,B0007,17.0,0.9239086508750916,0.8101144678348836,0.18988553216511647
NASA,test_B0007,B0007,18.0,0.9242626428604126,0.8097328536025935,0.19026714639740652
NASA,test_B0007,B0007,19.0,0.9241894483566284,0.8098266543276581,0.19017334567234184
NASA,test_B0007,B0007,20.0,0.9403902888298035,0.7918537182998248,0.2081462817001753
NASA,test_B0007,B0007,21.0,0.9407360553741455,0.7922750295756045,0.2077249704243955
NASA,test_B0007,B0007,22.0,0.9405477046966553,0.7922583183374531,0.20774168166254692
NASA,test_B0007,B0007,23.0,0.9355044960975647,0.7981356943769613,0.20186430562303875
NASA,test_B0007,B0007,24.0,0.9350997805595398,0.7930700945282305,0.2069299054717695
NASA,test_B0007,B0007,25.0,0.9353357553482056,0.793066467507662,0.20693353249233806
NASA,test_B0007,B0007,26.0,0.9298062324523926,0.7985308916635966,0.2014691083364035
NASA,test_B0007,B0007,27.0,0.9300169348716736,0.7934065313726341,0.20659346862736597
NASA,test_B0007,B0007,28.0,0.9295826554298401,0.7935219733346677,0.20647802666533233
NASA,test_B0007,B0007,29.0,0.924069881439209,0.7988281316639728,0.20117186833602718
NASA,test_B0007,B0007,30.0,0.9246008396148682,0.7983741824775903,0.20162581752240977
NASA,test_B0007,B0007,31.0,0.9417338967323303,0.7795031629379087,0.22049683706209125
NASA,test_B0007,B0007,32.0,0.931410551071167,0.7846103832036839,0.21538961679631613
NASA,test_B0007,B0007,33.0,0.9260424971580505,0.7902937304529861,0.20970626954701388
NASA,test_B0007,B0007,34.0,0.9234752058982849,0.7926525772504966,0.2073474227495033
NASA,test_B0007,B0007,35.0,0.9184142351150513,0.8133988455582928,0.18660115444170722
NASA,test_B0007,B0007,36.0,0.9185810089111328,0.813519382122571,0.18648061787742892
NASA,test_B0007,B0007,37.0,0.9158361554145813,0.8158920127895053,0.1841079872104947
NASA,test_B0007,B0007,38.0,0.9105735421180725,0.8162322697483648,0.1837677302516351
NASA,test_B0007,B0007,39.0,0.9082530736923218,0.8179389936466772,0.18206100635332276
NASA,test_B0007,B0007,40.0,0.9056907892227173,0.8204306292461738,0.17956937075382626
NASA,test_B0007,B0007,41.0,0.905802845954895,0.8154127749713015,0.18458722502869845
NASA,test_B0007,B0007,42.0,0.9030274748802185,0.8180944948062893,0.18190550519371065
NASA,test_B0007,B0007,43.0,0.9066020846366882,0.8142771224495579,0.1857228775504422
NASA,test_B0007,B0007,44.0,0.9031320810317993,0.8125734808235353,0.18742651917646458
NASA,test_B0007,B0007,45.0,0.8979155421257019,0.8177960403983202,0.18220395960167968
NASA,test_B0007,B0007,46.0,0.8929426074028015,0.83802038183499,0.1619796181650101
NASA,test_B0007,B0007,47.0,0.8901634216308594,0.8323254752114005,0.1676745247885995
NASA,test_B0007,B0007,48.0,0.9075378179550171,0.8104394116877398,0.1895605883122602
NASA,test_B0007,B0007,49.0,0.9078512787818909,0.8079637785884215,0.1920362214115785
NASA,test_B0007,B0007,50.0,0.9001216292381287,0.8107311605245697,0.18926883947543038
NASA,test_B0007,B0007,51.0,0.8952237963676453,0.815500522608869,0.18449947739113104
NASA,test_B0007,B0007,52.0,0.8901715278625488,0.8177298936810273,0.18227010631897272
NASA,test_B0007,B0007,53.0,0.8876643776893616,0.815402116085161,0.1845978839148389
NASA,test_B0007,B0007,54.0,0.8851314783096313,0.815638669355702,0.18436133064429805
NASA,test_B0007,B0007,55.0,0.8800405263900757,0.8179602944098859,0.182039705590114
NASA,test_B0007,B0007,56.0,0.874823808670044,0.8226795050910891,0.17732049490891097
NASA,test_B0007,B0007,57.0,0.8748250603675842,0.8201544141892656,0.1798455858107344
NASA,test_B0007,B0007,58.0,0.8725143671035767,0.8253416155851917,0.17465838441480833
NASA,test_B0007,B0007,59.0,0.8698228597640991,0.8247221267257583,0.17527787327424174
NASA,test_B0007,B0007,60.0,0.8642821311950684,0.8251034987458283,0.17489650125417164
NASA,test_B0007,B0007,61.0,0.861950159072876,0.822810597497007,0.17718940250299303
NASA,test_B0007,B0007,62.0,0.8569894433021545,0.8246804496410299,0.17531955035897
NASA,test_B0007,B0007,63.0,0.8569850921630859,0.8405847250329105,0.15941527496708952
NASA,test_B0007,B0007,64.0,0.8518260717391968,0.8451667237864902,0.15483327621350976
NASA,test_B0007,B0007,65.0,0.8520068526268005,0.8390091891383006,0.16099081086169945
NASA,test_B0007,B0007,66.0,0.8467857837677002,0.8394580893139755,0.1605419106860245
NASA,test_B0007,B0007,67.0,0.8438288569450378,0.8379084000379415,0.16209159996205852
NASA,test_B0007,B0007,68.0,0.8415372371673584,0.8378091711800989,0.1621908288199012
NASA,test_B0007,B0007,69.0,0.838963508605957,0.8379388649517977,0.1620611350482024
NASA,test_B0007,B0007,70.0,0.8366029858589172,0.8358542065239156,0.16414579347608443
NASA,test_B0007,B0007,71.0,0.8337183594703674,0.8340931423665819,0.16590685763341814
NASA,test_B0007,B0007,72.0,0.8311331272125244,0.8363572501536395,0.1636427498463605
NASA,test_B0007,B0007,73.0,0.8287121653556824,0.8365419160405219,0.16345808395947808
NASA,test_B0007,B0007,74.0,0.8262693285942078,0.8364415704020085,0.16355842959799147
NASA,test_B0007,B0007,75.0,0.8236087560653687,0.8342764100349446,0.16572358996505535
NASA,test_B0007,B0007,76.0,0.8182068467140198,0.836884526723838,0.16311547327616197
NASA,test_B0007,B0007,77.0,0.8181276917457581,0.8328645267623721,0.1671354732376279
NASA,test_B0007,B0007,78.0,0.820559561252594,0.8306160640557454,0.16938393594425472
NASA,test_B0007,B0007,79.0,0.8157850503921509,0.8305119891509755,0.16948801084902465
NASA,test_B0007,B0007,80.0,0.8106066584587097,0.835125653392729,0.16487434660727088
NASA,test_B0007,B0007,81.0,0.8082136511802673,0.8329450027802461,0.1670549972197539
NASA,test_B0007,B0007,82.0,0.80791175365448,0.8307128645375497,0.16928713546245044
NASA,test_B0007,B0007,83.0,0.8083620667457581,0.8283538358367252,0.1716461641632749
NASA,test_B0007,B0007,84.0,0.8054327964782715,0.8287790933929238,0.17122090660707626
NASA,test_B0007,B0007,85.0,0.8003301620483398,0.8311980050519245,0.16880199494807546
NASA,test_B0007,B0007,86.0,0.7979587316513062,0.8308490813733153,0.16915091862668485
NASA,test_B0007,B0007,87.0,0.7981089949607849,0.8285106373809061,0.1714893626190939
NASA,test_B0007,B0007,88.0,0.7979032397270203,0.8266372561814348,0.1733627438185653
NASA,test_B0007,B0007,89.0,0.7953253984451294,0.8268649476378626,0.17313505236213741
NASA,test_B0007,B0007,90.0,0.8444105386734009,0.7700902165425701,0.22990978345742985
NASA,test_B0007,B0007,91.0,0.8129969239234924,0.7964909738460155,0.20350902615398436
NASA,test_B0007,B0007,92.0,0.8078716993331909,0.8015672827935225,0.19843271720647748
NASA,test_B0007,B0007,93.0,0.8028313517570496,0.808768093368678,0.19123190663132197
NASA,test_B0007,B0007,94.0,0.7974873185157776,0.809518879641184,0.19048112035881612
NASA,test_B0007,B0007,95.0,0.7952051162719727,0.806932755100457,0.193067244899543
NASA,test_B0007,B0007,96.0,0.7926758527755737,0.8070817880795169,0.19291821192048308
NASA,test_B0007,B0007,97.0,0.7899868488311768,0.8092821379951805,0.1907178620048194
NASA,test_B0007,B0007,98.0,0.7876092791557312,0.811853054510003,0.188146945489997
NASA,test_B0007,B0007,99.0,0.7848992347717285,0.8116559351738157,0.18834406482618415
NASA,test_B0007,B0007,100.0,0.7851282954216003,0.8066582470140903,0.19334175298590967
NASA,test_B0007,B0007,101.0,0.7826249599456787,0.8067208364411269,0.1932791635588731
NASA,test_B0007,B0007,102.0,0.7798169851303101,0.8093726308010893,0.19062736919891063
NASA,test_B0007,B0007,103.0,0.7824910283088684,0.8064529798808227,0.1935470201191773
NASA,test_B0007,B0007,104.0,0.7874897718429565,0.7990030300706961,0.20099696992930388
NASA,test_B0007,B0007,105.0,0.7826405763626099,0.8491914491045376,0.15080855089546244
NASA,test_B0007,B0007,106.0,0.7798777222633362,0.8290209846816206,0.17097901531837945
NASA,test_B0007,B0007,107.0,0.7749488353729248,0.8291155249704105,0.1708844750295895
NASA,test_B0007,B0007,108.0,0.7719385623931885,0.8275965432631234,0.1724034567368766
NASA,test_B0007,B0007,109.0,0.7725093960762024,0.8225759505875206,0.17742404941247927
NASA,test_B0007,B0007,110.0,0.7722970247268677,0.8207916743402798,0.17920832565972028
NASA,test_B0007,B0007,111.0,0.767154335975647,0.8231673217187465,0.17683267828125335
NASA,test_B0007,B0007,112.0,0.7643802165985107,0.8233073498684806,0.1766926501315193
NASA,test_B0007,B0007,113.0,0.7644630074501038,0.821121136803173,0.17887886319682705
NASA,test_B0007,B0007,114.0,0.7645457983016968,0.8186382678722606,0.1813617321277394
NASA,test_B0007,B0007,115.0,0.7619529366493225,0.821181435514101,0.17881856448589892
NASA,test_B0007,B0007,116.0,0.7593337893486023,0.8213413034616668,0.1786586965383332
NASA,test_B0007,B0007,117.0,0.7568241357803345,0.8211232217493168,0.17887677825068313
NASA,test_B0007,B0007,118.0,0.756802499294281,0.8235176494545031,0.17648235054549677
NASA,test_B0007,B0007,119.0,0.7569735050201416,0.8279723015365138,0.1720276984634863
NASA,test_B0007,B0007,120.0,0.7669799327850342,0.8140040991099197,0.18599590089008028
NASA,test_B0007,B0007,121.0,0.7695686221122742,0.809178886903001,0.19082111309699898
NASA,test_B0007,B0007,122.0,0.7618123888969421,0.8120130995645355,0.1879869004354645
NASA,test_B0007,B0007,123.0,0.7567906379699707,0.8139926476388344,0.18600735236116567
NASA,test_B0007,B0007,124.0,0.7538925409317017,0.8171924875894171,0.18280751241058302
NASA,test_B0007,B0007,125.0,0.751598060131073,0.8191153979003991,0.18088460209960078
NASA,test_B0007,B0007,126.0,0.7489110231399536,0.8170898973687529,0.18291010263124702
NASA,test_B0007,B0007,127.0,0.7464242577552795,0.8168738076407824,0.1831261923592175
NASA,test_B0007,B0007,128.0,0.7462071776390076,0.8170878546775168,0.18291214532248318
NASA,test_B0007,B0007,129.0,0.7437413930892944,0.8193761808558934,0.18062381914410658
NASA,test_B0007,B0007,130.0,0.7412675619125366,0.8193053854982929,0.18069461450170712
NASA,test_B0007,B0007,131.0,0.7413937449455261,0.8168097441740005,0.1831902558259995
NASA,test_B0007,B0007,132.0,0.73848557472229,0.8171825418753709,0.1828174581246291
NASA,test_B0007,B0007,133.0,0.7409507632255554,0.8147472415821124,0.1852527584178875
NASA,test_B0007,B0007,134.0,0.7490683197975159,0.8068731977543712,0.19312680224562886
NASA,test_B0007,B0007,135.0,0.7410387396812439,0.8236300732912574,0.17636992670874252
NASA,test_B0007,B0007,136.0,0.738557755947113,0.8282121587554049,0.17178784124459523
NASA,test_B0007,B0007,137.0,0.7360386252403259,0.8240900567700218,0.1759099432299782
NASA,test_B0007,B0007,138.0,0.7361239790916443,0.8197528391039447,0.18024716089605522
NASA,test_B0007,B0007,139.0,0.7335053086280823,0.8196331727398354,0.18036682726016467
NASA,test_B0007,B0007,140.0,0.7308835983276367,0.8200133598925033,0.17998664010749665
NASA,test_B0007,B0007,141.0,0.728347659111023,0.8199562130495195,0.1800437869504805
NASA,test_B0007,B0007,142.0,0.725677490234375,0.8201694606042724,0.1798305393957276
NASA,test_B0007,B0007,143.0,0.7258079648017883,0.8198124486735253,0.18018755132647477
NASA,test_B0007,B0007,144.0,0.723408043384552,0.8198044516219911,0.18019554837800886
NASA,test_B0007,B0007,145.0,0.7233785390853882,0.817606549832297,0.18239345016770303
NASA,test_B0007,B0007,146.0,0.7206898927688599,0.8201286273575976,0.17987137264240238
NASA,test_B0007,B0007,147.0,0.7181228399276733,0.819868349491472,0.18013165050852797
NASA,test_B0007,B0007,148.0,0.7184076905250549,0.8217701410373058,0.17822985896269414
NASA,test_B0007,B0007,149.0,0.7181472778320312,0.8295643108609267,0.17043568913907328
NASA,test_B0007,B0007,150.0,0.7209287881851196,0.8204827019846802,0.1795172980153197
NASA,test_B0007,B0007,151.0,0.7336031794548035,0.8053016130647946,0.1946983869352054
NASA,test_B0007,B0007,152.0,0.7259320020675659,0.8102666973467822,0.18973330265321778
NASA,test_B0007,B0007,153.0,0.7235689759254456,0.8126593759232484,0.18734062407675162
NASA,test_B0007,B0007,154.0,0.7208952903747559,0.8128813665245083,0.18711863347549185
NASA,test_B0007,B0007,155.0,0.7158154845237732,0.8152434650351825,0.18475653496481742
NASA,test_B0007,B0007,156.0,0.7159042358398438,0.8128884646469874,0.18711153535301261
NASA,test_B0007,B0007,157.0,0.7131281495094299,0.8130621469144719,0.18693785308552818
NASA,test_B0007,B0007,158.0,0.7130438685417175,0.813222968219527,0.1867770317804731
NASA,test_B0007,B0007,159.0,0.7106316685676575,0.8132833179715699,0.18671668202843
NASA,test_B0007,B0007,160.0,0.7081636190414429,0.8154921416653018,0.1845078583346981
NASA,test_B0007,B0007,161.0,0.7082890868186951,0.8129078169351635,0.1870921830648366
NASA,test_B0007,B0007,162.0,0.7054200768470764,0.813196292729556,0.18680370727044407
NASA,test_B0007,B0007,163.0,0.7054975032806396,0.8132840744296634,0.18671592557033662
NASA,test_B0007,B0007,164.0,0.703085720539093,0.8152043772767785,0.18479562272322145
NASA,test_B0007,B0007,165.0,0.7031679153442383,0.8175809962658742,0.18241900373412576
NASA,test_B0007,B0007,166.0,0.7002276182174683,0.8321487857598098,0.16785121424019017
NASA,test_B0007,B0007,167.0,0.7108932733535767,0.8154056100660408,0.1845943899339592
NASA,test_B0018,B0018,16.0,0.8856045007705688,0.8265752575325505,0.17342474246744957
NASA,test_B0018,B0018,17.0,0.8843151926994324,0.8221503328178283,0.17784966718217166
NASA,test_B0018,B0018,18.0,0.8768152594566345,0.8280688957764699,0.17193110422353006
NASA,test_B0018,B0018,19.0,0.8731098771095276,0.8275992023676438,0.17240079763235608
NASA,test_B0018,B0018,20.0,0.8688323497772217,0.8330030052163098,0.16699699478369026
NASA,test_B0018,B0018,21.0,0.8657583594322205,0.834142495804549,0.16585750419545095
NASA,test_B0018,B0018,22.0,0.8542975187301636,0.8417297243417874,0.15827027565821264
NASA,test_B0018,B0018,23.0,0.8557350039482117,0.837620497940904,0.1623795020590961
NASA,test_B0018,B0018,24.0,0.8537510633468628,0.8345844125841335,0.16541558741586654
NASA,test_B0018,B0018,25.0,0.8746191263198853,0.8213938612751789,0.1786061387248211
NASA,test_B0018,B0018,26.0,0.8663848638534546,0.8242202341489525,0.1757797658510476
NASA,test_B0018,B0018,27.0,0.8611156940460205,0.825808505628033,0.17419149437196715
NASA,test_B0018,B0018,28.0,0.8559231758117676,0.8242583452957697,0.17574165470423034
NASA,test_B0018,B0018,29.0,0.8496339321136475,0.8270169775885342,0.17298302241146568
NASA,test_B0018,B0018,30.0,0.847018301486969,0.8284077214782691,0.1715922785217308
NASA,test_B0018,B0018,31.0,0.8409513831138611,0.8298048564066721,0.170195143593328
NASA,test_B0018,B0018,32.0,0.8384885191917419,0.8310334027898669,0.1689665972101331
NASA,test_B0018,B0018,33.0,0.8327614665031433,0.8296335025391262,0.17036649746087387
NASA,test_B0018,B0018,34.0,0.8285962343215942,0.8303221005336359,0.1696778994663641
NASA,test_B0018,B0018,35.0,0.824112057685852,0.8308058125156548,0.16919418748434525
NASA,test_B0018,B0018,36.0,0.8193850517272949,0.8326927961968501,0.16730720380315
NASA,test_B0018,B0018,37.0,0.8138243556022644,0.8275969526584496,0.17240304734155046
NASA,test_B0018,B0018,38.0,0.8110768795013428,0.8319888845771302,0.1680111154228699
NASA,test_B0018,B0018,39.0,0.8070033192634583,0.834329655497019,0.16567034450298107
NASA,test_B0018,B0018,40.0,0.8380258083343506,0.8219034740452688,0.17809652595473124
NASA,test_B0018,B0018,41.0,0.8246503472328186,0.827132984616055,0.17286701538394503
NASA,test_B0018,B0018,42.0,0.8161914944648743,0.8303687481383655,0.1696312518616346
NASA,test_B0018,B0018,43.0,0.8082079887390137,0.8332415990401695,0.1667584009598306
NASA,test_B0018,B0018,44.0,0.8054513931274414,0.8299510662980637,0.17004893370193627
NASA,test_B0018,B0018,45.0,0.7977319359779358,0.8350786163246517,0.16492138367534825
NASA,test_B0018,B0018,46.0,0.8633537292480469,0.7466416923043391,0.253358307695661
NASA,test_B0018,B0018,47.0,0.8582836985588074,0.7494986477378446,0.2505013522621554
NASA,test_B0018,B0018,48.0,0.8479117751121521,0.7553611406540991,0.24463885934590088
NASA,test_B0018,B0018,49.0,0.8388891816139221,0.7615436170796569,0.2384563829203431
NASA,test_B0018,B0018,50.0,0.8303293585777283,0.7668412960498339,0.23315870395016614
NASA,test_B0018,B0018,51.0,0.8332054615020752,0.7572861039574162,0.24271389604258373
NASA,test_B0018,B0018,52.0,0.8234168291091919,0.763139972357489,0.2368600276425111
NASA,test_B0018,B0018,53.0,0.8128820061683655,0.7733744966595064,0.22662550334049358
NASA,test_B0018,B0018,54.0,0.8060788512229919,0.7774104354846749,0.22258956451532505
NASA,test_B0018,B0018,55.0,0.8028683662414551,0.8163329666842212,0.18366703331577874
NASA,test_B0018,B0018,56.0,0.8368226289749146,0.7601254281690094,0.2398745718309906
NASA,test_B0018,B0018,57.0,0.8202174305915833,0.7708711627173653,0.22912883728263467
NASA,test_B0018,B0018,58.0,0.8066326379776001,0.778507637221876,0.22149236277812392
NASA,test_B0018,B0018,59.0,0.7960482239723206,0.7885597431274106,0.21144025687258933
NASA,test_B0018,B0018,60.0,0.7933005690574646,0.7837132602468414,0.21628673975315862
NASA,test_B0018,B0018,61.0,0.7900383472442627,0.856630055064441,0.14336994493555894
NASA,test_B0018,B0018,62.0,0.7820866703987122,0.8592532142792545,0.1407467857207455
NASA,test_B0018,B0018,63.0,0.7778091430664062,0.8543344452227142,0.14566555477728577
NASA,test_B0018,B0018,64.0,0.7701022624969482,0.8535603321200735,0.1464396678799264
NASA,test_B0018,B0018,65.0,0.7660806775093079,0.8499171324327877,0.15008286756721226
NASA,test_B0018,B0018,66.0,0.7658116221427917,0.852713148294942,0.1472868517050581
NASA,test_B0018,B0018,67.0,0.7611297965049744,0.8485379100359026,0.15146208996409735
NASA,test_B0018,B0018,68.0,0.7532633543014526,0.8466411862425197,0.15335881375748037
NASA,test_B0018,B0018,69.0,0.7507109642028809,0.8431136555893308,0.15688634441066923
NASA,test_B0018,B0018,70.0,0.7481766939163208,0.8427588978992612,0.15724110210073894
NASA,test_B0018,B0018,71.0,0.7667130827903748,0.8565298843726104,0.1434701156273896
NASA,test_B0018,B0018,72.0,0.7619226574897766,0.8464704511943166,0.15352954880568334
NASA,test_B0018,B0018,73.0,0.7505960464477539,0.8447866191392611,0.15521338086073888
NASA,test_B0018,B0018,74.0,0.7462088465690613,0.8393537988898809,0.16064620111011915
NASA,test_B0018,B0018,75.0,0.7416619062423706,0.8411161952831581,0.15888380471684194
NASA,test_B0018,B0018,76.0,0.7403688430786133,0.8392809685278312,0.16071903147216873
NASA,test_B0018,B0018,77.0,0.7367538809776306,0.8354010209748984,0.16459897902510146
NASA,test_B0018,B0018,78.0,0.7340096235275269,0.8340488688233054,0.16595113117669463
NASA,test_B0018,B0018,79.0,0.7290461659431458,0.8317187119282261,0.16828128807177384
NASA,test_B0018,B0018,80.0,0.7239330410957336,0.8330309094523475,0.16696909054765247
NASA,test_B0018,B0018,81.0,0.7263904213905334,0.8303113679141224,0.1696886320858775
NASA,test_B0018,B0018,82.0,0.721267819404602,0.8309804971470853,0.16901950285291467
NASA,test_B0018,B0018,83.0,0.7196356654167175,0.825149583458247,0.17485041654175315
NASA,test_B0018,B0018,84.0,0.7143237590789795,0.8281717033992158,0.1718282966007843
NASA,test_B0018,B0018,85.0,0.7124513387680054,0.8277363486533323,0.17226365134666777
NASA,test_B0018,B0018,86.0,0.7349057793617249,0.8223406640343404,0.17765933596565966
NASA,test_B0018,B0018,87.0,0.7262910008430481,0.8261367206865776,0.17386327931342238
NASA,test_B0018,B0018,88.0,0.7214171290397644,0.8199307451617052,0.18006925483829486
NASA,test_B0018,B0018,89.0,0.7141880393028259,0.8229650219177771,0.17703497808222288
NASA,test_B0018,B0018,90.0,0.7077273726463318,0.8251054451987085,0.17489455480129149
NASA,test_B0018,B0018,91.0,0.7272883057594299,0.8016918801122461,0.1983081198877539
NASA,test_B0018,B0018,92.0,0.7141589522361755,0.8120576872417347,0.1879423127582652
NASA,test_B0018,B0018,93.0,0.7098513245582581,0.8138328496623063,0.18616715033769368
NASA,test_B0018,B0018,94.0,0.7077803611755371,0.8109547747116556,0.18904522528834447
NASA,test_B0018,B0018,95.0,0.7028400301933289,0.811083428569441,0.18891657143055895
NASA,test_B0018,B0018,96.0,0.7042230367660522,0.8122082268217267,0.1877917731782732
NASA,test_B0018,B0018,97.0,0.6984273791313171,0.8132523245016053,0.18674767549839466
NASA,test_B0018,B0018,98.0,0.6967835426330566,0.8134599597429224,0.18654004025707754
NASA,test_B0018,B0018,99.0,0.694682240486145,0.8103951564040169,0.18960484359598306
NASA,test_B0018,B0018,100.0,0.6892825961112976,0.8144830230772611,0.18551697692273894
NASA,test_B0018,B0018,101.0,0.6924505829811096,0.834366728964185,0.165633271035815
NASA,test_B0018,B0018,102.0,0.6851626038551331,0.8334167785813847,0.16658322141861534
NASA,test_B0018,B0018,103.0,0.6866732239723206,0.8271979930907853,0.17280200690921463
NASA,test_B0018,B0018,104.0,0.6839743852615356,0.822939166431998,0.17706083356800187
NASA,test_B0018,B0018,105.0,0.6783570647239685,0.8224644434673826,0.1775355565326174
NASA,test_B0018,B0018,106.0,0.7302154898643494,0.7811981779705031,0.21880182202949702
NASA,test_B0018,B0018,107.0,0.7250499725341797,0.7716314917584716,0.22836850824152838
NASA,test_B0018,B0018,108.0,0.719070315361023,0.7734905852449215,0.22650941475507846
NASA,test_B0018,B0018,109.0,0.7141841053962708,0.7767477935358035,0.22325220646419652
NASA,test_B0018,B0018,110.0,0.7073937058448792,0.7790749403541504,0.22092505964584958
NASA,test_B0018,B0018,111.0,0.7069445848464966,0.7811157986633139,0.218884201336686
NASA,test_B0018,B0018,112.0,0.6994665861129761,0.7834076912000373,0.21659230879996266
NASA,test_B0018,B0018,113.0,0.6976661086082458,0.7837490649620042,0.2162509350379958
NASA,test_B0018,B0018,114.0,0.6950230598449707,0.7846278772716884,0.21537212272831172
NASA,test_B0018,B0018,115.0,0.6930135488510132,0.7810404056271358,0.21895959437286425
NASA,test_B0018,B0018,116.0,0.6941076517105103,0.78360636678969,0.21639363321030997
NASA,test_B0018,B0018,117.0,0.6880913376808167,0.7827620993139953,0.21723790068600474
NASA,test_B0018,B0018,118.0,0.68235844373703,0.7916652772755431,0.2083347227244569
NASA,test_B0018,B0018,119.0,0.679492712020874,0.7924274740986392,0.20757252590136063
NASA,test_B0018,B0018,120.0,0.6731154322624207,0.79412152637699,0.20587847362301
NASA,test_B0018,B0018,121.0,0.7134214043617249,0.8059908793928108,0.19400912060718928
NASA,test_B0018,B0018,122.0,0.7032240629196167,0.8112887473150192,0.18871125268498076
NASA,test_B0018,B0018,123.0,0.6967453956604004,0.8118282475247602,0.18817175247523985
NASA,test_B0018,B0018,124.0,0.694124698638916,0.8093904236305881,0.19060957636941195
NASA,test_B0018,B0018,125.0,0.6850939393043518,0.8120199630749876,0.18798003692501244
NASA,test_B0018,B0018,126.0,0.6898475885391235,0.8061833082201684,0.19381669177983166
NASA,test_B0018,B0018,127.0,0.6843293309211731,0.8043371207174447,0.1956628792825554
NASA,test_B0018,B0018,128.0,0.6813685894012451,0.8057338133057178,0.1942661866942822
NASA,test_B0018,B0018,129.0,0.6817025542259216,0.8025580333215955,0.19744196667840452
NASA,test_B0018,B0018,130.0,0.6759322881698608,0.8069050611160087,0.1930949388839914
NASA,test_B0018,B0018,131.0,0.6773985028266907,0.8065019738390755,0.19349802616092449
CALCE,test_CS2_35,CS2_35,16.0,0.9949498772621155,0.6103146375288881,0.38968536247111196
CALCE,test_CS2_35,CS2_35,17.0,0.9945856332778931,0.6138580418593361,0.38614195814066377
CALCE,test_CS2_35,CS2_35,18.0,0.9940558671951294,0.6175737120432366,0.38242628795676337
CALCE,test_CS2_35,CS2_35,19.0,0.9933938384056091,0.6487165650927375,0.35128343490726266
CALCE,test_CS2_35,CS2_35,20.0,0.9898669719696045,0.6430797677373343,0.35692023226266567
CALCE,test_CS2_35,CS2_35,21.0,0.9894376397132874,0.6581218857233174,0.34187811427668263
CALCE,test_CS2_35,CS2_35,22.0,0.9890863299369812,0.714412389055623,0.2855876109443771
CALCE,test_CS2_35,CS2_35,23.0,0.9887536764144897,0.7221007473880808,0.27789925261191906
CALCE,test_CS2_35,CS2_35,24.0,0.9883941411972046,0.7410858740354769,0.25891412596452307
CALCE,test_CS2_35,CS2_35,25.0,0.9879997968673706,0.7452178224280102,0.2547821775719899
CALCE,test_CS2_35,CS2_35,26.0,0.9876342415809631,0.7213038786570226,0.2786961213429774
CALCE,test_CS2_35,CS2_35,27.0,0.9786007404327393,0.6804879163613612,0.31951208363863876
CALCE,test_CS2_35,CS2_35,28.0,0.9711648225784302,0.6470670383281802,0.35293296167181976
CALCE,test_CS2_35,CS2_35,29.0,0.9653372764587402,0.6188636408505472,0.38113635914945276
CALCE,test_CS2_35,CS2_35,30.0,0.9640454053878784,0.6107509948707871,0.3892490051292129
CALCE,test_CS2_35,CS2_35,31.0,0.9627912044525146,0.6033016916007559,0.39669830839924414
CALCE,test_CS2_35,CS2_35,32.0,0.9713014960289001,0.6378035622219757,0.36219643777802424
CALCE,test_CS2_35,CS2_35,33.0,0.9725132584571838,0.6460130259964847,0.35398697400351536
CALCE,test_CS2_35,CS2_35,34.0,0.9647697806358337,0.6165069016112359,0.3834930983887641
CALCE,test_CS2_35,CS2_35,35.0,0.9570943713188171,0.5972202482781109,0.40277975172188907
CALCE,test_CS2_35,CS2_35,36.0,0.955906331539154,0.5923111790398045,0.40768882096019554
CALCE,test_CS2_35,CS2_35,37.0,0.955262303352356,0.5904004479739717,0.4095995520260284
CALCE,test_CS2_35,CS2_35,38.0,0.9543372988700867,0.588256617316821,0.411743382683179
CALCE,test_CS2_35,CS2_35,39.0,0.9628777503967285,0.6279194495541555,0.37208055044584454
CALCE,test_CS2_35,CS2_35,40.0,0.9640511870384216,0.6395733934072737,0.36042660659272635
CALCE,test_CS2_35,CS2_35,41.0,0.9614837765693665,0.6361744831918669,0.3638255168081332
CALCE,test_CS2_35,CS2_35,42.0,0.9529761075973511,0.6422890936414338,0.35771090635856606
CALCE,test_CS2_35,CS2_35,43.0,0.9485388994216919,0.655372116425422,0.3446278835745779
CALCE,test_CS2_35,CS2_35,44.0,0.9481061697006226,0.6759241682413107,0.3240758317586892
CALCE,test_CS2_35,CS2_35,45.0,0.9472883939743042,0.6758612056784892,0.32413879432151077
CALCE,test_CS2_35,CS2_35,46.0,0.9542949199676514,0.706191455127582,0.2938085448724181
CALCE,test_CS2_35,CS2_35,47.0,0.956278383731842,0.6838214390714467,0.3161785609285533
CALCE,test_CS2_35,CS2_35,48.0,0.9602969884872437,0.6988899578238164,0.30111004217618365
CALCE,test_CS2_35,CS2_35,49.0,0.9467883706092834,0.6781440550474197,0.32185594495258035
CALCE,test_CS2_35,CS2_35,50.0,0.9463662505149841,0.7059437045582827,0.2940562954417173
CALCE,test_CS2_35,CS2_35,51.0,0.9458955526351929,0.7070606184233511,0.29293938157664884
CALCE,test_CS2_35,CS2_35,52.0,0.9447383284568787,0.7034449521236693,0.2965550478763307
CALCE,test_CS2_35,CS2_35,53.0,0.9881802201271057,0.8357944883288397,0.1642055116711603
CALCE,test_CS2_35,CS2_35,54.0,0.9823703765869141,0.803842474374777,0.19615752562522304
CALCE,test_CS2_35,CS2_35,55.0,0.9879540205001831,0.8228155300239212,0.17718446997607873
CALCE,test_CS2_35,CS2_35,56.0,0.9877808094024658,0.8352742539147934,0.16472574608520665
CALCE,test_CS2_35,CS2_35,57.0,0.9794743657112122,0.839507408564443,0.16049259143555705
CALCE,test_CS2_35,CS2_35,58.0,0.9728802442550659,0.8347197565745578,0.16528024342544223
CALCE,test_CS2_35,CS2_35,59.0,0.9715672731399536,0.8313653469211041,0.16863465307889597
CALCE,test_CS2_35,CS2_35,60.0,0.9636124968528748,0.8093390204213438,0.1906609795786562
CALCE,test_CS2_35,CS2_35,61.0,0.9644565582275391,0.787963598768793,0.212036401231207
CALCE,test_CS2_35,CS2_35,62.0,0.9633437991142273,0.7752838144787697,0.22471618552123032
CALCE,test_CS2_35,CS2_35,63.0,0.9556154608726501,0.7318197773267133,0.26818022267328673
CALCE,test_CS2_35,CS2_35,64.0,0.9546494483947754,0.7690307518030143,0.23096924819698578
CALCE,test_CS2_35,CS2_35,65.0,0.9494051337242126,0.7442833098251228,0.2557166901748773
CALCE,test_CS2_35,CS2_35,66.0,0.9487088322639465,0.7335354644394619,0.266464535560538
CALCE,test_CS2_35,CS2_35,67.0,0.9467580914497375,0.7197830010640722,0.2802169989359277
CALCE,test_CS2_35,CS2_35,68.0,0.9475694894790649,0.5528609013619994,0.44713909863800055
CALCE,test_CS2_35,CS2_35,69.0,0.9472325444221497,0.5782739580145568,0.4217260419854433
CALCE,test_CS2_35,CS2_35,70.0,0.9405835866928101,0.5260145855438122,0.47398541445618775
CALCE,test_CS2_35,CS2_35,71.0,0.9394940733909607,0.5250347419038275,0.47496525809617246
CALCE,test_CS2_35,CS2_35,72.0,0.9390158653259277,0.5641170112549931,0.4358829887450068
CALCE,test_CS2_35,CS2_35,73.0,0.9385702013969421,0.594106404824538,0.4058935951754619
CALCE,test_CS2_35,CS2_35,74.0,0.9324495196342468,0.5744945801150474,0.42550541988495255
CALCE,test_CS2_35,CS2_35,75.0,0.9382575750350952,0.6350918886248119,0.3649081113751881
CALCE,test_CS2_35,CS2_35,76.0,0.9381008148193359,0.6335069711170633,0.36649302888293656
CALCE,test_CS2_35,CS2_35,77.0,0.9376222491264343,0.6395947927128394,0.3604052072871606
CALCE,test_CS2_35,CS2_35,78.0,0.9366945624351501,0.6710211139510543,0.3289788860489456
CALCE,test_CS2_35,CS2_35,79.0,0.9321612119674683,0.6579629213837717,0.34203707861622845
CALCE,test_CS2_35,CS2_35,80.0,0.9321063160896301,0.679836608803306,0.320163391196694
CALCE,test_CS2_35,CS2_35,81.0,0.9315696954727173,0.6809618753151016,0.31903812468489845
CALCE,test_CS2_35,CS2_35,82.0,0.9306172132492065,0.6854475640247857,0.3145524359752142
CALCE,test_CS2_35,CS2_35,83.0,0.9300727844238281,0.6809996127089052,0.31900038729109487
CALCE,test_CS2_35,CS2_35,84.0,0.9296770691871643,0.6821580779898739,0.3178419220101262
CALCE,test_CS2_35,CS2_35,85.0,0.9291730523109436,0.7073565871064543,0.29264341289354573
CALCE,test_CS2_35,CS2_35,86.0,0.928650438785553,0.709578477164488,0.290421522835512
CALCE,test_CS2_35,CS2_35,87.0,0.9241851568222046,0.6938239454899933,0.3061760545100066
CALCE,test_CS2_35,CS2_35,88.0,0.9281973242759705,0.7101248096364152,0.2898751903635847
CALCE,test_CS2_35,CS2_35,89.0,0.9234095215797424,0.7147069172808264,0.28529308271917353
CALCE,test_CS2_35,CS2_35,90.0,0.922848641872406,0.6905731873264895,0.3094268126735104
CALCE,test_CS2_35,CS2_35,91.0,0.9225350022315979,0.6900883370661013,0.30991166293389866
CALCE,test_CS2_35,CS2_35,92.0,0.9141265153884888,0.6567770595674955,0.3432229404325044
CALCE,test_CS2_35,CS2_35,93.0,0.9128317832946777,0.653974426348731,0.3460255736512689
CALCE,test_CS2_35,CS2_35,94.0,0.9079432487487793,0.6504104907733635,0.3495895092266364
CALCE,test_CS2_35,CS2_35,95.0,0.9071307182312012,0.6446466853542193,0.3553533146457807
CALCE,test_CS2_35,CS2_35,96.0,0.9238147139549255,0.7083786998055728,0.2916213001944272
CALCE,test_CS2_35,CS2_35,97.0,0.9231986999511719,0.7123137183650408,0.28768628163495924
CALCE,test_CS2_35,CS2_35,98.0,0.9220578074455261,0.712601686080113,0.28739831391988707
CALCE,test_CS2_35,CS2_35,99.0,0.929958164691925,0.7449465689852431,0.25505343101475686
CALCE,test_CS2_35,CS2_35,100.0,0.930087149143219,0.751210272547318,0.24878972745268213
CALCE,test_CS2_35,CS2_35,101.0,0.9214885830879211,0.7254243243728755,0.2745756756271244
CALCE,test_CS2_35,CS2_35,102.0,0.9473727941513062,0.8207738821078358,0.17922611789216428
CALCE,test_CS2_35,CS2_35,103.0,0.9468748569488525,0.8140546919797729,0.1859453080202272
CALCE,test_CS2_35,CS2_35,104.0,0.9542554020881653,0.8499138924107768,0.15008610758922333
CALCE,test_CS2_35,CS2_35,105.0,0.9547445178031921,0.8564828020497178,0.14351719795028212
CALCE,test_CS2_35,CS2_35,106.0,0.9404672384262085,0.824220216026746,0.1757797839732539
CALCE,test_CS2_35,CS2_35,107.0,0.9401871562004089,0.8449207508594172,0.15507924914058283
CALCE,test_CS2_35,CS2_35,108.0,0.9406107664108276,0.8476179863917217,0.15238201360827827
CALCE,test_CS2_35,CS2_35,109.0,0.9394201636314392,0.8537322895701995,0.14626771042980055
CALCE,test_CS2_35,CS2_35,110.0,0.9384999871253967,0.8496359238115978,0.15036407618840228
CALCE,test_CS2_35,CS2_35,111.0,0.9465176463127136,0.826248052115938,0.17375194788406204
CALCE,test_CS2_35,CS2_35,112.0,0.9467398524284363,0.8271415338162396,0.17285846618376052
CALCE,test_CS2_35,CS2_35,113.0,0.9378892183303833,0.8027357816895849,0.19726421831041507
CALCE,test_CS2_35,CS2_35,114.0,0.9319314360618591,0.7550391927947236,0.24496080720527635
CALCE,test_CS2_35,CS2_35,115.0,0.9306938052177429,0.7453024540153727,0.25469754598462735
CALCE,test_CS2_35,CS2_35,116.0,0.9300307631492615,0.7659782475763445,0.23402175242365558
CALCE,test_CS2_35,CS2_35,117.0,0.9243863224983215,0.6487284563766486,0.35127154362335145
CALCE,test_CS2_35,CS2_35,118.0,0.9371742606163025,0.6987683969534724,0.3012316030465276
CALCE,test_CS2_35,CS2_35,119.0,0.9375720620155334,0.674719856624585,0.3252801433754151
CALCE,test_CS2_35,CS2_35,120.0,0.9287587404251099,0.6396182532191975,0.3603817467808024
CALCE,test_CS2_35,CS2_35,121.0,0.9215390682220459,0.6697911871081393,0.3302088128918607
CALCE,test_CS2_35,CS2_35,122.0,0.9218642711639404,0.669711991568695,0.33028800843130496
CALCE,test_CS2_35,CS2_35,123.0,0.9158406853675842,0.6406057186574935,0.35939428134250656
CALCE,test_CS2_35,CS2_35,124.0,0.9222686290740967,0.6693421258741873,0.33065787412581266
CALCE,test_CS2_35,CS2_35,125.0,0.928396463394165,0.6968598462957042,0.30314015370429576
CALCE,test_CS2_35,CS2_35,126.0,0.9285926818847656,0.6697074302321181,0.3302925697678819
CALCE,test_CS2_35,CS2_35,127.0,0.9284619688987732,0.6729635330330519,0.32703646696694805
CALCE,test_CS2_35,CS2_35,128.0,0.9282608032226562,0.7108531233425903,0.2891468766574096
CALCE,test_CS2_35,CS2_35,129.0,0.9280195236206055,0.7339075039126594,0.26609249608734076
CALCE,test_CS2_35,CS2_35,130.0,0.9281682968139648,0.739922240613781,0.2600777593862191
CALCE,test_CS2_35,CS2_35,131.0,0.9279935359954834,0.7425918834690771,0.2574081165309228
CALCE,test_CS2_35,CS2_35,132.0,0.9277239441871643,0.7612303510322541,0.23876964896774583
CALCE,test_CS2_35,CS2_35,133.0,0.9272665977478027,0.7179869004678193,0.28201309953218073
CALCE,test_CS2_35,CS2_35,134.0,0.9236189126968384,0.7054466520971892,0.29455334790281085
CALCE,test_CS2_35,CS2_35,135.0,0.9233527183532715,0.7388047005275333,0.26119529947246667
CALCE,test_CS2_35,CS2_35,136.0,0.9232335090637207,0.7630649473217197,0.23693505267828027
CALCE,test_CS2_35,CS2_35,137.0,0.9231893420219421,0.7603950915340172,0.23960490846598284
CALCE,test_CS2_35,CS2_35,138.0,0.9231660962104797,0.7782499778260354,0.22175002217396456
CALCE,test_CS2_35,CS2_35,139.0,0.9235727190971375,0.7574109653850065,0.24258903461499348
CALCE,test_CS2_35,CS2_35,140.0,0.9272516965866089,0.7495160695852044,0.25048393041479566
CALCE,test_CS2_35,CS2_35,141.0,0.9067311882972717,0.663934758992645,0.3360652410073549
CALCE,test_CS2_35,CS2_35,142.0,0.9074631333351135,0.6634885767903997,0.33651142320960015
CALCE,test_CS2_35,CS2_35,143.0,0.9059456586837769,0.6549093583249415,0.3450906416750585
CALCE,test_CS2_35,CS2_35,144.0,0.905474066734314,0.6512088634460784,0.34879113655392163
CALCE,test_CS2_35,CS2_35,145.0,0.9041856527328491,0.6431474948545662,0.3568525051454338
CALCE,test_CS2_35,CS2_35,146.0,0.913450300693512,0.6800077964946245,0.31999220350537544
CALCE,test_CS2_35,CS2_35,147.0,0.9139471650123596,0.6847762592308273,0.3152237407691727
CALCE,test_CS2_35,CS2_35,148.0,0.8992958664894104,0.6255144439423376,0.3744855560576625
CALCE,test_CS2_35,CS2_35,149.0,0.8980275988578796,0.633970347296057,0.366029652703943
CALCE,test_CS2_35,CS2_35,150.0,0.904815137386322,0.6620464225384058,0.3379535774615941
CALCE,test_CS2_35,CS2_35,151.0,0.9134217500686646,0.6980025312450739,0.30199746875492606
CALCE,test_CS2_35,CS2_35,152.0,0.9135995507240295,0.7027105766032307,0.2972894233967693
CALCE,test_CS2_35,CS2_35,153.0,0.89891117811203,0.6456178887172428,0.3543821112827572
CALCE,test_CS2_35,CS2_35,154.0,0.9036596417427063,0.6650542905950606,0.3349457094049394
CALCE,test_CS2_35,CS2_35,155.0,0.9039792418479919,0.6556722179201924,0.3443277820798075
CALCE,test_CS2_35,CS2_35,156.0,0.9034753441810608,0.737233038391296,0.2627669616087041
CALCE,test_CS2_35,CS2_35,157.0,0.9041854739189148,0.7369038320416449,0.26309616795835516
CALCE,test_CS2_35,CS2_35,158.0,0.9117431044578552,0.7677719656949294,0.2322280343050706
CALCE,test_CS2_35,CS2_35,159.0,0.9126816391944885,0.7735521473781362,0.22644785262186384
CALCE,test_CS2_35,CS2_35,160.0,0.8992021679878235,0.7307257231553742,0.2692742768446259
CALCE,test_CS2_35,CS2_35,161.0,0.8985178470611572,0.6933183581711432,0.30668164182885677
CALCE,test_CS2_35,CS2_35,162.0,0.8975364565849304,0.6880033319533919,0.31199666804660814
CALCE,test_CS2_35,CS2_35,163.0,0.8984947800636292,0.7458308352360369,0.2541691647639632
CALCE,test_CS2_35,CS2_35,164.0,0.9060081243515015,0.7726439964241385,0.22735600357586144
CALCE,test_CS2_35,CS2_35,165.0,0.9116389155387878,0.7691798676672386,0.23082013233276147
CALCE,test_CS2_35,CS2_35,166.0,0.9121371507644653,0.7453325406495079,0.2546674593504921
CALCE,test_CS2_35,CS2_35,167.0,0.8973357081413269,0.6912055943827065,0.3087944056172935
CALCE,test_CS2_35,CS2_35,168.0,0.8988590240478516,0.7507713991270759,0.24922860087292406
CALCE,test_CS2_35,CS2_35,169.0,0.9046490788459778,0.7529651632755846,0.2470348367244154
CALCE,test_CS2_35,CS2_35,170.0,0.912278413772583,0.7772222086707993,0.2227777913292008
CALCE,test_CS2_35,CS2_35,171.0,0.9124516844749451,0.7808601260885216,0.21913987391147843
CALCE,test_CS2_35,CS2_35,172.0,0.9126114845275879,0.7804597892850678,0.21954021071493224
CALCE,test_CS2_35,CS2_35,173.0,0.9127800464630127,0.7592720583548458,0.24072794164515413
CALCE,test_CS2_35,CS2_35,174.0,0.912958562374115,0.759954124551548,0.24004587544845202
CALCE,test_CS2_35,CS2_35,175.0,0.9130966067314148,0.8049846440400683,0.19501535595993166
CALCE,test_CS2_35,CS2_35,176.0,0.9136855006217957,0.8083009425233038,0.1916990574766963
CALCE,test_CS2_35,CS2_35,177.0,0.9138787984848022,0.8108169110223459,0.18918308897765415
CALCE,test_CS2_35,CS2_35,178.0,0.9139735698699951,0.8071912363967039,0.19280876360329607
CALCE,test_CS2_35,CS2_35,179.0,0.9139999747276306,0.7848317276176631,0.2151682723823368
CALCE,test_CS2_35,CS2_35,180.0,0.9142729640007019,0.7687663129535546,0.23123368704644545
CALCE,test_CS2_35,CS2_35,181.0,0.9143654704093933,0.7686105125898021,0.23138948741019794
CALCE,test_CS2_35,CS2_35,182.0,0.9144141674041748,0.8153822028699348,0.18461779713006515
CALCE,test_CS2_35,CS2_35,183.0,0.9144371151924133,0.8089494307859415,0.19105056921405839
CALCE,test_CS2_35,CS2_35,184.0,0.9145635962486267,0.7910390161941163,0.20896098380588374
CALCE,test_CS2_35,CS2_35,185.0,0.9145330190658569,0.7687686445325491,0.23123135546745088
CALCE,test_CS2_35,CS2_35,186.0,0.9145342111587524,0.7680687248143807,0.23193127518561935
CALCE,test_CS2_35,CS2_35,187.0,0.9145178198814392,0.7673267978547832,0.23267320214521678
CALCE,test_CS2_35,CS2_35,188.0,0.9057554006576538,0.7326578950264917,0.26734210497350835
CALCE,test_CS2_35,CS2_35,189.0,0.9043834209442139,0.7248007918589328,0.27519920814106713
CALCE,test_CS2_35,CS2_35,190.0,0.9041100144386292,0.7211040613537737,0.27889593864622625
CALCE,test_CS2_35,CS2_35,191.0,0.8985311985015869,0.6949417868656906,0.3050582131343094
CALCE,test_CS2_35,CS2_35,192.0,0.8973919153213501,0.6868587508662054,0.31314124913379465
CALCE,test_CS2_35,CS2_35,193.0,0.9056260585784912,0.7147290749273645,0.2852709250726356
CALCE,test_CS2_35,CS2_35,194.0,0.9105697870254517,0.7327554537070815,0.26724454629291855
CALCE,test_CS2_35,CS2_35,195.0,0.9066523909568787,0.7185172570908912,0.28148274290910874
CALCE,test_CS2_35,CS2_35,196.0,0.8971787691116333,0.6807920797318433,0.31920792026815664
CALCE,test_CS2_35,CS2_35,197.0,0.9333834052085876,0.7988877417930645,0.2011122582069355
CALCE,test_CS2_35,CS2_35,198.0,0.9390054941177368,0.8208067743172534,0.1791932256827466
CALCE,test_CS2_35,CS2_35,199.0,0.940291166305542,0.8298906197139073,0.17010938028609274
CALCE,test_CS2_35,CS2_35,200.0,0.9407489895820618,0.8365091521001501,0.1634908478998499
CALCE,test_CS2_35,CS2_35,201.0,0.9408033490180969,0.841306691976828,0.1586933080231721
CALCE,test_CS2_35,CS2_35,202.0,0.9406629800796509,0.8449665933226386,0.15503340667736135
CALCE,test_CS2_35,CS2_35,203.0,0.9406366944313049,0.8671915628110953,0.1328084371889046
CALCE,test_CS2_35,CS2_35,204.0,0.9407409429550171,0.8710377041981426,0.12896229580185736
CALCE,test_CS2_35,CS2_35,205.0,0.9405229687690735,0.8710849157387256,0.1289150842612745
CALCE,test_CS2_35,CS2_35,206.0,0.9401698112487793,0.8803445660259395,0.1196554339740606
CALCE,test_CS2_35,CS2_35,207.0,0.939827024936676,0.8794346979737788,0.12056530202622118
CALCE,test_CS2_35,CS2_35,208.0,0.9391726851463318,0.8581913774998904,0.1418086225001095
CALCE,test_CS2_35,CS2_35,209.0,0.938956618309021,0.8432803101418194,0.15671968985818063
CALCE,test_CS2_35,CS2_35,210.0,0.9386990666389465,0.8482843802893604,0.15171561971063965
CALCE,test_CS2_35,CS2_35,211.0,0.9384099245071411,0.8638915671860633,0.1361084328139367
CALCE,test_CS2_35,CS2_35,212.0,0.9383010268211365,0.7721214980131955,0.2278785019868045
CALCE,test_CS2_35,CS2_35,213.0,0.9378077983856201,0.7523645804931687,0.24763541950683132
CALCE,test_CS2_35,CS2_35,214.0,0.9298442602157593,0.7158575210788524,0.28414247892114763
CALCE,test_CS2_35,CS2_35,215.0,0.9218021035194397,0.6791432405851043,0.32085675941489566
CALCE,test_CS2_35,CS2_35,216.0,0.9222236275672913,0.6770303016122073,0.32296969838779255
CALCE,test_CS2_35,CS2_35,217.0,0.921379029750824,0.6713410241215377,0.3286589758784622
CALCE,test_CS2_35,CS2_35,218.0,0.9156315922737122,0.6445189542340936,0.35548104576590633
CALCE,test_CS2_35,CS2_35,219.0,0.9232281446456909,0.6714766181847434,0.32852338181525675
CALCE,test_CS2_35,CS2_35,220.0,0.9282558560371399,0.6919662456482238,0.3080337543517761
CALCE,test_CS2_35,CS2_35,221.0,0.9227989912033081,0.672526863795096,0.327473136204904
CALCE,test_CS2_35,CS2_35,222.0,0.9137529730796814,0.6355150266611241,0.364484973338876
CALCE,test_CS2_35,CS2_35,223.0,0.9132014513015747,0.6347339416714642,0.3652660583285358
CALCE,test_CS2_35,CS2_35,224.0,0.9082797169685364,0.613586030199141,0.38641396980085896
CALCE,test_CS2_35,CS2_35,225.0,0.9069190621376038,0.60797934873479,0.3920206512652099
CALCE,test_CS2_35,CS2_35,226.0,0.9154607653617859,0.6452707185149981,0.354729281485002
CALCE,test_CS2_35,CS2_35,227.0,0.916042149066925,0.6516068312401038,0.3483931687598961
CALCE,test_CS2_35,CS2_35,228.0,0.9074719548225403,0.6205311381031587,0.3794688618968412
CALCE,test_CS2_35,CS2_35,229.0,0.905350387096405,0.6470660412503639,0.35293395874963596
CALCE,test_CS2_35,CS2_35,230.0,0.9048281311988831,0.6777080113038753,0.32229198869612474
CALCE,test_CS2_35,CS2_35,231.0,0.8998340964317322,0.6542823271146968,0.3457176728853032
CALCE,test_CS2_35,CS2_35,232.0,0.8986705541610718,0.6513322136003385,0.3486677863996614
CALCE,test_CS2_35,CS2_35,233.0,0.9072597026824951,0.7062900259746554,0.2937099740253446
CALCE,test_CS2_35,CS2_35,234.0,0.9124355316162109,0.6992283954028725,0.30077160459712754
CALCE,test_CS2_35,CS2_35,235.0,0.9058303833007812,0.6573530169251647,0.3426469830748353
CALCE,test_CS2_35,CS2_35,236.0,0.8971801400184631,0.6465574261924316,0.3534425738075685
CALCE,test_CS2_35,CS2_35,237.0,0.8973531723022461,0.6845493647705031,0.3154506352294969
CALCE,test_CS2_35,CS2_35,238.0,0.8970285058021545,0.6848957593478893,0.31510424065211073
CALCE,test_CS2_35,CS2_35,239.0,0.8966546654701233,0.7017802748798928,0.2982197251201072
CALCE,test_CS2_35,CS2_35,240.0,0.899139940738678,0.7150978659468217,0.28490213405317844
CALCE,test_CS2_35,CS2_35,241.0,0.9049289226531982,0.7066993211672178,0.29330067883278216
CALCE,test_CS2_35,CS2_35,242.0,0.9051790237426758,0.7093011302147287,0.29069886978527115
CALCE,test_CS2_35,CS2_35,243.0,0.8904759883880615,0.6858250112189892,0.31417498878101074
CALCE,test_CS2_35,CS2_35,244.0,0.889814555644989,0.6897937373960962,0.3102062626039038
CALCE,test_CS2_35,CS2_35,245.0,0.8990334272384644,0.7249036647589285,0.2750963352410715
CALCE,test_CS2_35,CS2_35,246.0,0.9060261249542236,0.7668678383804358,0.2331321616195641
CALCE,test_CS2_35,CS2_35,247.0,0.9062913060188293,0.7724789225687257,0.2275210774312743
CALCE,test_CS2_35,CS2_35,248.0,0.906234860420227,0.7461918386865884,0.25380816131341166
CALCE,test_CS2_35,CS2_35,249.0,0.9062016010284424,0.731857188494371,0.26814281150562896
CALCE,test_CS2_35,CS2_35,250.0,0.906258761882782,0.7586652483403411,0.241334751659659
CALCE,test_CS2_35,CS2_35,251.0,0.906214714050293,0.7881726691751909,0.2118273308248091
CALCE,test_CS2_35,CS2_35,252.0,0.9061919450759888,0.7878182526685403,0.21218174733145967
CALCE,test_CS2_35,CS2_35,253.0,0.9059897661209106,0.7881349715811898,0.2118650284188101
CALCE,test_CS2_35,CS2_35,254.0,0.9058101177215576,0.7882925248612729,0.21170747513872706
CALCE,test_CS2_35,CS2_35,255.0,0.9056479930877686,0.7797009417842335,0.2202990582157664
CALCE,test_CS2_35,CS2_35,256.0,0.9054829478263855,0.7611464791193049,0.2388535208806952
CALCE,test_CS2_35,CS2_35,257.0,0.9053810238838196,0.760862792725629,0.23913720727437107
CALCE,test_CS2_35,CS2_35,258.0,0.9053099751472473,0.8075347023970675,0.1924652976029325
CALCE,test_CS2_35,CS2_35,259.0,0.9053214192390442,0.8067224665352681,0.19327753346473187
CALCE,test_CS2_35,CS2_35,260.0,0.9051976799964905,0.7779404973822232,0.22205950261777674
CALCE,test_CS2_35,CS2_35,261.0,0.9051365852355957,0.7566693341851495,0.24333066581485058
CALCE,test_CS2_35,CS2_35,262.0,0.9049299359321594,0.7550643424108352,0.2449356575891648
CALCE,test_CS2_35,CS2_35,263.0,0.8899711966514587,0.6935593949752296,0.3064406050247704
CALCE,test_CS2_35,CS2_35,264.0,0.8888647556304932,0.6857230433780529,0.31427695662194705
CALCE,test_CS2_35,CS2_35,265.0,0.888701856136322,0.6816010363959678,0.3183989636040322
CALCE,test_CS2_35,CS2_35,266.0,0.8966506719589233,0.7095166198402953,0.2904833801597046
CALCE,test_CS2_35,CS2_35,267.0,0.8973652720451355,0.7122504267778396,0.2877495732221605
CALCE,test_CS2_35,CS2_35,268.0,0.8894097805023193,0.6813777111129217,0.31862228888707833
CALCE,test_CS2_35,CS2_35,269.0,0.8822197318077087,0.6505343557116999,0.34946564428829996
CALCE,test_CS2_35,CS2_35,270.0,0.8821503520011902,0.6483977825339162,0.35160221746608367
CALCE,test_CS2_35,CS2_35,271.0,0.8818009495735168,0.6459406211182199,0.3540593788817801
CALCE,test_CS2_35,CS2_35,272.0,0.8894768357276917,0.6766930737678418,0.3233069262321581
CALCE,test_CS2_35,CS2_35,273.0,0.8905811905860901,0.6833206800135767,0.3166793199864234
CALCE,test_CS2_35,CS2_35,274.0,0.8957224488258362,0.705973089935101,0.29402691006489895
CALCE,test_CS2_35,CS2_35,275.0,0.8808479309082031,0.6484989784781897,0.3515010215218102
CALCE,test_CS2_35,CS2_35,276.0,0.8803122639656067,0.6478128254411167,0.35218717455888315
CALCE,test_CS2_35,CS2_35,277.0,0.8801947832107544,0.650276855306437,0.349723144693563
CALCE,test_CS2_35,CS2_35,278.0,0.8804585933685303,0.7125575971680386,0.28744240283196143
CALCE,test_CS2_35,CS2_35,279.0,0.8804351091384888,0.7155041428489789,0.28449585715102105
CALCE,test_CS2_35,CS2_35,280.0,0.8889274001121521,0.7457044921270123,0.2542955078729877
CALCE,test_CS2_35,CS2_35,281.0,0.889467716217041,0.7224323096400105,0.2775676903599895
CALCE,test_CS2_35,CS2_35,282.0,0.8811635375022888,0.6910102164659162,0.30898978353408374
CALCE,test_CS2_35,CS2_35,283.0,0.8748230934143066,0.6979709216765723,0.30202907832342774
CALCE,test_CS2_35,CS2_35,284.0,0.8750172853469849,0.7239729616651793,0.2760270383348207
CALCE,test_CS2_35,CS2_35,285.0,0.8745118379592896,0.7198396436531207,0.2801603563468793
CALCE,test_CS2_35,CS2_35,286.0,0.8736480474472046,0.7154153964724739,0.2845846035275261
CALCE,test_CS2_35,CS2_35,287.0,0.8818502426147461,0.7168616037885384,0.28313839621146164
CALCE,test_CS2_35,CS2_35,288.0,0.8878364562988281,0.736881004047077,0.26311899595292304
CALCE,test_CS2_35,CS2_35,289.0,0.8828735947608948,0.7042309489357157,0.29576905106428436
CALCE,test_CS2_35,CS2_35,290.0,0.872911810874939,0.7248591879303538,0.27514081206964636
CALCE,test_CS2_35,CS2_35,291.0,0.8730644583702087,0.7255454301753006,0.27445456982469935
CALCE,test_CS2_35,CS2_35,292.0,0.8750197887420654,0.7315436122721384,0.26845638772786173
CALCE,test_CS2_35,CS2_35,293.0,0.8745045065879822,0.7278047962725949,0.2721952037274051
CALCE,test_CS2_35,CS2_35,294.0,0.8828968405723572,0.7564195086206073,0.24358049137939278
CALCE,test_CS2_35,CS2_35,295.0,0.8877838850021362,0.7474509238536461,0.2525490761463538
CALCE,test_CS2_35,CS2_35,296.0,0.887828528881073,0.7503355150352307,0.2496644849647692
CALCE,test_CS2_35,CS2_35,297.0,0.8878758549690247,0.7815876700709776,0.21841232992902238
CALCE,test_CS2_35,CS2_35,298.0,0.8878961205482483,0.8024484736536539,0.19755152634634618
CALCE,test_CS2_35,CS2_35,299.0,0.8885487914085388,0.8042156573255563,0.19578434267444367
CALCE,test_CS2_35,CS2_35,300.0,0.888725757598877,0.8063024444960815,0.19369755550391843
CALCE,test_CS2_35,CS2_35,301.0,0.888871431350708,0.8088117699911592,0.19118823000884064
CALCE,test_CS2_35,CS2_35,302.0,0.8889498114585876,0.7856381457989482,0.21436185420105175
CALCE,test_CS2_35,CS2_35,303.0,0.8890054225921631,0.7688782741799749,0.2311217258200252
CALCE,test_CS2_35,CS2_35,304.0,0.889087438583374,0.7865271020854013,0.2134728979145988
CALCE,test_CS2_35,CS2_35,305.0,0.8890928030014038,0.8165451925941452,0.18345480740585476
CALCE,test_CS2_35,CS2_35,306.0,0.8891693353652954,0.8146444093390568,0.1853555906609432
CALCE,test_CS2_35,CS2_35,307.0,0.889320969581604,0.8077324876165726,0.1922675123834275
CALCE,test_CS2_35,CS2_35,308.0,0.8895727396011353,0.8077808109376078,0.19221918906239224
CALCE,test_CS2_35,CS2_35,309.0,0.8894054293632507,0.7822364632441444,0.21776353675585552
CALCE,test_CS2_35,CS2_35,310.0,0.8893958330154419,0.7676378093717927,0.23236219062820726
CALCE,test_CS2_35,CS2_35,311.0,0.8801653385162354,0.7316487533311731,0.26835124666882687
CALCE,test_CS2_35,CS2_35,312.0,0.8735231161117554,0.7033165546053823,0.2966834453946176
CALCE,test_CS2_35,CS2_35,313.0,0.8735985159873962,0.699955108843467,0.30004489115653304
CALCE,test_CS2_35,CS2_35,314.0,0.8735000491142273,0.6941394021324798,0.3058605978675202
CALCE,test_CS2_35,CS2_35,315.0,0.872765064239502,0.6881936597039843,0.3118063402960158
CALCE,test_CS2_35,CS2_35,316.0,0.8803523778915405,0.7141692551322664,0.28583074486773363
CALCE,test_CS2_35,CS2_35,317.0,0.8819084167480469,0.7201915838718215,0.2798084161281785
CALCE,test_CS2_35,CS2_35,318.0,0.873346745967865,0.6868776571402792,0.3131223428597209
CALCE,test_CS2_35,CS2_35,319.0,0.8725273609161377,0.682721662253175,0.317278337746825
CALCE,test_CS2_35,CS2_35,320.0,0.8728354573249817,0.6837931135270982,0.3162068864729019
CALCE,test_CS2_35,CS2_35,321.0,0.8720138669013977,0.6807467411766873,0.31925325882331257
CALCE,test_CS2_35,CS2_35,322.0,0.8664644956588745,0.6579846482456625,0.3420153517543375
CALCE,test_CS2_35,CS2_35,323.0,0.8803111910820007,0.7105459057091901,0.28945409429080987
CALCE,test_CS2_35,CS2_35,324.0,0.8814916610717773,0.7199426916998148,0.2800573083001852
CALCE,test_CS2_35,CS2_35,325.0,0.8747089505195618,0.6984169105118281,0.3015830894881719
CALCE,test_CS2_35,CS2_35,326.0,0.8667310476303101,0.7048110947622596,0.2951889052377404
CALCE,test_CS2_35,CS2_35,327.0,0.871854841709137,0.7464963452599179,0.253503654740082
CALCE,test_CS2_35,CS2_35,328.0,0.872154951095581,0.7465248234596453,0.25347517654035473
CALCE,test_CS2_35,CS2_35,329.0,0.8718222379684448,0.7450248549327706,0.2549751450672295
CALCE,test_CS2_35,CS2_35,330.0,0.8737019300460815,0.7533195148559937,0.24668048514400628
CALCE,test_CS2_35,CS2_35,331.0,0.8807237148284912,0.7527523328481572,0.24724766715184265
CALCE,test_CS2_35,CS2_35,332.0,0.8813812732696533,0.7530826983635001,0.24691730163649994
CALCE,test_CS2_35,CS2_35,333.0,0.8724408745765686,0.753336219975585,0.24666378002441514
CALCE,test_CS2_35,CS2_35,334.0,0.8716014623641968,0.7525059936331113,0.24749400636688865
CALCE,test_CS2_35,CS2_35,335.0,0.8716910481452942,0.7508736261584228,0.24912637384157715
CALCE,test_CS2_35,CS2_35,336.0,0.866714596748352,0.7348100598366688,0.2651899401633312
CALCE,test_CS2_35,CS2_35,337.0,0.8662393689155579,0.7498051022277386,0.25019489777226145
CALCE,test_CS2_35,CS2_35,338.0,0.8730486631393433,0.7256157848801057,0.2743842151198943
CALCE,test_CS2_35,CS2_35,339.0,0.8655786514282227,0.6941037324160636,0.30589626758393645
CALCE,test_CS2_35,CS2_35,340.0,0.8650619983673096,0.7179255432717571,0.2820744567282429
CALCE,test_CS2_35,CS2_35,341.0,0.8723976612091064,0.7697889832952755,0.23021101670472457
CALCE,test_CS2_35,CS2_35,342.0,0.8720263242721558,0.7514609429504614,0.24853905704953858
CALCE,test_CS2_35,CS2_35,343.0,0.8666561245918274,0.7309861763877908,0.2690138236122092
CALCE,test_CS2_35,CS2_35,344.0,0.8747209906578064,0.7590459374920996,0.24095406250790047
CALCE,test_CS2_35,CS2_35,345.0,0.8796800374984741,0.7704185637109373,0.22958143628906277
CALCE,test_CS2_35,CS2_35,346.0,0.8799126744270325,0.7515942191343451,0.24840578086565485
CALCE,test_CS2_35,CS2_35,347.0,0.8800466656684875,0.7539817585905706,0.2460182414094295
CALCE,test_CS2_35,CS2_35,348.0,0.8801249861717224,0.7867232514903767,0.21327674850962336
CALCE,test_CS2_35,CS2_35,349.0,0.8802618384361267,0.7912754125906868,0.20872458740931327
CALCE,test_CS2_35,CS2_35,350.0,0.881232500076294,0.7952442031343804,0.20475579686561976
CALCE,test_CS2_35,CS2_35,351.0,0.8830389380455017,0.8156057535922068,0.18439424640779328
CALCE,test_CS2_35,CS2_35,352.0,0.888554036617279,0.8316755581310878,0.16832444186891213
CALCE,test_CS2_35,CS2_35,353.0,0.8888957500457764,0.8160735083473514,0.1839264916526486
CALCE,test_CS2_35,CS2_35,354.0,0.8809026479721069,0.8145239271105753,0.1854760728894247
CALCE,test_CS2_35,CS2_35,355.0,0.8808398842811584,0.8137183963988389,0.18628160360116117
CALCE,test_CS2_35,CS2_35,356.0,0.8819745182991028,0.7947554578769062,0.20524454212309387
CALCE,test_CS2_35,CS2_35,357.0,0.8829988241195679,0.7977437524580298,0.20225624754197027
CALCE,test_CS2_35,CS2_35,358.0,0.8829091787338257,0.8113575269818271,0.18864247301817294
CALCE,test_CS2_35,CS2_35,359.0,0.8889254927635193,0.8044593050744477,0.19554069492555226
CALCE,test_CS2_35,CS2_35,360.0,0.8892821669578552,0.7914410413855173,0.20855895861448276
CALCE,test_CS2_35,CS2_35,361.0,0.8831655979156494,0.7710629203685797,0.22893707963142024
CALCE,test_CS2_35,CS2_35,362.0,0.881414532661438,0.76381111137425,0.2361888886257499
CALCE,test_CS2_35,CS2_35,363.0,0.8812921643257141,0.7617801120409962,0.23821988795900384
CALCE,test_CS2_35,CS2_35,364.0,0.8825011253356934,0.7640046411451831,0.23599535885481698
CALCE,test_CS2_35,CS2_35,365.0,0.882481038570404,0.7596990795939836,0.24030092040601642
CALCE,test_CS2_35,CS2_35,366.0,0.887357771396637,0.7691899586327833,0.2308100413672167
CALCE,test_CS2_35,CS2_35,367.0,0.8882856369018555,0.7557588526061028,0.24424114739389718
CALCE,test_CS2_35,CS2_35,368.0,0.8884149193763733,0.7571207675834631,0.24287923241653692
CALCE,test_CS2_35,CS2_35,369.0,0.880713164806366,0.7584825402818064,0.24151745971819352
CALCE,test_CS2_35,CS2_35,370.0,0.8806057572364807,0.7567114256736688,0.24328857432633116
CALCE,test_CS2_35,CS2_35,371.0,0.8804152011871338,0.7507447089344768,0.24925529106552335
CALCE,test_CS2_35,CS2_35,372.0,0.8801308274269104,0.7450014054349637,0.2549985945650363
CALCE,test_CS2_35,CS2_35,373.0,0.8748906254768372,0.7246961457433104,0.2753038542566896
CALCE,test_CS2_35,CS2_35,374.0,0.8818293809890747,0.7271730978732869,0.2728269021267131
CALCE,test_CS2_35,CS2_35,375.0,0.8825568556785583,0.7299436030329053,0.2700563969670947
CALCE,test_CS2_35,CS2_35,376.0,0.8807388544082642,0.7462620577032916,0.25373794229670843
CALCE,test_CS2_35,CS2_35,377.0,0.8745344877243042,0.7290924510333955,0.27090754896660446
CALCE,test_CS2_35,CS2_35,378.0,0.8749513626098633,0.7291142380695249,0.27088576193047514
CALCE,test_CS2_35,CS2_35,379.0,0.8798127174377441,0.740746585513029,0.2592534144869711
CALCE,test_CS2_35,CS2_35,380.0,0.8802485466003418,0.7423678460851872,0.25763215391481276
CALCE,test_CS2_35,CS2_35,381.0,0.8804740309715271,0.7271719560202253,0.27282804397977467
CALCE,test_CS2_35,CS2_35,382.0,0.8820503354072571,0.7315002289339653,0.2684997710660347
CALCE,test_CS2_35,CS2_35,383.0,0.882387101650238,0.7348543309047273,0.2651456690952728
CALCE,test_CS2_35,CS2_35,384.0,0.8825225234031677,0.7641726823300369,0.23582731766996315
CALCE,test_CS2_35,CS2_35,385.0,0.8826006650924683,0.765580793680231,0.23441920631976898
CALCE,test_CS2_35,CS2_35,386.0,0.8825957179069519,0.7668960485965881,0.23310395140341195
CALCE,test_CS2_35,CS2_35,387.0,0.8872368335723877,0.7832115529585727,0.2167884470414272
CALCE,test_CS2_35,CS2_35,388.0,0.8874395489692688,0.8006807087153069,0.19931929128469317
CALCE,test_CS2_35,CS2_35,389.0,0.8875219821929932,0.7814569691308901,0.21854303086910984
CALCE,test_CS2_35,CS2_35,390.0,0.8875210285186768,0.7805242026205211,0.21947579737947884
CALCE,test_CS2_35,CS2_35,391.0,0.8875277638435364,0.7872545683594742,0.2127454316405259
CALCE,test_CS2_35,CS2_35,392.0,0.8873386979103088,0.8058751201258911,0.19412487987410887
CALCE,test_CS2_35,CS2_35,393.0,0.8873823285102844,0.8037744164679231,0.1962255835320768
CALCE,test_CS2_35,CS2_35,394.0,0.8872924447059631,0.7889493779844697,0.2110506220155302
CALCE,test_CS2_35,CS2_35,395.0,0.887301504611969,0.7871317848018532,0.2128682151981468
CALCE,test_CS2_35,CS2_35,396.0,0.8873176574707031,0.785839231087485,0.21416076891251495
CALCE,test_CS2_35,CS2_35,397.0,0.8872663974761963,0.7802200744324517,0.21977992556754833
CALCE,test_CS2_35,CS2_35,398.0,0.8870978951454163,0.7780038017150392,0.22199619828496064
CALCE,test_CS2_35,CS2_35,399.0,0.8798524737358093,0.7508407480686299,0.24915925193137003
CALCE,test_CS2_35,CS2_35,400.0,0.8918742537498474,0.7859398499874629,0.21406015001253711
CALCE,test_CS2_35,CS2_35,401.0,0.8909459114074707,0.7831440311114055,0.21685596888859446
CALCE,test_CS2_35,CS2_35,402.0,0.8915521502494812,0.7710101628554991,0.22898983714450108
CALCE,test_CS2_35,CS2_35,403.0,0.8985472917556763,0.7929183706535736,0.2070816293464264
CALCE,test_CS2_35,CS2_35,404.0,0.8992449641227722,0.7967202676841225,0.20327973231587743
CALCE,test_CS2_35,CS2_35,405.0,0.8916409015655518,0.7738400064625588,0.22615999353744123
CALCE,test_CS2_35,CS2_35,406.0,0.8909611105918884,0.7716122660763849,0.2283877339236151
CALCE,test_CS2_35,CS2_35,407.0,0.8912423849105835,0.7728968748523153,0.22710312514768471
CALCE,test_CS2_35,CS2_35,408.0,0.8909823298454285,0.771583813072211,0.22841618692778898
CALCE,test_CS2_35,CS2_35,409.0,0.8899834156036377,0.7680539225512178,0.2319460774487822
CALCE,test_CS2_35,CS2_35,410.0,0.8969706892967224,0.7892983168337279,0.21070168316627216
CALCE,test_CS2_35,CS2_35,411.0,0.8973979949951172,0.7910267631026898,0.20897323689731004
CALCE,test_CS2_35,CS2_35,412.0,0.8964053392410278,0.7883242745937359,0.21167572540626414
CALCE,test_CS2_35,CS2_35,413.0,0.8887811303138733,0.7632109022957048,0.23678909770429526
CALCE,test_CS2_35,CS2_35,414.0,0.8889891505241394,0.7845029049986603,0.21549709500133973
CALCE,test_CS2_35,CS2_35,415.0,0.8889592885971069,0.744254306171381,0.25574569382861895
CALCE,test_CS2_35,CS2_35,416.0,0.8813249468803406,0.7174499505025695,0.28255004949743046
CALCE,test_CS2_35,CS2_35,417.0,0.8814767003059387,0.7127122886841029,0.2872877113158972
CALCE,test_CS2_35,CS2_35,418.0,0.889018714427948,0.7138575915434495,0.2861424084565505
CALCE,test_CS2_35,CS2_35,419.0,0.8894904851913452,0.7147485034356796,0.28525149656432036
CALCE,test_CS2_35,CS2_35,420.0,0.8806827664375305,0.7101794811758274,0.2898205188241726
CALCE,test_CS2_35,CS2_35,421.0,0.873696506023407,0.6828229429706543,0.3171770570293456
CALCE,test_CS2_35,CS2_35,422.0,0.8732693195343018,0.676692838839263,0.323307161160737
CALCE,test_CS2_35,CS2_35,423.0,0.8802764415740967,0.7022826698442086,0.29771733015579144
CALCE,test_CS2_35,CS2_35,424.0,0.8812733292579651,0.7093394174308253,0.29066058256917465
CALCE,test_CS2_35,CS2_35,425.0,0.8816772699356079,0.6858324399622523,0.31416756003774776
CALCE,test_CS2_35,CS2_35,426.0,0.8817660212516785,0.6871569745491212,0.3128430254508787
CALCE,test_CS2_35,CS2_35,427.0,0.8820329308509827,0.6951594329092837,0.30484056709071633
CALCE,test_CS2_35,CS2_35,428.0,0.8823079466819763,0.7275311918713215,0.27246880812867846
CALCE,test_CS2_35,CS2_35,429.0,0.8823122978210449,0.7284633445540382,0.2715366554459618
CALCE,test_CS2_35,CS2_35,430.0,0.8820957541465759,0.7296792873024234,0.27032071269757657
CALCE,test_CS2_35,CS2_35,431.0,0.8813762068748474,0.7552607403656806,0.24473925963431947
CALCE,test_CS2_35,CS2_35,432.0,0.881117582321167,0.7537942506863384,0.24620574931366157
CALCE,test_CS2_35,CS2_35,433.0,0.8808693885803223,0.7284675946055028,0.27153240539449724
CALCE,test_CS2_35,CS2_35,434.0,0.8806452751159668,0.7281071875763214,0.2718928124236785
CALCE,test_CS2_35,CS2_35,435.0,0.8805696368217468,0.7606659642273323,0.23933403577266768
CALCE,test_CS2_35,CS2_35,436.0,0.8804512023925781,0.7829999682805183,0.21700003171948168
CALCE,test_CS2_35,CS2_35,437.0,0.8803392648696899,0.7822555649241171,0.21774443507588298
CALCE,test_CS2_35,CS2_35,438.0,0.8801913857460022,0.7602121453316445,0.23978785466835548
CALCE,test_CS2_35,CS2_35,439.0,0.8800570368766785,0.75624260803206,0.24375739196794002
CALCE,test_CS2_35,CS2_35,440.0,0.8642523884773254,0.6895402376101637,0.31045976238983625
CALCE,test_CS2_35,CS2_35,441.0,0.8583782911300659,0.6608980052722513,0.3391019947277487
CALCE,test_CS2_35,CS2_35,442.0,0.856412947177887,0.6467415227700392,0.35325847722996084
CALCE,test_CS2_35,CS2_35,443.0,0.8560881018638611,0.6398925506026255,0.36010744939737455
CALCE,test_CS2_35,CS2_35,444.0,0.850090503692627,0.609972824111067,0.39002717588893304
CALCE,test_CS2_35,CS2_35,445.0,0.8648245334625244,0.6670887920545107,0.33291120794548934
CALCE,test_CS2_35,CS2_35,446.0,0.8660687804222107,0.6760031945686235,0.3239968054313765
CALCE,test_CS2_35,CS2_35,447.0,0.8584340214729309,0.6464710409568508,0.35352895904314924
CALCE,test_CS2_35,CS2_35,448.0,0.8575872778892517,0.6442979535514066,0.35570204644859343
CALCE,test_CS2_35,CS2_35,449.0,0.8639806509017944,0.6725021689832821,0.327497831016718
CALCE,test_CS2_35,CS2_35,450.0,0.8661613464355469,0.6849401378045767,0.31505986219542326
CALCE,test_CS2_35,CS2_35,451.0,0.8664987683296204,0.6911382537509378,0.30886174624906215
CALCE,test_CS2_35,CS2_35,452.0,0.8563470840454102,0.6542154920387221,0.3457845079612779
CALCE,test_CS2_35,CS2_35,453.0,0.8495942950248718,0.6288585673431497,0.3711414326568503
CALCE,test_CS2_35,CS2_35,454.0,0.8488787412643433,0.6287960572203914,0.3712039427796085
CALCE,test_CS2_35,CS2_35,455.0,0.8486262559890747,0.6945766115410996,0.3054233884589004
CALCE,test_CS2_35,CS2_35,456.0,0.8416503071784973,0.6877584499406467,0.31224155005935333
CALCE,test_CS2_35,CS2_35,457.0,0.8473314046859741,0.7132229103987068,0.28677708960129317
CALCE,test_CS2_35,CS2_35,458.0,0.8494537472724915,0.7201477119893821,0.27985228801061784
CALCE,test_CS2_35,CS2_35,459.0,0.857113778591156,0.7657663447302953,0.23423365526970472
CALCE,test_CS2_35,CS2_35,460.0,0.8582506775856018,0.7215852195820236,0.27841478041797646
CALCE,test_CS2_35,CS2_35,461.0,0.8492456674575806,0.6844241697638653,0.31557583023613467
CALCE,test_CS2_35,CS2_35,462.0,0.8480958938598633,0.7102037283978482,0.2897962716021518
CALCE,test_CS2_35,CS2_35,463.0,0.8479894399642944,0.7125123009018834,0.2874876990981165
CALCE,test_CS2_35,CS2_35,464.0,0.8473163843154907,0.6868149058227995,0.31318509417720064
CALCE,test_CS2_35,CS2_35,465.0,0.8417260646820068,0.6574045365078093,0.3425954634921907
CALCE,test_CS2_35,CS2_35,466.0,0.8501456379890442,0.691614388266121,0.30838561173387896
CALCE,test_CS2_35,CS2_35,467.0,0.8559579849243164,0.7538760939147688,0.24612390608523121
CALCE,test_CS2_35,CS2_35,468.0,0.8553571701049805,0.7766082516788885,0.22339174832111144
CALCE,test_CS2_35,CS2_35,469.0,0.8417438268661499,0.7313560651131529,0.26864393488684707
CALCE,test_CS2_35,CS2_35,470.0,0.8417451977729797,0.7301954093427345,0.2698045906572654
CALCE,test_CS2_35,CS2_35,471.0,0.8405904173851013,0.748063125695125,0.25193687430487494
CALCE,test_CS2_35,CS2_35,472.0,0.8400591611862183,0.723335760846973,0.2766642391530269
CALCE,test_CS2_35,CS2_35,473.0,0.8399136662483215,0.7129587447514137,0.28704125524858626
CALCE,test_CS2_35,CS2_35,474.0,0.8480462431907654,0.7150875957019214,0.2849124042980787
CALCE,test_CS2_35,CS2_35,475.0,0.8487808704376221,0.7167992454776853,0.28320075452231475
CALCE,test_CS2_35,CS2_35,476.0,0.8403176665306091,0.7203975778668387,0.2796024221331614
CALCE,test_CS2_35,CS2_35,477.0,0.8395169377326965,0.7208956920890219,0.2791043079109781
CALCE,test_CS2_35,CS2_35,478.0,0.8399520516395569,0.7221568740640847,0.2778431259359153
CALCE,test_CS2_35,CS2_35,479.0,0.8396618962287903,0.7230479597988397,0.27695204020116027
CALCE,test_CS2_35,CS2_35,480.0,0.8394774198532104,0.7414070328569023,0.25859296714309776
CALCE,test_CS2_35,CS2_35,481.0,0.8412877917289734,0.7181275110758615,0.2818724889241384
CALCE,test_CS2_35,CS2_35,482.0,0.8473454117774963,0.7216824305956213,0.2783175694043786
CALCE,test_CS2_35,CS2_35,483.0,0.8475801348686218,0.7291846068046144,0.27081539319538567
CALCE,test_CS2_35,CS2_35,484.0,0.8334408402442932,0.7283920483028112,0.27160795169718877
CALCE,test_CS2_35,CS2_35,485.0,0.8334603905677795,0.7262968433470219,0.27370315665297795
CALCE,test_CS2_35,CS2_35,486.0,0.8334599733352661,0.7284183891863653,0.2715816108136348
CALCE,test_CS2_35,CS2_35,487.0,0.8334706425666809,0.72836376180268,0.2716362381973199
CALCE,test_CS2_35,CS2_35,488.0,0.8325152397155762,0.7234677678920365,0.2765322321079635
CALCE,test_CS2_35,CS2_35,489.0,0.840323805809021,0.7224748340246372,0.27752516597536275
CALCE,test_CS2_35,CS2_35,490.0,0.8409466743469238,0.7247714343675431,0.275228565632457
CALCE,test_CS2_35,CS2_35,491.0,0.841153085231781,0.7575757582900524,0.24242424170994753
CALCE,test_CS2_35,CS2_35,492.0,0.8411349058151245,0.7609408572288439,0.23905914277115628
CALCE,test_CS2_35,CS2_35,493.0,0.8410826921463013,0.7599971358127162,0.24000286418728387
CALCE,test_CS2_35,CS2_35,494.0,0.8409861922264099,0.7612629389350863,0.23873706106491357
CALCE,test_CS2_35,CS2_35,495.0,0.8409220576286316,0.7621660789141136,0.23783392108588647
CALCE,test_CS2_35,CS2_35,496.0,0.8406886458396912,0.7560642321126753,0.24393576788732466
CALCE,test_CS2_35,CS2_35,497.0,0.8407307267189026,0.7375849707401759,0.2624150292598241
CALCE,test_CS2_35,CS2_35,498.0,0.8403536677360535,0.7380933562518351,0.26190664374816497
CALCE,test_CS2_35,CS2_35,499.0,0.8402793407440186,0.7881962441393324,0.2118037558606676
CALCE,test_CS2_35,CS2_35,500.0,0.8401122093200684,0.7867623792149515,0.21323762078504857
CALCE,test_CS2_35,CS2_35,501.0,0.8395872116088867,0.7840109985460018,0.21598900145399824
CALCE,test_CS2_35,CS2_35,502.0,0.8394104838371277,0.7820292246162357,0.21797077538376428
CALCE,test_CS2_35,CS2_35,503.0,0.8334841728210449,0.7630666660504689,0.23693333394953103
CALCE,test_CS2_35,CS2_35,504.0,0.8327624201774597,0.7330770305001689,0.2669229694998312
CALCE,test_CS2_35,CS2_35,505.0,0.8334912061691284,0.7320922202081015,0.26790777979189856
CALCE,test_CS2_35,CS2_35,506.0,0.8397402763366699,0.7516617166613604,0.24833828333863964
CALCE,test_CS2_35,CS2_35,507.0,0.8397456407546997,0.7524523383377512,0.24754766166224887
CALCE,test_CS2_35,CS2_35,508.0,0.8312909603118896,0.7214814759201696,0.27851852407983047
CALCE,test_CS2_35,CS2_35,509.0,0.8251027464866638,0.6964069884170963,0.30359301158290375
CALCE,test_CS2_35,CS2_35,510.0,0.8251182436943054,0.6944869571312324,0.3055130428687676
CALCE,test_CS2_35,CS2_35,511.0,0.8245697021484375,0.6915216360426839,0.30847836395731615
CALCE,test_CS2_35,CS2_35,512.0,0.8239591121673584,0.687653729387276,0.312346270612724
CALCE,test_CS2_35,CS2_35,513.0,0.8309832811355591,0.7147401782921585,0.2852598217078416
CALCE,test_CS2_35,CS2_35,514.0,0.8315421342849731,0.7183886497605417,0.28161135023945827
CALCE,test_CS2_35,CS2_35,515.0,0.8317054510116577,0.7212861318538093,0.27871386814619076
CALCE,test_CS2_35,CS2_35,516.0,0.8229604363441467,0.6904514675192996,0.3095485324807004
CALCE,test_CS2_35,CS2_35,517.0,0.8167768716812134,0.6657832304970175,0.3342167695029824
CALCE,test_CS2_35,CS2_35,518.0,0.8167165517807007,0.6876688747271468,0.3123311252728532
CALCE,test_CS2_35,CS2_35,519.0,0.8163949251174927,0.6872806226227163,0.31271937737728384
CALCE,test_CS2_35,CS2_35,520.0,0.8165762424468994,0.6838106821756302,0.31618931782436965
CALCE,test_CS2_35,CS2_35,521.0,0.8237694501876831,0.6885104597883293,0.3114895402116707
CALCE,test_CS2_35,CS2_35,522.0,0.8240613341331482,0.6933721050237989,0.3066278949762011
CALCE,test_CS2_35,CS2_35,523.0,0.8228398561477661,0.724088950365727,0.27591104963427304
CALCE,test_CS2_35,CS2_35,524.0,0.8152465224266052,0.7188852593387485,0.2811147406612516
CALCE,test_CS2_35,CS2_35,525.0,0.8083853721618652,0.690257415891834,0.309742584108166
CALCE,test_CS2_35,CS2_35,526.0,0.8151127696037292,0.7151569943632039,0.28484300563679615
CALCE,test_CS2_35,CS2_35,527.0,0.8083837032318115,0.6900382430626893,0.30996175693731065
CALCE,test_CS2_35,CS2_35,528.0,0.8079778552055359,0.6601840568192374,0.3398159431807626
CALCE,test_CS2_35,CS2_35,529.0,0.8164894580841064,0.6923621388849878,0.30763786111501223
CALCE,test_CS2_35,CS2_35,530.0,0.8167890310287476,0.6965571497366122,0.30344285026338785
CALCE,test_CS2_35,CS2_35,531.0,0.8144196271896362,0.7236633352920815,0.27633666470791857
CALCE,test_CS2_35,CS2_35,532.0,0.8072741627693176,0.7197976420225279,0.280202357977472
CALCE,test_CS2_35,CS2_35,533.0,0.8080902099609375,0.7213511786368152,0.27864882136318486
CALCE,test_CS2_35,CS2_35,534.0,0.8080002665519714,0.7209248130771981,0.2790751869228018
CALCE,test_CS2_35,CS2_35,535.0,0.8074550032615662,0.7171978675585073,0.28280213244149266
CALCE,test_CS2_35,CS2_35,536.0,0.8080127239227295,0.6932120106104985,0.30678798938950136
CALCE,test_CS2_35,CS2_35,537.0,0.8146548271179199,0.7190993606666025,0.2809006393333975
CALCE,test_CS2_35,CS2_35,538.0,0.8147258758544922,0.7275167901809875,0.2724832098190126
CALCE,test_CS2_35,CS2_35,539.0,0.8148730993270874,0.7576199046744749,0.24238009532552518
CALCE,test_CS2_35,CS2_35,540.0,0.8148727416992188,0.7810967557751605,0.21890324422483945
CALCE,test_CS2_35,CS2_35,541.0,0.8147494196891785,0.7603808176116659,0.2396191823883342
CALCE,test_CS2_35,CS2_35,542.0,0.8149814605712891,0.783866744997275,0.21613325500272498
CALCE,test_CS2_35,CS2_35,543.0,0.815079927444458,0.785125584554224,0.21487441544577607
CALCE,test_CS2_35,CS2_35,544.0,0.8150907754898071,0.7596493320348507,0.24035066796514934
CALCE,test_CS2_35,CS2_35,545.0,0.8150796890258789,0.7601752412531352,0.23982475874686487
CALCE,test_CS2_35,CS2_35,546.0,0.8151309490203857,0.7694995663225714,0.2305004336774286
CALCE,test_CS2_35,CS2_35,547.0,0.815220296382904,0.7932891543283949,0.20671084567160516
CALCE,test_CS2_35,CS2_35,548.0,0.8149716258049011,0.7893545901205684,0.21064540987943148
CALCE,test_CS2_35,CS2_35,549.0,0.8149765133857727,0.7887504727164625,0.21124952728353763
CALCE,test_CS2_35,CS2_35,550.0,0.8149482607841492,0.7891649528008561,0.21083504719914403
CALCE,test_CS2_35,CS2_35,551.0,0.8150009512901306,0.786246913526946,0.21375308647305405
CALCE,test_CS2_35,CS2_35,552.0,0.7999899983406067,0.7067075210010498,0.2932924789989501
CALCE,test_CS2_35,CS2_35,553.0,0.7992458939552307,0.7000097331470946,0.2999902668529053
CALCE,test_CS2_35,CS2_35,554.0,0.7997440695762634,0.6982148111519842,0.30178518884801586
CALCE,test_CS2_35,CS2_35,555.0,0.806693971157074,0.7217012022244579,0.2782987977755422
CALCE,test_CS2_35,CS2_35,556.0,0.8068960309028625,0.7225970454056282,0.27740295459437175
CALCE,test_CS2_35,CS2_35,557.0,0.7989727854728699,0.6904244759668836,0.30957552403311644
CALCE,test_CS2_35,CS2_35,558.0,0.7983357310295105,0.686001776561702,0.31399822343829786
CALCE,test_CS2_35,CS2_35,559.0,0.7981578707695007,0.684203909522778,0.31579609047722196
CALCE,test_CS2_35,CS2_35,560.0,0.7983794212341309,0.6846742438478388,0.3153257561521611
CALCE,test_CS2_35,CS2_35,561.0,0.7981795072555542,0.6839044398462533,0.31609556015374674
CALCE,test_CS2_35,CS2_35,562.0,0.7991167902946472,0.6881232048106796,0.3118767951893205
CALCE,test_CS2_35,CS2_35,563.0,0.8001115918159485,0.6946563679853842,0.3053436320146158
CALCE,test_CS2_35,CS2_35,564.0,0.8000943064689636,0.6969855564161701,0.3030144435838299
CALCE,test_CS2_35,CS2_35,565.0,0.7917219400405884,0.6655454042781379,0.3344545957218622
CALCE,test_CS2_35,CS2_35,566.0,0.7909036874771118,0.6635679089017777,0.3364320910982222
CALCE,test_CS2_35,CS2_35,567.0,0.7912393808364868,0.7251816219517321,0.27481837804826786
CALCE,test_CS2_35,CS2_35,568.0,0.7910798788070679,0.7256987702780124,0.2743012297219875
CALCE,test_CS2_35,CS2_35,569.0,0.7906599044799805,0.7209737445932762,0.27902625540672377
CALCE,test_CS2_35,CS2_35,570.0,0.7917693257331848,0.700207924636859,0.29979207536314106
CALCE,test_CS2_35,CS2_35,571.0,0.7917779088020325,0.7011230288257518,0.2988769711742482
CALCE,test_CS2_35,CS2_35,572.0,0.7978996634483337,0.7534123638558643,0.24658763614413579
CALCE,test_CS2_35,CS2_35,573.0,0.7833921909332275,0.7005808922237553,0.29941910777624464
CALCE,test_CS2_35,CS2_35,574.0,0.7829368114471436,0.6976263308392187,0.3023736691607813
CALCE,test_CS2_35,CS2_35,575.0,0.7829678058624268,0.6954922471707232,0.3045077528292768
CALCE,test_CS2_35,CS2_35,576.0,0.7824521064758301,0.6933771954941582,0.3066228045058419
CALCE,test_CS2_35,CS2_35,577.0,0.7820734977722168,0.687983974131474,0.31201602586852595
CALCE,test_CS2_35,CS2_35,578.0,0.7902374863624573,0.7156751432839614,0.2843248567160386
CALCE,test_CS2_35,CS2_35,579.0,0.7910029888153076,0.721672910640819,0.27832708935918105
CALCE,test_CS2_35,CS2_35,580.0,0.7913057804107666,0.7550693091794367,0.24493069082056326
CALCE,test_CS2_35,CS2_35,581.0,0.7823270559310913,0.7261289181898033,0.27387108181019676
CALCE,test_CS2_35,CS2_35,582.0,0.7828134298324585,0.7259773150985162,0.27402268490148385
CALCE,test_CS2_35,CS2_35,583.0,0.7832692265510559,0.7279220644273355,0.2720779355726644
CALCE,test_CS2_35,CS2_35,584.0,0.7831600308418274,0.729018061732382,0.27098193826761796
CALCE,test_CS2_35,CS2_35,585.0,0.7899622917175293,0.7494737919222534,0.25052620807774656
CALCE,test_CS2_35,CS2_35,586.0,0.7910973429679871,0.7554998437180338,0.24450015628196634
CALCE,test_CS2_35,CS2_35,587.0,0.791540801525116,0.7397548679399096,0.2602451320600904
CALCE,test_CS2_35,CS2_35,588.0,0.7916692495346069,0.7918629560233406,0.20813704397665944
CALCE,test_CS2_35,CS2_35,589.0,0.7916919589042664,0.7936255621413305,0.20637443785866944
CALCE,test_CS2_35,CS2_35,590.0,0.7917824387550354,0.793850192400218,0.206149807599782
CALCE,test_CS2_35,CS2_35,591.0,0.7918211221694946,0.7952601228424094,0.20473987715759062
CALCE,test_CS2_35,CS2_35,592.0,0.7917312383651733,0.7955135210098656,0.2044864789901343
CALCE,test_CS2_35,CS2_35,593.0,0.7916679382324219,0.7710707791038798,0.22892922089612014
CALCE,test_CS2_35,CS2_35,594.0,0.7916046380996704,0.7693426721019497,0.23065732789805027
CALCE,test_CS2_35,CS2_35,595.0,0.7915473580360413,0.7692013820850294,0.23079861791497064
CALCE,test_CS2_35,CS2_35,596.0,0.7914366722106934,0.7981048640907554,0.2018951359092447
CALCE,test_CS2_35,CS2_35,597.0,0.7912895083427429,0.7950215912350193,0.20497840876498086
CALCE,test_CS2_35,CS2_35,598.0,0.7911227345466614,0.7917644108782333,0.20823558912176662
CALCE,test_CS2_35,CS2_35,599.0,0.7908573150634766,0.7896480131497644,0.2103519868502357
CALCE,test_CS2_35,CS2_35,600.0,0.7915422320365906,0.7714737344821924,0.2285262655178077
CALCE,test_CS2_35,CS2_35,601.0,0.7903524041175842,0.7635900394499755,0.23640996055002447
CALCE,test_CS2_35,CS2_35,602.0,0.7834450602531433,0.7354571485822243,0.2645428514177756
CALCE,test_CS2_35,CS2_35,603.0,0.791433572769165,0.7599679459263435,0.24003205407365655
CALCE,test_CS2_35,CS2_35,604.0,0.7913617491722107,0.7599655966601696,0.24003440333983045
CALCE,test_CS2_35,CS2_35,605.0,0.7834644913673401,0.7310131192504024,0.2689868807495977
CALCE,test_CS2_35,CS2_35,606.0,0.775138258934021,0.6968552716464798,0.30314472835352024
CALCE,test_CS2_35,CS2_35,607.0,0.7751739025115967,0.6942408408254828,0.3057591591745173
CALCE,test_CS2_35,CS2_35,608.0,0.7751926183700562,0.6920447022384046,0.3079552977615953
CALCE,test_CS2_35,CS2_35,609.0,0.7751885652542114,0.6903469953356888,0.30965300466431117
CALCE,test_CS2_35,CS2_35,610.0,0.7750195264816284,0.6885559804721544,0.3114440195278456
CALCE,test_CS2_35,CS2_35,611.0,0.7835952639579773,0.7203665734018893,0.2796334265981108
CALCE,test_CS2_35,CS2_35,612.0,0.789721667766571,0.7445053011137375,0.2554946988862625
CALCE,test_CS2_35,CS2_35,613.0,0.782497227191925,0.7213604377855161,0.27863956221448394
CALCE,test_CS2_35,CS2_35,614.0,0.7748053669929504,0.6938320416347816,0.3061679583652185
CALCE,test_CS2_35,CS2_35,615.0,0.7743514776229858,0.689733642386071,0.3102663576139289
CALCE,test_CS2_35,CS2_35,616.0,0.7747564315795898,0.696662241172978,0.30333775882702196
CALCE,test_CS2_35,CS2_35,617.0,0.7741689682006836,0.7208883938911997,0.2791116061088003
CALCE,test_CS2_35,CS2_35,618.0,0.7738814949989319,0.69131972027663,0.3086802797233699
CALCE,test_CS2_35,CS2_35,619.0,0.7820268273353577,0.72438611371331,0.2756138862866899
CALCE,test_CS2_35,CS2_35,620.0,0.7825080752372742,0.7575074582515552,0.24249254174844478
CALCE,test_CS2_35,CS2_35,621.0,0.781897783279419,0.78422883829,0.21577116171000005
CALCE,test_CS2_35,CS2_35,622.0,0.7668630480766296,0.73046827167105,0.26953172832895
CALCE,test_CS2_35,CS2_35,623.0,0.7656775116920471,0.7225472959232488,0.27745270407675116
CALCE,test_CS2_35,CS2_35,624.0,0.7913306951522827,0.8014177354396773,0.1985822645603227
CALCE,test_CS2_35,CS2_35,625.0,0.7817132472991943,0.7734434713160045,0.2265565286839954
CALCE,test_CS2_35,CS2_35,626.0,0.7575501799583435,0.6485445140036389,0.35145548599636106
CALCE,test_CS2_35,CS2_35,627.0,0.7418136596679688,0.5480882911881054,0.45191170881189446
CALCE,test_CS2_35,CS2_35,628.0,0.7566420435905457,0.63870289229439,0.3612971077056101
CALCE,test_CS2_35,CS2_35,629.0,0.7566874027252197,0.6681329851985663,0.3318670148014336
CALCE,test_CS2_35,CS2_35,630.0,0.7502745389938354,0.6397821162219102,0.3602178837780897
CALCE,test_CS2_35,CS2_35,631.0,0.73259437084198,0.5533134894478197,0.4466865105521804
CALCE,test_CS2_35,CS2_35,632.0,0.7167727947235107,0.4732769801693657,0.5267230198306343
CALCE,test_CS2_35,CS2_35,633.0,0.7164236307144165,0.4621129633234447,0.5378870366765554
CALCE,test_CS2_35,CS2_35,634.0,0.7084410190582275,0.38361057896694994,0.61638942103305
CALCE,test_CS2_35,CS2_35,635.0,0.7084274888038635,0.37665691962707953,0.6233430803729204
CALCE,test_CS2_35,CS2_35,636.0,0.7168408036231995,0.41418109305359335,0.5858189069464067
CALCE,test_CS2_35,CS2_35,637.0,0.7239795923233032,0.5157569730352978,0.48424302696470223
CALCE,test_CS2_35,CS2_35,638.0,0.7165470719337463,0.48872924976947585,0.5112707502305242
CALCE,test_CS2_35,CS2_35,639.0,0.7001068592071533,0.3156892155371049,0.6843107844628952
CALCE,test_CS2_35,CS2_35,640.0,0.7000929713249207,0.36118706346963886,0.6388129365303611
CALCE,test_CS2_35,CS2_35,641.0,0.6917353868484497,0.4360141247165733,0.5639858752834268
CALCE,test_CS2_35,CS2_35,642.0,0.6917394995689392,0.5069246761898452,0.4930753238101548
CALCE,test_CS2_35,CS2_35,643.0,0.6834004521369934,0.40590029291080143,0.5940997070891986
CALCE,test_CS2_35,CS2_35,644.0,0.6992101073265076,0.4793849092705094,0.5206150907294906
CALCE,test_CS2_35,CS2_35,645.0,0.7001522779464722,0.5232556030841743,0.4767443969158258
CALCE,test_CS2_35,CS2_35,646.0,0.7001680731773376,0.6121597835259206,0.3878402164740795
CALCE,test_CS2_35,CS2_35,647.0,0.6834274530410767,0.6103602211415129,0.3896397788584871
CALCE,test_CS2_35,CS2_35,648.0,0.6750593781471252,0.5723154302743895,0.4276845697256105
CALCE,test_CS2_35,CS2_35,649.0,0.6750711798667908,0.6037971532181217,0.3962028467818782
CALCE,test_CS2_35,CS2_35,650.0,0.6750432848930359,0.6001529056351521,0.399847094364848
CALCE,test_CS2_35,CS2_35,651.0,0.6750560998916626,0.563188764116383,0.4368112358836169
CALCE,test_CS2_35,CS2_35,652.0,0.6750682592391968,0.5354937594144982,0.46450624058550183
CALCE,test_CS2_35,CS2_35,653.0,0.6667094826698303,0.5355093971461743,0.46449060285382565
CALCE,test_CS2_35,CS2_35,654.0,0.6667050719261169,0.6108253875966753,0.3891746124033246
CALCE,test_CS2_35,CS2_35,655.0,0.6666974425315857,0.6106788439357534,0.38932115606424644
CALCE,test_CS2_35,CS2_35,656.0,0.6583845019340515,0.6095865589837921,0.39041344101620795
CALCE,test_CS2_35,CS2_35,657.0,0.6583684086799622,0.606916626017596,0.393083373982404
CALCE,test_CS2_35,CS2_35,658.0,0.6667328476905823,0.674578258001678,0.325421741998322
CALCE,test_CS2_35,CS2_35,659.0,0.6750960946083069,0.6491497141267419,0.35085028587325806
CALCE,test_CS2_35,CS2_35,660.0,0.6751044392585754,0.6530450772616501,0.34695492273834994
CALCE,test_CS2_35,CS2_35,661.0,0.6746903657913208,0.6600079055201574,0.3399920944798425
CALCE,test_CS2_35,CS2_35,662.0,0.6751248836517334,0.7346365216952923,0.26536347830470775
CALCE,test_CS2_35,CS2_35,663.0,0.6746420860290527,0.7652825746489648,0.2347174253510353
CALCE,test_CS2_35,CS2_35,664.0,0.6751304268836975,0.7688639080349328,0.23113609196506724
CALCE,test_CS2_35,CS2_35,665.0,0.6751222610473633,0.7710073083283044,0.22899269167169556
CALCE,test_CS2_35,CS2_35,666.0,0.6750221848487854,0.7726996427445731,0.2273003572554269
CALCE,test_CS2_35,CS2_35,667.0,0.6751441955566406,0.7750913521115785,0.2249086478884215
CALCE,test_CS2_35,CS2_35,668.0,0.6751236915588379,0.8021209965332369,0.19787900346676318
CALCE,test_CS2_35,CS2_35,669.0,0.6750504374504089,0.801799155518953,0.19820084448104697
CALCE,test_CS2_35,CS2_35,670.0,0.6748472452163696,0.8008507018841576,0.1991492981158423
CALCE,test_CS2_35,CS2_35,671.0,0.6745876669883728,0.8226960027758338,0.17730399722416626
CALCE,test_CS2_35,CS2_35,672.0,0.6667947769165039,0.7965710835173683,0.2034289164826317
CALCE,test_CS2_35,CS2_35,673.0,0.7001444697380066,0.8544540072791805,0.14554599272081947
CALCE,test_CS2_35,CS2_35,674.0,0.691730260848999,0.8150949297654126,0.18490507023458735
CALCE,test_CS2_35,CS2_35,675.0,0.6751523613929749,0.7650676114378009,0.2349323885621991
CALCE,test_CS2_35,CS2_35,676.0,0.675133228302002,0.7653254277594576,0.2346745722405425
CALCE,test_CS2_35,CS2_35,677.0,0.6749540567398071,0.762257317972914,0.237742682027086
CALCE,test_CS2_35,CS2_35,678.0,0.6746090650558472,0.7615797586715952,0.23842024132840484
CALCE,test_CS2_35,CS2_35,679.0,0.6667975187301636,0.7307593112748544,0.2692406887251456
CALCE,test_CS2_35,CS2_35,680.0,0.6668120622634888,0.7279389785369937,0.27206102146300615
CALCE,test_CS2_35,CS2_35,681.0,0.6668143272399902,0.7256616378932647,0.2743383621067354
CALCE,test_CS2_35,CS2_35,682.0,0.6584808826446533,0.6902604208312784,0.3097395791687215
CALCE,test_CS2_35,CS2_35,683.0,0.6584828495979309,0.6861410309909083,0.3138589690090917
CALCE,test_CS2_35,CS2_35,684.0,0.6584086418151855,0.6825024584779067,0.31749754152209336
CALCE,test_CS2_35,CS2_35,685.0,0.6582038402557373,0.679389486207412,0.32061051379258804
CALCE,test_CS2_35,CS2_35,686.0,0.6500820517539978,0.6435443818137734,0.3564556181862265
CALCE,test_CS2_35,CS2_35,687.0,0.6500745415687561,0.6702705199145405,0.32972948008545944
CALCE,test_CS2_35,CS2_35,688.0,0.6580918431282043,0.5723194628352052,0.42768053716479487
CALCE,test_CS2_35,CS2_35,689.0,0.6584857106208801,0.6183696702813702,0.38163032971862965
CALCE,test_CS2_35,CS2_35,690.0,0.6501137018203735,0.6583481851342698,0.34165181486573004
CALCE,test_CS2_35,CS2_35,691.0,0.6417779326438904,0.6226975970566309,0.3773024029433692
CALCE,test_CS2_35,CS2_35,692.0,0.6417585611343384,0.6228515872962144,0.3771484127037857
CALCE,test_CS2_35,CS2_35,693.0,0.6417532563209534,0.6250236142836589,0.37497638571634107
CALCE,test_CS2_35,CS2_35,694.0,0.6334381699562073,0.6224617628262614,0.3775382371737386
CALCE,test_CS2_35,CS2_35,695.0,0.6334299445152283,0.6208362184479784,0.3791637815520215
CALCE,test_CS2_35,CS2_35,696.0,0.6334108114242554,0.620574317207487,0.379425682792513
CALCE,test_CS2_35,CS2_35,697.0,0.6334144473075867,0.6558103090174598,0.34418969098254004
CALCE,test_CS2_35,CS2_35,698.0,0.6334437131881714,0.6555673400926608,0.34443265990733907
CALCE,test_CS2_35,CS2_35,699.0,0.6334174871444702,0.6563767825044433,0.3436232174955568
CALCE,test_CS2_35,CS2_35,700.0,0.6250748634338379,0.6223362692530587,0.3776637307469412
CALCE,test_CS2_35,CS2_35,701.0,0.625063955783844,0.6558325447451117,0.3441674552548883
CALCE,test_CS2_35,CS2_35,702.0,0.6167106628417969,0.618193028465658,0.3818069715343419
CALCE,test_CS2_35,CS2_35,703.0,0.6167298555374146,0.5840650001498443,0.41593499985015564
CALCE,test_CS2_35,CS2_35,704.0,0.6167175769805908,0.584374155798279,0.41562584420172105
CALCE,test_CS2_35,CS2_35,705.0,0.6167147159576416,0.6235662054981326,0.3764337945018674
CALCE,test_CS2_35,CS2_35,706.0,0.6167104840278625,0.660078152232722,0.33992184776727785
CALCE,test_CS2_35,CS2_35,707.0,0.6167380809783936,0.6611767263074586,0.33882327369254134
CALCE,test_CS2_35,CS2_35,708.0,0.6083764433860779,0.6266224342626083,0.37337756573739156
CALCE,test_CS2_35,CS2_35,709.0,0.6083776950836182,0.6613161385486651,0.33868386145133494
CALCE,test_CS2_35,CS2_35,710.0,0.6083846092224121,0.6606722573249424,0.3393277426750576
CALCE,test_CS2_35,CS2_35,711.0,0.6083914637565613,0.6610415229825617,0.33895847701743836
CALCE,test_CS2_35,CS2_35,712.0,0.6083777546882629,0.6622042984367185,0.33779570156328154
CALCE,test_CS2_35,CS2_35,713.0,0.600059986114502,0.6280943511262452,0.3719056488737548
CALCE,test_CS2_35,CS2_35,714.0,0.6000373959541321,0.6292684865779842,0.3707315134220159
CALCE,test_CS2_35,CS2_35,715.0,0.6000449061393738,0.665603214661979,0.3343967853380209
CALCE,test_CS2_35,CS2_35,716.0,0.6000464558601379,0.6665572847473373,0.33344271525266267
CALCE,test_CS2_35,CS2_35,717.0,0.6000333428382874,0.7007092572999423,0.2992907427000578
CALCE,test_CS2_35,CS2_35,718.0,0.6333178877830505,0.8055566471760668,0.1944433528239333
CALCE,test_CS2_35,CS2_35,719.0,0.6167240142822266,0.7582139792364385,0.24178602076356148
CALCE,test_CS2_35,CS2_35,720.0,0.6083874702453613,0.7318666238442585,0.26813337615574157
CALCE,test_CS2_35,CS2_35,721.0,0.6083710193634033,0.7336895672972318,0.2663104327027682
CALCE,test_CS2_35,CS2_35,722.0,0.6000463962554932,0.7040751740607945,0.2959248259392055
CALCE,test_CS2_35,CS2_35,723.0,0.6000316143035889,0.7344005761714392,0.26559942382856083
CALCE,test_CS2_35,CS2_35,724.0,0.6000394821166992,0.7331830571513497,0.26681694284865026
CALCE,test_CS2_35,CS2_35,725.0,0.600058913230896,0.7322704571848402,0.26772954281515976
CALCE,test_CS2_35,CS2_35,726.0,0.6000614166259766,0.7315838682387203,0.26841613176127976
CALCE,test_CS2_35,CS2_35,727.0,0.6000571846961975,0.7312278446176891,0.2687721553823109
CALCE,test_CS2_35,CS2_35,728.0,0.5917296409606934,0.7290250241669864,0.2709749758330135
CALCE,test_CS2_35,CS2_35,729.0,0.5833778381347656,0.6924720237216165,0.30752797627838346
CALCE,test_CS2_35,CS2_35,730.0,0.5833640694618225,0.6862708127210099,0.31372918727899013
CALCE,test_CS2_35,CS2_35,731.0,0.5750336647033691,0.6456688146273288,0.35433118537267116
CALCE,test_CS2_35,CS2_35,732.0,0.5750194191932678,0.6382987270139602,0.3617012729860398
CALCE,test_CS2_35,CS2_35,733.0,0.5667023062705994,0.4624645783687411,0.5375354216312589
CALCE,test_CS2_35,CS2_35,734.0,0.5666763186454773,0.5409775854609226,0.45902241453907744
CALCE,test_CS2_35,CS2_35,735.0,0.5666941404342651,0.5781161741509194,0.4218838258490807
CALCE,test_CS2_35,CS2_35,736.0,0.5667078495025635,0.5782508038388915,0.42174919616110856
CALCE,test_CS2_35,CS2_35,737.0,0.5666884779930115,0.6153088678032694,0.3846911321967305
CALCE,test_CS2_35,CS2_35,738.0,0.5750133991241455,0.650389501636259,0.34961049836374114
CALCE,test_CS2_35,CS2_35,739.0,0.5666473507881165,0.6175040507368869,0.3824959492631131
CALCE,test_CS2_35,CS2_35,740.0,0.5583051443099976,0.5825273089886769,0.41747269101132317
CALCE,test_CS2_35,CS2_35,741.0,0.5583133101463318,0.5846543448188711,0.41534565518112887
CALCE,test_CS2_35,CS2_35,742.0,0.5583009719848633,0.5884699215444407,0.41153007845555933
CALCE,test_CS2_35,CS2_35,743.0,0.5499665141105652,0.5914969959044155,0.40850300409558443
CALCE,test_CS2_35,CS2_35,744.0,0.5499794483184814,0.6286299346590717,0.3713700653409284
CALCE,test_CS2_35,CS2_35,745.0,0.5499831438064575,0.6295167319464053,0.3704832680535947
CALCE,test_CS2_35,CS2_35,746.0,0.5583353042602539,0.6979913484051435,0.30200865159485646
CALCE,test_CS2_35,CS2_35,747.0,0.5499758720397949,0.6662237598900356,0.33377624010996443
CALCE,test_CS2_35,CS2_35,748.0,0.5499995946884155,0.6994246811487925,0.30057531885120753
CALCE,test_CS2_35,CS2_35,749.0,0.5416488647460938,0.6646131762203027,0.33538682377969736
CALCE,test_CS2_35,CS2_35,750.0,0.5416442155838013,0.6625321987129964,0.33746780128700365
CALCE,test_CS2_35,CS2_35,751.0,0.5333023071289062,0.6252697480845459,0.3747302519154541
CALCE,test_CS2_35,CS2_35,752.0,0.5333050489425659,0.6231418888778456,0.37685811112215445
CALCE,test_CS2_35,CS2_35,753.0,0.5332883596420288,0.5889083912164775,0.41109160878352236
CALCE,test_CS2_35,CS2_35,754.0,0.5333091020584106,0.6275727624473414,0.37242723755265866
CALCE,test_CS2_35,CS2_35,755.0,0.5249652862548828,0.6272810481423089,0.37271895185769116
CALCE,test_CS2_35,CS2_35,756.0,0.5249597430229187,0.6256693584957852,0.3743306415042148
CALCE,test_CS2_35,CS2_35,757.0,0.5249578952789307,0.6255082532601554,0.37449174673984464
CALCE,test_CS2_35,CS2_35,758.0,0.541680634021759,0.7235542991666791,0.27644570083332093
CALCE,test_CS2_35,CS2_35,759.0,0.5500301122665405,0.7561572340427323,0.24384276595726764
CALCE,test_CS2_35,CS2_35,760.0,0.55003422498703,0.7611900760876203,0.2388099239123795
CALCE,test_CS2_35,CS2_35,761.0,0.5500282049179077,0.7396207027221207,0.26037929727787945
CALCE,test_CS2_35,CS2_35,762.0,0.5500328540802002,0.774286167200114,0.225713832799886
CALCE,test_CS2_35,CS2_35,763.0,0.5500351786613464,0.7792324061034979,0.22076759389650213
CALCE,test_CS2_35,CS2_35,764.0,0.5500521659851074,0.8083912026275596,0.19160879737244033
CALCE,test_CS2_35,CS2_35,765.0,0.5500436425209045,0.8109214985476766,0.1890785014523235
CALCE,test_CS2_35,CS2_35,766.0,0.5500547885894775,0.8349340019962611,0.16506599800373897
CALCE,test_CS2_35,CS2_35,767.0,0.5417006611824036,0.8117842903612033,0.18821570963879675
CALCE,test_CS2_35,CS2_35,768.0,0.5333775877952576,0.7844606128831132,0.21553938711688672
CALCE,test_CS2_35,CS2_35,769.0,0.5250350832939148,0.7523061427805595,0.24769385721944048
CALCE,test_CS2_35,CS2_35,770.0,0.5166857242584229,0.7444928210005148,0.25550717899948516
CALCE,test_CS2_35,CS2_35,771.0,0.5083441734313965,0.7026775514496386,0.2973224485503614
CALCE,test_CS2_35,CS2_35,772.0,0.5083594918251038,0.690277731036177,0.3097222689638231
CALCE,test_CS2_35,CS2_35,773.0,0.5000254511833191,0.5774584526439523,0.4225415473560477
CALCE,test_CS2_35,CS2_35,774.0,0.5000323057174683,0.5341136162904772,0.46588638370952284
CALCE,test_CS2_35,CS2_35,775.0,0.5000042915344238,0.5295172795740747,0.47048272042592537
CALCE,test_CS2_35,CS2_35,776.0,0.5000282526016235,0.5273475628634594,0.47265243713654054
CALCE,test_CS2_35,CS2_35,777.0,0.5000154972076416,0.5271288293943672,0.4728711706056328
CALCE,test_CS2_35,CS2_35,778.0,0.4917062520980835,0.49017687110489916,0.5098231288951008
CALCE,test_CS2_35,CS2_35,779.0,0.49170222878456116,0.491972228453436,0.508027771546564
CALCE,test_CS2_35,CS2_35,780.0,0.49170058965682983,0.49641656124615674,0.5035834387538431
CALCE,test_CS2_35,CS2_35,781.0,0.48335421085357666,0.46435368942473904,0.5356463105752609
CALCE,test_CS2_35,CS2_35,782.0,0.4750199615955353,0.46896459816793884,0.5310354018320612
CALCE,test_CS2_35,CS2_35,783.0,0.4750226140022278,0.5098523352700567,0.4901476647299433
CALCE,test_CS2_35,CS2_35,784.0,0.4833720326423645,0.5870891005571495,0.4129108994428505
CALCE,test_CS2_35,CS2_35,785.0,0.4833802878856659,0.6280580488993521,0.3719419511006478
CALCE,test_CS2_35,CS2_35,786.0,0.48334991931915283,0.6660573041084312,0.33394269589156866
CALCE,test_CS2_35,CS2_35,787.0,0.4833761751651764,0.6689193749690917,0.3310806250309083
CALCE,test_CS2_35,CS2_35,788.0,0.4917201101779938,0.7348786966020736,0.26512130339792633
CALCE,test_CS2_35,CS2_35,789.0,0.48337575793266296,0.7065091595190632,0.2934908404809368
CALCE,test_CS2_35,CS2_35,790.0,0.4833735525608063,0.7087555120853538,0.2912444879146462
CALCE,test_CS2_35,CS2_35,791.0,0.4750268757343292,0.6778048046620415,0.32219519533795854
CALCE,test_CS2_35,CS2_35,792.0,0.4750351011753082,0.6793959117216738,0.3206040882783262
CALCE,test_CS2_35,CS2_35,793.0,0.47503235936164856,0.7129013351423393,0.2870986648576607
CALCE,test_CS2_35,CS2_35,794.0,0.4666864573955536,0.6801164938359415,0.31988350616405853
CALCE,test_CS2_35,CS2_35,795.0,0.458352655172348,0.6441674819010001,0.35583251809899996
CALCE,test_CS2_35,CS2_35,796.0,0.4500281512737274,0.6400005595656885,0.3599994404343116
CALCE,test_CS2_35,CS2_35,797.0,0.45002129673957825,0.6678530834036982,0.3321469165963018
CALCE,test_CS2_35,CS2_35,798.0,0.4500109553337097,0.6609749099803988,0.33902509001960124
CALCE,test_CS2_35,CS2_35,799.0,0.4500117897987366,0.6227545516551105,0.3772454483448894
CALCE,test_CS2_35,CS2_35,800.0,0.45004987716674805,0.6206470408396287,0.3793529591603712
CALCE,test_CS2_35,CS2_35,801.0,0.4417196214199066,0.5821973682868063,0.41780263171319365
CALCE,test_CS2_35,CS2_35,802.0,0.441714346408844,0.580313698370794,0.41968630162920584
CALCE,test_CS2_35,CS2_35,803.0,0.4500442147254944,0.582814049829293,0.41718595017070703
CALCE,test_CS2_35,CS2_35,804.0,0.4250432252883911,0.5053611514265102,0.49463884857348983
CALCE,test_CS2_35,CS2_35,805.0,0.41672131419181824,0.465530023357298,0.534469976642702
CALCE,test_CS2_35,CS2_35,806.0,0.4083747863769531,0.46215243110258253,0.5378475688974174
CALCE,test_CS2_35,CS2_35,807.0,0.39170968532562256,0.38208817582983784,0.6179118241701622
CALCE,test_CS2_35,CS2_35,808.0,0.3833552896976471,0.3416327230499716,0.6583672769500284
CALCE,test_CS2_35,CS2_35,809.0,0.3833636939525604,0.37138732247120143,0.6286126775287986
CALCE,test_CS2_35,CS2_35,810.0,0.36669930815696716,0.3300810668053641,0.669918933194636
CALCE,test_CS2_35,CS2_35,811.0,0.3583486080169678,0.32153217331845385,0.6784678266815463
CALCE,test_CS2_35,CS2_35,812.0,0.3583486080169678,0.31423714419368254,0.6857628558063175
CALCE,test_CS2_35,CS2_35,813.0,0.35836362838745117,0.3104900238005567,0.6895099761994433
CALCE,test_CS2_35,CS2_35,814.0,0.35835546255111694,0.31002248516605,0.6899775148339501
CALCE,test_CS2_35,CS2_35,815.0,0.35834839940071106,0.31282358126307114,0.6871764187369289
CALCE,test_CS2_35,CS2_35,816.0,0.3583514094352722,0.351430778631259,0.648569221368741
CALCE,test_CS2_35,CS2_35,817.0,0.3500305414199829,0.3242981102819082,0.6757018897180919
CALCE,test_CS2_35,CS2_35,818.0,0.34169653058052063,0.27112354630767205,0.7288764536923279
CALCE,test_CS2_35,CS2_35,819.0,0.341696560382843,0.3816483706528257,0.6183516293471744
CALCE,test_CS2_35,CS2_35,820.0,0.33334147930145264,0.3882644282084186,0.6117355717915814
CALCE,test_CS2_35,CS2_35,821.0,0.23334290087223053,0.09110923857027492,0.908890761429725
CALCE,test_CS2_35,CS2_35,822.0,0.325015664100647,0.38604885811695966,0.6139511418830402
CALCE,test_CS2_35,CS2_35,823.0,0.32503756880760193,0.428552556848608,0.5714474431513921
CALCE,test_CS2_35,CS2_35,824.0,0.3250471353530884,0.4357236108531327,0.5642763891468673
CALCE,test_CS2_35,CS2_35,825.0,0.3167118728160858,0.4792011334342675,0.5207988665657325
CALCE,test_CS2_35,CS2_35,826.0,0.30837154388427734,0.48046629160829324,0.5195337083917068
CALCE,test_CS2_35,CS2_35,827.0,0.3167046904563904,0.5197445888515935,0.4802554111484065
CALCE,test_CS2_35,CS2_35,828.0,0.3167046904563904,0.5247233881912876,0.4752766118087124
CALCE,test_CS2_35,CS2_35,829.0,0.3250527083873749,0.5699825683059624,0.4300174316940376
CALCE,test_CS2_35,CS2_35,830.0,0.3250376284122467,0.580669035401701,0.4193309645982989
CALCE,test_CS2_35,CS2_35,831.0,0.31670448184013367,0.5545526090836942,0.44544739091630575
CALCE,test_CS2_35,CS2_35,832.0,0.3083801567554474,0.5633465578567324,0.43665344214326757
CALCE,test_CS2_35,CS2_35,833.0,0.30002227425575256,0.5684728312316818,0.43152716876831815
CALCE,test_CS2_35,CS2_35,834.0,0.30002498626708984,0.5727272099688578,0.42727279003114227
CALCE,test_CS2_35,CS2_35,835.0,0.2916908860206604,0.5762576420157941,0.42374235798420584
CALCE,test_CS2_35,CS2_35,836.0,0.29169365763664246,0.8961914779417512,0.10380852205824878
CALCE,test_CS2_35,CS2_35,837.0,0.2833594083786011,0.6036935257256142,0.39630647427438587
CALCE,test_CS2_35,CS2_35,838.0,0.2833566665649414,0.6001282265312117,0.3998717734687884
CALCE,test_CS2_35,CS2_35,839.0,0.283364862203598,0.5983936156516896,0.40160638434831053
CALCE,test_CS2_35,CS2_35,840.0,0.2750215232372284,0.5958473797616998,0.4041526202383003
CALCE,test_CS2_35,CS2_35,841.0,0.28335943818092346,0.6618965495319953,0.3381034504680047
CALCE,test_CS2_35,CS2_35,842.0,0.28337037563323975,0.6273723648066148,0.3726276351933851
CALCE,test_CS2_35,CS2_35,843.0,0.28335216641426086,0.6287836232360854,0.37121637676391456
CALCE,test_CS2_35,CS2_35,844.0,0.27501970529556274,0.5603310158772083,0.4396689841227917
CALCE,test_CS2_35,CS2_35,845.0,0.27502718567848206,0.5656217611158949,0.43437823888410504
CALCE,test_CS2_35,CS2_35,846.0,0.27502763271331787,0.6082931691204273,0.3917068308795727
CALCE,test_CS2_35,CS2_35,847.0,0.2666977047920227,0.6119687303051984,0.3880312696948017
CALCE,test_CS2_35,CS2_35,848.0,0.4250432252883911,0.9637365320947527,0.03626346790524726
CALCE,test_CS2_35,CS2_35,849.0,0.41672131419181824,0.9645914428690398,0.035408557130960236
CALCE,test_CS2_35,CS2_35,850.0,0.4083747863769531,0.9690808496273474,0.030919150372652634
CALCE,test_CS2_35,CS2_35,851.0,0.39170968532562256,0.9622708109036524,0.037729189096347704
CALCE,test_CS2_35,CS2_35,852.0,0.3833552896976471,0.9643741333349334,0.035625866665066515
CALCE,test_CS2_35,CS2_35,853.0,0.3833636939525604,0.9654441047797447,0.03455589522025528
CALCE,test_CS2_35,CS2_35,854.0,0.3750266432762146,0.9603378290353847,0.039662170964615336
CALCE,test_CS2_35,CS2_35,855.0,0.36668556928634644,0.959457069251038,0.04054293074896208
CALCE,test_CS2_35,CS2_35,856.0,0.36669930815696716,0.9511375933574969,0.048862406642503096
CALCE,test_CS2_35,CS2_35,857.0,0.3583486080169678,0.9403541957021596,0.05964580429784038
CALCE,test_CS2_35,CS2_35,858.0,0.3583486080169678,0.9358994213680042,0.06410057863199578
CALCE,test_CS2_35,CS2_35,859.0,0.35836362838745117,0.9392105394998191,0.06078946050018083
CALCE,test_CS2_35,CS2_35,860.0,0.35835546255111694,0.9322546455661898,0.06774535443381013
CALCE,test_CS2_35,CS2_35,861.0,0.35834839940071106,0.9235643493526002,0.07643565064739971
CALCE,test_CS2_35,CS2_35,862.0,0.3583514094352722,0.9237136477214135,0.0762863522785865
CALCE,test_CS2_35,CS2_35,863.0,0.3500305414199829,0.42628339136645466,0.5737166086335453
CALCE,test_CS2_35,CS2_35,864.0,0.34169653058052063,0.4333707124665565,0.5666292875334434
CALCE,test_CS2_35,CS2_35,865.0,0.341696560382843,0.47699879709278564,0.5230012029072144
CALCE,test_CS2_35,CS2_35,866.0,0.33334147930145264,0.5205210450037074,0.47947895499629256
CALCE,test_CS2_35,CS2_35,867.0,0.23334290087223053,0.14178366729348216,0.8582163327065178
CALCE,test_CS2_35,CS2_35,868.0,0.325015664100647,0.4303063884339068,0.5696936115660932
CALCE,test_CS2_35,CS2_35,869.0,0.32503756880760193,0.47220459731973624,0.5277954026802638
CALCE,test_CS2_35,CS2_35,870.0,0.3250471353530884,0.5139041896370572,0.4860958103629428
CALCE,test_CS2_35,CS2_35,871.0,0.3167118728160858,0.4792011334342675,0.5207988665657325
CALCE,test_CS2_35,CS2_35,872.0,0.30837154388427734,0.48046629160829324,0.5195337083917068
CALCE,test_CS2_35,CS2_35,873.0,0.3167046904563904,0.5197445888515935,0.4802554111484065
CALCE,test_CS2_35,CS2_35,874.0,0.3167046904563904,0.5247233881912876,0.4752766118087124
CALCE,test_CS2_35,CS2_35,875.0,0.3250527083873749,0.5699825683059624,0.4300174316940376
CALCE,test_CS2_35,CS2_35,876.0,0.3250376284122467,0.580669035401701,0.4193309645982989
CALCE,test_CS2_35,CS2_35,877.0,0.31670448184013367,0.5545526090836942,0.44544739091630575
CALCE,test_CS2_35,CS2_35,878.0,0.3083801567554474,0.5633465578567324,0.43665344214326757
CALCE,test_CS2_35,CS2_35,879.0,0.30002227425575256,0.5684728312316818,0.43152716876831815
CALCE,test_CS2_35,CS2_35,880.0,0.30002498626708984,0.5727272099688578,0.42727279003114227
CALCE,test_CS2_35,CS2_35,881.0,0.2916908860206604,0.5762576420157941,0.42374235798420584
CALCE,test_CS2_36,CS2_36,16.0,1.0110820531845093,0.7184248746057941,0.281575125394206
CALCE,test_CS2_36,CS2_36,17.0,1.0109206438064575,0.7220011934237134,0.27799880657628656
CALCE,test_CS2_36,CS2_36,18.0,1.0072730779647827,0.7151213505553832,0.28487864944461677
CALCE,test_CS2_36,CS2_36,19.0,1.006850004196167,0.7329959503806158,0.26700404961938423
CALCE,test_CS2_36,CS2_36,20.0,1.0064891576766968,0.735009986053179,0.26499001394682087
CALCE,test_CS2_36,CS2_36,21.0,1.0061384439468384,0.743081679612259,0.256918320387741
CALCE,test_CS2_36,CS2_36,22.0,1.0058882236480713,0.7689433643318885,0.23105663566811163
CALCE,test_CS2_36,CS2_36,23.0,1.0057317018508911,0.7838755859565555,0.2161244140434445
CALCE,test_CS2_36,CS2_36,24.0,1.0053056478500366,0.7852428681071973,0.21475713189280268
CALCE,test_CS2_36,CS2_36,25.0,1.0049617290496826,0.787530148121695,0.212469851878305
CALCE,test_CS2_36,CS2_36,26.0,1.004671335220337,0.779618326284213,0.22038167371578687
CALCE,test_CS2_36,CS2_36,27.0,0.9960952997207642,0.7408211409998304,0.2591788590001697
CALCE,test_CS2_36,CS2_36,28.0,0.9900999069213867,0.7194583299894509,0.280541670010549
CALCE,test_CS2_36,CS2_36,29.0,0.9890080690383911,0.7139574081686109,0.28604259183138914
CALCE,test_CS2_36,CS2_36,30.0,0.9883095026016235,0.7105995441363001,0.28940045586369983
CALCE,test_CS2_36,CS2_36,31.0,0.987258791923523,0.7064048132631605,0.2935951867368395
CALCE,test_CS2_36,CS2_36,32.0,0.9945690035820007,0.7290867535993638,0.2709132464006362
CALCE,test_CS2_36,CS2_36,33.0,0.9954249858856201,0.7439795630236418,0.2560204369763583
CALCE,test_CS2_36,CS2_36,34.0,0.9870975017547607,0.719161334371526,0.2808386656284739
CALCE,test_CS2_36,CS2_36,35.0,0.9813121557235718,0.7002676040442941,0.29973239595570583
CALCE,test_CS2_36,CS2_36,36.0,0.9810763597488403,0.6994140367584991,0.30058596324150094
CALCE,test_CS2_36,CS2_36,37.0,0.9804173707962036,0.6975685230888904,0.30243147691110966
CALCE,test_CS2_36,CS2_36,38.0,0.9806100130081177,0.6990233293524618,0.3009766706475382
CALCE,test_CS2_36,CS2_36,39.0,0.9878372550010681,0.7249831687779865,0.27501683122201354
CALCE,test_CS2_36,CS2_36,40.0,0.988251805305481,0.7308745786286167,0.26912542137138334
CALCE,test_CS2_36,CS2_36,41.0,0.97981196641922,0.7077672969170957,0.2922327030829043
CALCE,test_CS2_36,CS2_36,42.0,0.9788916110992432,0.7338914343503906,0.26610856564960933
CALCE,test_CS2_36,CS2_36,43.0,0.9786110520362854,0.7512520174423489,0.248747982557651
CALCE,test_CS2_36,CS2_36,44.0,0.9743857979774475,0.7407967537108007,0.25920324628919944
CALCE,test_CS2_36,CS2_36,45.0,0.973747968673706,0.7395562362825674,0.26044376371743266
CALCE,test_CS2_36,CS2_36,46.0,0.9813571572303772,0.7640145830079439,0.2359854169920562
CALCE,test_CS2_36,CS2_36,47.0,0.9820941090583801,0.7471709456504586,0.25282905434954134
CALCE,test_CS2_36,CS2_36,48.0,0.9741191864013672,0.7222260433524164,0.2777739566475837
CALCE,test_CS2_36,CS2_36,49.0,0.9734241962432861,0.7470225036836976,0.25297749631630245
CALCE,test_CS2_36,CS2_36,50.0,0.9728838205337524,0.7620027634043808,0.23799723659561925
CALCE,test_CS2_36,CS2_36,51.0,0.972377359867096,0.7601747103500613,0.23982528964993868
CALCE,test_CS2_36,CS2_36,52.0,0.9715468883514404,0.7586334466703277,0.24136655332967227
CALCE,test_CS2_36,CS2_36,53.0,1.0045720338821411,0.8380950404341121,0.16190495956588785
CALCE,test_CS2_36,CS2_36,54.0,0.9991754293441772,0.8147873777698004,0.18521262223019969
CALCE,test_CS2_36,CS2_36,55.0,1.004533290863037,0.8315719139606091,0.16842808603939094
CALCE,test_CS2_36,CS2_36,56.0,1.004332423210144,0.8534116986436285,0.1465883013563715
CALCE,test_CS2_36,CS2_36,57.0,0.9966341853141785,0.8417847199516126,0.15821528004838742
CALCE,test_CS2_36,CS2_36,58.0,0.9907668828964233,0.8303467126187534,0.16965328738124655
CALCE,test_CS2_36,CS2_36,59.0,0.9896873831748962,0.8366081726122473,0.16339182738775274
CALCE,test_CS2_36,CS2_36,60.0,0.9825100898742676,0.8195690428611806,0.18043095713881943
CALCE,test_CS2_36,CS2_36,61.0,0.9873538613319397,0.8109383813918545,0.18906161860814547
CALCE,test_CS2_36,CS2_36,62.0,0.9825541377067566,0.795589843589307,0.20441015641069304
CALCE,test_CS2_36,CS2_36,63.0,0.9798908829689026,0.8059426432010994,0.19405735679890065
CALCE,test_CS2_36,CS2_36,64.0,0.9750067591667175,0.7902201514842399,0.20977984851576015
CALCE,test_CS2_36,CS2_36,65.0,0.9742226004600525,0.7834949783619563,0.21650502163804372
CALCE,test_CS2_36,CS2_36,66.0,0.9736983180046082,0.7769190815644814,0.22308091843551853
CALCE,test_CS2_36,CS2_36,67.0,0.9722066521644592,0.7679739237201922,0.23202607627980784
CALCE,test_CS2_36,CS2_36,68.0,0.972825825214386,0.6690991687250071,0.33090083127499287
CALCE,test_CS2_36,CS2_36,69.0,0.9725490212440491,0.6877462468430358,0.3122537531569643
CALCE,test_CS2_36,CS2_36,70.0,0.9664516448974609,0.6496795140356423,0.35032048596435766
CALCE,test_CS2_36,CS2_36,71.0,0.9660678505897522,0.6515718794908802,0.34842812050911987
CALCE,test_CS2_36,CS2_36,72.0,0.9657193422317505,0.6802587349502153,0.31974126504978484
CALCE,test_CS2_36,CS2_36,73.0,0.9653344750404358,0.7005446251971,0.29945537480289997
CALCE,test_CS2_36,CS2_36,74.0,0.9645373225212097,0.7029478789457991,0.29705212105420087
CALCE,test_CS2_36,CS2_36,75.0,0.9655929803848267,0.7307890039566347,0.26921099604336535
CALCE,test_CS2_36,CS2_36,76.0,0.9652568697929382,0.7167963407210384,0.28320365927896174
CALCE,test_CS2_36,CS2_36,77.0,0.9648869633674622,0.733168567873177,0.26683143212682314
CALCE,test_CS2_36,CS2_36,78.0,0.9646334648132324,0.7422998918215818,0.2577001081784182
CALCE,test_CS2_36,CS2_36,79.0,0.9644173383712769,0.7576062565101664,0.24239374348983367
CALCE,test_CS2_36,CS2_36,80.0,0.8576669692993164,0.32360441712957094,0.676395582870429
CALCE,test_CS2_36,CS2_36,81.0,0.8573196530342102,0.2994246374688468,0.7005753625311532
CALCE,test_CS2_36,CS2_36,82.0,0.9636090993881226,0.6758705447819008,0.3241294552180992
CALCE,test_CS2_36,CS2_36,83.0,0.9633018970489502,0.6820809684190328,0.3179190315809671
CALCE,test_CS2_36,CS2_36,84.0,0.9630780220031738,0.6918448061118497,0.30815519388815027
CALCE,test_CS2_36,CS2_36,85.0,0.9628652334213257,0.719688491060634,0.2803115089393659
CALCE,test_CS2_36,CS2_36,86.0,0.8550858497619629,0.30525966673953125,0.6947403332604687
CALCE,test_CS2_36,CS2_36,87.0,0.9622079730033875,0.6895220542667169,0.3104779457332832
CALCE,test_CS2_36,CS2_36,88.0,0.9623333811759949,0.703112750780611,0.296887249219389
CALCE,test_CS2_36,CS2_36,89.0,0.957728922367096,0.7017380959758014,0.29826190402419855
CALCE,test_CS2_36,CS2_36,90.0,0.9573678970336914,0.7077759264869682,0.2922240735130318
CALCE,test_CS2_36,CS2_36,91.0,0.9568222165107727,0.717864937462222,0.28213506253777787
CALCE,test_CS2_36,CS2_36,92.0,0.949878454208374,0.7067199573769081,0.293280042623092
CALCE,test_CS2_36,CS2_36,93.0,0.9491994976997375,0.7147949495666882,0.28520505043331185
CALCE,test_CS2_36,CS2_36,94.0,0.9486218094825745,0.7232529530938977,0.27674704690610236
CALCE,test_CS2_36,CS2_36,95.0,0.9562981724739075,0.9419080255733131,0.05809197442668692
CALCE,test_CS2_36,CS2_36,96.0,0.956182062625885,0.9363505639466904,0.06364943605330967
CALCE,test_CS2_36,CS2_36,97.0,0.9558739066123962,0.73474164420518,0.26525835579482016
CALCE,test_CS2_36,CS2_36,98.0,0.9623492360115051,0.7601537913395999,0.2398462086604001
CALCE,test_CS2_36,CS2_36,99.0,0.9628382325172424,0.7681291923614763,0.2318708076385238
CALCE,test_CS2_36,CS2_36,100.0,0.956478476524353,0.7559000332564101,0.24409996674359005
CALCE,test_CS2_36,CS2_36,101.0,0.9551403522491455,0.9441555725209253,0.0558444274790746
CALCE,test_CS2_36,CS2_36,102.0,0.9550974369049072,0.7726060725885368,0.22739392741146328
CALCE,test_CS2_36,CS2_36,103.0,0.9549153447151184,0.7729415351223513,0.22705846487764875
CALCE,test_CS2_36,CS2_36,104.0,0.949646532535553,0.7713330923103484,0.22866690768965164
CALCE,test_CS2_36,CS2_36,105.0,0.9566380977630615,0.7906754020980616,0.20932459790193844
CALCE,test_CS2_36,CS2_36,106.0,0.9609317183494568,0.8040135398447467,0.1959864601552533
CALCE,test_CS2_36,CS2_36,107.0,0.8562731742858887,0.4212311770914502,0.5787688229085498
CALCE,test_CS2_36,CS2_36,108.0,0.9487941861152649,0.7354366731408298,0.2645633268591703
CALCE,test_CS2_36,CS2_36,109.0,0.9487809538841248,0.7370422566813207,0.26295774331867927
CALCE,test_CS2_36,CS2_36,110.0,0.9486688375473022,0.7135937280818547,0.2864062719181452
CALCE,test_CS2_36,CS2_36,111.0,0.9474768042564392,0.712113818064434,0.28788618193556603
CALCE,test_CS2_36,CS2_36,112.0,0.9489433169364929,0.7200071158039986,0.2799928841960014
CALCE,test_CS2_36,CS2_36,113.0,0.955053448677063,0.723120342583963,0.2768796574160371
CALCE,test_CS2_36,CS2_36,114.0,0.8541627526283264,0.32964383724750423,0.6703561627524958
CALCE,test_CS2_36,CS2_36,115.0,0.9471103549003601,0.6858139782190307,0.3141860217809693
CALCE,test_CS2_36,CS2_36,116.0,0.9466015696525574,0.6955013166374943,0.3044986833625058
CALCE,test_CS2_36,CS2_36,117.0,0.9466533064842224,0.7026717960138663,0.2973282039861337
CALCE,test_CS2_36,CS2_36,118.0,0.9417282342910767,0.6934875484014089,0.30651245159859114
CALCE,test_CS2_36,CS2_36,119.0,0.9407616853713989,0.7129282773570573,0.28707172264294256
CALCE,test_CS2_36,CS2_36,120.0,0.9487603902816772,0.7227368893124948,0.27726311068750514
CALCE,test_CS2_36,CS2_36,121.0,0.9528833627700806,0.7320548757470958,0.26794512425290423
CALCE,test_CS2_36,CS2_36,122.0,0.9539860486984253,0.9371412075483847,0.06285879245161519
CALCE,test_CS2_36,CS2_36,123.0,0.9545342326164246,0.7796767550169942,0.22032324498300587
CALCE,test_CS2_36,CS2_36,124.0,0.9549019932746887,0.7848884472237098,0.21511155277629018
CALCE,test_CS2_36,CS2_36,125.0,0.9551647305488586,0.7898698310062411,0.21013016899375905
CALCE,test_CS2_36,CS2_36,126.0,0.9553928971290588,0.7971553809324601,0.20284461906753992
CALCE,test_CS2_36,CS2_36,127.0,0.955805778503418,0.7979396812951011,0.20206031870489888
CALCE,test_CS2_36,CS2_36,128.0,0.955849826335907,0.7865186867850458,0.21348131321495425
CALCE,test_CS2_36,CS2_36,129.0,0.9559482932090759,0.9490877773634877,0.05091222263651235
CALCE,test_CS2_36,CS2_36,130.0,0.9560844302177429,0.822578614633494,0.17742138536650603
CALCE,test_CS2_36,CS2_36,131.0,0.9561549425125122,0.8238189491079216,0.1761810508920783
CALCE,test_CS2_36,CS2_36,132.0,0.9562098383903503,0.8234559475662502,0.17654405243374982
CALCE,test_CS2_36,CS2_36,133.0,0.9562947750091553,0.8339479793469583,0.16605202065304173
CALCE,test_CS2_36,CS2_36,134.0,0.9562860131263733,0.8341446907041766,0.1658553092958233
CALCE,test_CS2_36,CS2_36,135.0,0.9562821388244629,0.8152662625849618,0.1847337374150382
CALCE,test_CS2_36,CS2_36,136.0,0.9491643309593201,0.7847415986048901,0.21525840139510985
CALCE,test_CS2_36,CS2_36,137.0,0.9457358121871948,0.7701741757247215,0.2298258242752785
CALCE,test_CS2_36,CS2_36,138.0,0.9414185881614685,0.7534262590886109,0.24657374091138906
CALCE,test_CS2_36,CS2_36,139.0,0.9410927891731262,0.7485916092125697,0.2514083907874303
CALCE,test_CS2_36,CS2_36,140.0,0.940044641494751,0.7422276562957435,0.2577723437042564
CALCE,test_CS2_36,CS2_36,141.0,0.9474828839302063,0.7611908162987899,0.23880918370121015
CALCE,test_CS2_36,CS2_36,142.0,0.9489019513130188,0.7643018156629836,0.2356981843370163
CALCE,test_CS2_36,CS2_36,143.0,0.9478593468666077,0.7618411887121536,0.23815881128784652
CALCE,test_CS2_36,CS2_36,144.0,0.9394195079803467,0.7358068439318829,0.26419315606811705
CALCE,test_CS2_36,CS2_36,145.0,0.9473762512207031,0.7584610429698194,0.24153895703018047
CALCE,test_CS2_36,CS2_36,146.0,0.9480398297309875,0.7617459596322365,0.2382540403677636
CALCE,test_CS2_36,CS2_36,147.0,0.9546436667442322,0.782054437404961,0.21794556259503914
CALCE,test_CS2_36,CS2_36,148.0,0.9549304246902466,0.7859610278392899,0.21403897216071008
CALCE,test_CS2_36,CS2_36,149.0,0.94125896692276,0.7486632471007078,0.2513367528992923
CALCE,test_CS2_36,CS2_36,150.0,0.9412092566490173,0.7494958270029399,0.2505041729970601
CALCE,test_CS2_36,CS2_36,151.0,0.9414040446281433,0.7712139172314659,0.22878608276853415
CALCE,test_CS2_36,CS2_36,152.0,0.9408327341079712,0.7786004427625364,0.22139955723746368
CALCE,test_CS2_36,CS2_36,153.0,0.9406248927116394,0.7883462617512806,0.2116537382487194
CALCE,test_CS2_36,CS2_36,154.0,0.9482877254486084,0.8072595770237642,0.1927404229762358
CALCE,test_CS2_36,CS2_36,155.0,0.948968768119812,0.8110746292013884,0.1889253707986117
CALCE,test_CS2_36,CS2_36,156.0,0.9405359029769897,0.7690226756952449,0.2309773243047552
CALCE,test_CS2_36,CS2_36,157.0,0.9396790266036987,0.7619685252174487,0.23803147478255124
CALCE,test_CS2_36,CS2_36,158.0,0.939592719078064,0.764229930751915,0.23577006924808502
CALCE,test_CS2_36,CS2_36,159.0,0.9394499063491821,0.7860151270864151,0.2139848729135849
CALCE,test_CS2_36,CS2_36,160.0,0.9383955001831055,0.7602046139349055,0.23979538606509457
CALCE,test_CS2_36,CS2_36,161.0,0.9464153051376343,0.7806564853416185,0.21934351465838156
CALCE,test_CS2_36,CS2_36,162.0,0.9472621083259583,0.7676703043685439,0.23232969563145617
CALCE,test_CS2_36,CS2_36,163.0,0.939615786075592,0.747408258039292,0.25259174196070794
CALCE,test_CS2_36,CS2_36,164.0,0.9382456541061401,0.7839176068954044,0.21608239310459565
CALCE,test_CS2_36,CS2_36,165.0,0.9385408759117126,0.7838434225440607,0.21615657745593927
CALCE,test_CS2_36,CS2_36,166.0,0.938217282295227,0.7815649695215224,0.2184350304784775
CALCE,test_CS2_36,CS2_36,167.0,0.9328734278678894,0.7667824426744737,0.23321755732552618
CALCE,test_CS2_36,CS2_36,168.0,0.9407558441162109,0.7871530054737664,0.21284699452623357
CALCE,test_CS2_36,CS2_36,169.0,0.9457809925079346,0.7816121411148135,0.21838785888518647
CALCE,test_CS2_36,CS2_36,170.0,0.946218729019165,0.7838332172855376,0.2161667827144624
CALCE,test_CS2_36,CS2_36,171.0,0.9464036822319031,0.8083513663844923,0.1916486336155077
CALCE,test_CS2_36,CS2_36,172.0,0.9466508030891418,0.811887129191781,0.18811287080821903
CALCE,test_CS2_36,CS2_36,173.0,0.946858286857605,0.8132037739749636,0.18679622602503637
CALCE,test_CS2_36,CS2_36,174.0,0.9470241665840149,0.8143691597043793,0.1856308402956207
CALCE,test_CS2_36,CS2_36,175.0,0.94705730676651,0.8170753798411615,0.18292462015883856
CALCE,test_CS2_36,CS2_36,176.0,0.9470199346542358,0.7985892860652274,0.20141071393477267
CALCE,test_CS2_36,CS2_36,177.0,0.9470018148422241,0.7979833628571587,0.2020166371428414
CALCE,test_CS2_36,CS2_36,178.0,0.9470100998878479,0.8180394360720799,0.18196056392792007
CALCE,test_CS2_36,CS2_36,179.0,0.9470652341842651,0.8210782715722565,0.17892172842774345
CALCE,test_CS2_36,CS2_36,180.0,0.9471573829650879,0.8199831524001868,0.18001684759981307
CALCE,test_CS2_36,CS2_36,181.0,0.9472097754478455,0.8200207138751624,0.17997928612483752
CALCE,test_CS2_36,CS2_36,182.0,0.9477303624153137,0.8321399027358188,0.1678600972641812
CALCE,test_CS2_36,CS2_36,183.0,0.9478219151496887,0.8135824173203131,0.18641758267968694
CALCE,test_CS2_36,CS2_36,184.0,0.9390855431556702,0.7759654952149571,0.224034504785043
CALCE,test_CS2_36,CS2_36,185.0,0.9381009340286255,0.7701419997553891,0.22985800024461084
CALCE,test_CS2_36,CS2_36,186.0,0.9379442930221558,0.767443362008818,0.23255663799118204
CALCE,test_CS2_36,CS2_36,187.0,0.9374225735664368,0.7637633420864984,0.23623665791350157
CALCE,test_CS2_36,CS2_36,188.0,0.9318850636482239,0.7447972248152168,0.25520277518478324
CALCE,test_CS2_36,CS2_36,189.0,0.9397556185722351,0.7650295129659733,0.23497048703402676
CALCE,test_CS2_36,CS2_36,190.0,0.9406111836433411,0.7674955671500531,0.2325044328499469
CALCE,test_CS2_36,CS2_36,191.0,0.9376476407051086,0.7592912176504735,0.24070878234952653
CALCE,test_CS2_36,CS2_36,192.0,0.9315189123153687,0.7403803397758532,0.25961966022414684
CALCE,test_CS2_36,CS2_36,193.0,0.9318125247955322,0.7403340331239527,0.2596659668760472
CALCE,test_CS2_36,CS2_36,194.0,0.9334284663200378,0.7448130114567931,0.2551869885432068
CALCE,test_CS2_36,CS2_36,195.0,0.9409934282302856,0.7671965330945004,0.23280346690549966
CALCE,test_CS2_36,CS2_36,196.0,0.9456981420516968,0.78266456459701,0.2173354354029901
CALCE,test_CS2_36,CS2_36,197.0,0.9391043186187744,0.7657672894615621,0.23423271053843775
CALCE,test_CS2_36,CS2_36,198.0,0.9328709840774536,0.7491854923385409,0.25081450766145913
CALCE,test_CS2_36,CS2_36,199.0,0.9377353191375732,0.7883484399840027,0.21165156001599728
CALCE,test_CS2_36,CS2_36,200.0,0.9332501888275146,0.778913217219326,0.22108678278067395
CALCE,test_CS2_36,CS2_36,201.0,0.9379676580429077,0.7916373711450325,0.20836262885496742
CALCE,test_CS2_36,CS2_36,202.0,0.9397645592689514,0.7981827763359439,0.20181722366405605
CALCE,test_CS2_36,CS2_36,203.0,0.94035404920578,0.8135941482550855,0.18640585174491447
CALCE,test_CS2_36,CS2_36,204.0,0.931907057762146,0.7708891663358234,0.22911083366417656
CALCE,test_CS2_36,CS2_36,205.0,0.9319154024124146,0.7681325028679283,0.23186749713207175
CALCE,test_CS2_36,CS2_36,206.0,0.9316825270652771,0.7753100078299361,0.22468999217006386
CALCE,test_CS2_36,CS2_36,207.0,0.9315796494483948,0.7903430861819598,0.20965691381804014
CALCE,test_CS2_36,CS2_36,208.0,0.9316584467887878,0.7878617588366112,0.21213824116338875
CALCE,test_CS2_36,CS2_36,209.0,0.9390285611152649,0.8013302489541803,0.1986697510458198
CALCE,test_CS2_36,CS2_36,210.0,0.9396360516548157,0.7846343493712195,0.21536565062878055
CALCE,test_CS2_36,CS2_36,211.0,0.9317931532859802,0.7509757813057053,0.24902421869429472
CALCE,test_CS2_36,CS2_36,212.0,0.9315535426139832,0.7702418176164549,0.22975818238354492
CALCE,test_CS2_36,CS2_36,213.0,0.9318265914916992,0.7876459984317711,0.21235400156822903
CALCE,test_CS2_36,CS2_36,214.0,0.9392618536949158,0.7943149505411092,0.2056850494588907
CALCE,test_CS2_36,CS2_36,215.0,0.9397978782653809,0.8081202992868465,0.19187970071315352
CALCE,test_CS2_36,CS2_36,216.0,0.9397746920585632,0.7974908895513426,0.20250911044865752
CALCE,test_CS2_36,CS2_36,217.0,0.9398801326751709,0.7948867797228855,0.2051132202771146
CALCE,test_CS2_36,CS2_36,218.0,0.9399733543395996,0.7955826895538081,0.20441731044619185
CALCE,test_CS2_36,CS2_36,219.0,0.9399950504302979,0.8179976501090879,0.18200234989091207
CALCE,test_CS2_36,CS2_36,220.0,0.9401189684867859,0.8182583352122123,0.18174166478778772
CALCE,test_CS2_36,CS2_36,221.0,0.9405898451805115,0.8197099175328472,0.18029008246715295
CALCE,test_CS2_36,CS2_36,222.0,0.9405325651168823,0.8194024178201739,0.1805975821798261
CALCE,test_CS2_36,CS2_36,223.0,0.9405344128608704,0.8185657289589323,0.18143427104106777
CALCE,test_CS2_36,CS2_36,224.0,0.9403861165046692,0.8007346801880398,0.1992653198119602
CALCE,test_CS2_36,CS2_36,225.0,0.9403952956199646,0.7998631739751819,0.2001368260248181
CALCE,test_CS2_36,CS2_36,226.0,0.9404210448265076,0.8195986608919057,0.1804013391080943
CALCE,test_CS2_36,CS2_36,227.0,0.9403730034828186,0.8188638242358555,0.18113617576414442
CALCE,test_CS2_36,CS2_36,228.0,0.940399706363678,0.8168626343309562,0.18313736566904384
CALCE,test_CS2_36,CS2_36,229.0,0.9404342174530029,0.7995438135572556,0.20045618644274454
CALCE,test_CS2_36,CS2_36,230.0,0.940373420715332,0.7979651950950385,0.20203480490496148
CALCE,test_CS2_36,CS2_36,231.0,0.9403320550918579,0.7978279306521366,0.20217206934786341
CALCE,test_CS2_36,CS2_36,232.0,0.9322795867919922,0.7734018901196728,0.22659810988032728
CALCE,test_CS2_36,CS2_36,233.0,0.9318486452102661,0.770208001989742,0.22979199801025796
CALCE,test_CS2_36,CS2_36,234.0,0.9313845038414001,0.7672547709285364,0.23274522907146353
CALCE,test_CS2_36,CS2_36,235.0,0.9302825331687927,0.7622877566865938,0.2377122433134062
CALCE,test_CS2_36,CS2_36,236.0,0.9251391291618347,0.7437113736059086,0.2562886263940914
CALCE,test_CS2_36,CS2_36,237.0,0.9327368140220642,0.7639022419791068,0.2360977580208931
CALCE,test_CS2_36,CS2_36,238.0,0.9376822113990784,0.7779255428907653,0.22207445710923462
CALCE,test_CS2_36,CS2_36,239.0,0.9311739802360535,0.7604322600181718,0.23956773998182815
CALCE,test_CS2_36,CS2_36,240.0,0.9250535368919373,0.7415500739598032,0.25844992604019684
CALCE,test_CS2_36,CS2_36,241.0,0.9293724298477173,0.753606180578787,0.2463938194212129
CALCE,test_CS2_36,CS2_36,242.0,0.9402510523796082,0.7847151427650926,0.21528485723490737
CALCE,test_CS2_36,CS2_36,243.0,0.9466598033905029,0.8042286444507117,0.19577135554928826
CALCE,test_CS2_36,CS2_36,244.0,0.9476485252380371,0.8104250661282162,0.1895749338717838
CALCE,test_CS2_36,CS2_36,245.0,0.9417886734008789,0.7991506227366703,0.2008493772633297
CALCE,test_CS2_36,CS2_36,246.0,0.9386162757873535,0.7934442159998015,0.20655578400019847
CALCE,test_CS2_36,CS2_36,247.0,0.9384636878967285,0.8144449966182127,0.1855550033817873
CALCE,test_CS2_36,CS2_36,248.0,0.9336169362068176,0.8031206609370568,0.19687933906294325
CALCE,test_CS2_36,CS2_36,249.0,0.930955171585083,0.7961346040800084,0.20386539591999162
CALCE,test_CS2_36,CS2_36,250.0,0.9249051809310913,0.7804037854056421,0.21959621459435794
CALCE,test_CS2_36,CS2_36,251.0,0.9330035448074341,0.8110282985296798,0.18897170147032002
CALCE,test_CS2_36,CS2_36,252.0,0.9380906820297241,0.803704900181123,0.19629509981887705
CALCE,test_CS2_36,CS2_36,253.0,0.931693434715271,0.7736910793551006,0.2263089206448994
CALCE,test_CS2_36,CS2_36,254.0,0.9249013662338257,0.7710473336047188,0.2289526663952812
CALCE,test_CS2_36,CS2_36,255.0,0.9250240325927734,0.7843255245345498,0.21567447546545013
CALCE,test_CS2_36,CS2_36,256.0,0.9252790808677673,0.7693653255137047,0.23063467448629527
CALCE,test_CS2_36,CS2_36,257.0,0.9250300526618958,0.735588339569482,0.264411660430518
CALCE,test_CS2_36,CS2_36,258.0,0.9242807626724243,0.7139913940949439,0.28600860590505606
CALCE,test_CS2_36,CS2_36,259.0,0.924415111541748,0.7132752554919014,0.2867247445080986
CALCE,test_CS2_36,CS2_36,260.0,0.9315600991249084,0.7555245855201058,0.24447541447989415
CALCE,test_CS2_36,CS2_36,261.0,0.9331105351448059,0.7719243396156567,0.2280756603843434
CALCE,test_CS2_36,CS2_36,262.0,0.9329201579093933,0.7746932409745254,0.2253067590254746
CALCE,test_CS2_36,CS2_36,263.0,0.9243825078010559,0.7655990707304398,0.2344009292695603
CALCE,test_CS2_36,CS2_36,264.0,0.9247812628746033,0.7740587219291947,0.2259412780708052
CALCE,test_CS2_36,CS2_36,265.0,0.923909604549408,0.7872813115648285,0.21271868843517142
CALCE,test_CS2_36,CS2_36,266.0,0.9233818650245667,0.7634923286050876,0.23650767139491233
CALCE,test_CS2_36,CS2_36,267.0,0.9243196249008179,0.752959327312382,0.24704067268761806
CALCE,test_CS2_36,CS2_36,268.0,0.9306516647338867,0.7901096513720925,0.20989034862790748
CALCE,test_CS2_36,CS2_36,269.0,0.9310724139213562,0.8099216622372568,0.19007833776274313
CALCE,test_CS2_36,CS2_36,270.0,0.9225355386734009,0.7869964421855807,0.21300355781441935
CALCE,test_CS2_36,CS2_36,271.0,0.9224756360054016,0.7848624549419306,0.21513754505806942
CALCE,test_CS2_36,CS2_36,272.0,0.9223079085350037,0.7838264929813509,0.21617350701864912
CALCE,test_CS2_36,CS2_36,273.0,0.9222684502601624,0.7844060313661416,0.21559396863385846
CALCE,test_CS2_36,CS2_36,274.0,0.9220904111862183,0.7822303385694875,0.21776966143051255
CALCE,test_CS2_36,CS2_36,275.0,0.924547016620636,0.7696833304717549,0.23031666952824514
CALCE,test_CS2_36,CS2_36,276.0,0.9292874336242676,0.7800260504639285,0.21997394953607152
CALCE,test_CS2_36,CS2_36,277.0,0.9296146035194397,0.7840488217837444,0.21595117821625556
CALCE,test_CS2_36,CS2_36,278.0,0.9297353625297546,0.8084767448063175,0.1915232551936825
CALCE,test_CS2_36,CS2_36,279.0,0.9298557043075562,0.8084650333797131,0.191534966620287
CALCE,test_CS2_36,CS2_36,280.0,0.929972767829895,0.811366036183205,0.1886339638167949
CALCE,test_CS2_36,CS2_36,281.0,0.930218517780304,0.8134470898852911,0.18655291011470884
CALCE,test_CS2_36,CS2_36,282.0,0.9302049279212952,0.8112786230854039,0.18872137691459617
CALCE,test_CS2_36,CS2_36,283.0,0.9303327798843384,0.7971112969538532,0.20288870304614687
CALCE,test_CS2_36,CS2_36,284.0,0.9301316738128662,0.797013521202775,0.20298647879722495
CALCE,test_CS2_36,CS2_36,285.0,0.9299924969673157,0.8192199224985699,0.18078007750143016
CALCE,test_CS2_36,CS2_36,286.0,0.930421769618988,0.8198799572728082,0.18012004272719187
CALCE,test_CS2_36,CS2_36,287.0,0.9302090406417847,0.8190851295510247,0.18091487044897525
CALCE,test_CS2_36,CS2_36,288.0,0.9303188323974609,0.8185063855780708,0.18149361442192913
CALCE,test_CS2_36,CS2_36,289.0,0.9303665161132812,0.8178901858579061,0.18210981414209404
CALCE,test_CS2_36,CS2_36,290.0,0.9305578470230103,0.8114893886534915,0.1885106113465085
CALCE,test_CS2_36,CS2_36,291.0,0.9249576330184937,0.7839475665922655,0.21605243340773458
CALCE,test_CS2_36,CS2_36,292.0,0.915812075138092,0.7540781105504472,0.24592188944955282
CALCE,test_CS2_36,CS2_36,293.0,0.9163558483123779,0.7523878995155665,0.2476121004844335
CALCE,test_CS2_36,CS2_36,294.0,0.9155176281929016,0.7470905938755595,0.25290940612444057
CALCE,test_CS2_36,CS2_36,295.0,0.914777934551239,0.7423425305280869,0.2576574694719132
CALCE,test_CS2_36,CS2_36,296.0,0.9164502620697021,0.7449726780784122,0.2550273219215879
CALCE,test_CS2_36,CS2_36,297.0,0.9227331876754761,0.7625853068221986,0.23741469317780148
CALCE,test_CS2_36,CS2_36,298.0,0.9231113195419312,0.7642662775803009,0.23573372241969903
CALCE,test_CS2_36,CS2_36,299.0,0.9141873121261597,0.7382465812958643,0.2617534187041357
CALCE,test_CS2_36,CS2_36,300.0,0.9139115214347839,0.7373778049544709,0.262622195045529
CALCE,test_CS2_36,CS2_36,301.0,0.9139466881752014,0.7362878462760799,0.26371215372392
CALCE,test_CS2_36,CS2_36,302.0,0.9138319492340088,0.7372645996524088,0.2627354003475913
CALCE,test_CS2_36,CS2_36,303.0,0.9081169366836548,0.719540336791406,0.28045966320859395
CALCE,test_CS2_36,CS2_36,304.0,0.9159463047981262,0.7442474951276393,0.2557525048723608
CALCE,test_CS2_36,CS2_36,305.0,0.916641116142273,0.7487912491313009,0.25120875086869915
CALCE,test_CS2_36,CS2_36,306.0,0.9224321246147156,0.784033007767287,0.21596699223271304
CALCE,test_CS2_36,CS2_36,307.0,0.9170311093330383,0.7958757101818816,0.20412428981811837
CALCE,test_CS2_36,CS2_36,308.0,0.9234670996665955,0.8109247591225,0.1890752408775001
CALCE,test_CS2_36,CS2_36,309.0,0.9245389699935913,0.8167183103210911,0.18328168967890884
CALCE,test_CS2_36,CS2_36,310.0,0.9247156381607056,0.819818149369132,0.18018185063086806
CALCE,test_CS2_36,CS2_36,311.0,0.9151647090911865,0.7915907027871433,0.2084092972128567
CALCE,test_CS2_36,CS2_36,312.0,0.9150654077529907,0.7746174646067919,0.2253825353932081
CALCE,test_CS2_36,CS2_36,313.0,0.9146825671195984,0.7732195647319486,0.22678043526805147
CALCE,test_CS2_36,CS2_36,314.0,0.9144191741943359,0.7965595112399565,0.20344048876004342
CALCE,test_CS2_36,CS2_36,315.0,0.9145467877388,0.7964425105495341,0.20355748945046592
CALCE,test_CS2_36,CS2_36,316.0,0.9167839288711548,0.8010233577452412,0.19897664225475875
CALCE,test_CS2_36,CS2_36,317.0,0.9217119216918945,0.8129191129264557,0.1870808870735444
CALCE,test_CS2_36,CS2_36,318.0,0.9217891693115234,0.8260862977734026,0.17391370222659752
CALCE,test_CS2_36,CS2_36,319.0,0.9218125939369202,0.8074688565848903,0.19253114341510974
CALCE,test_CS2_36,CS2_36,320.0,0.9220107793807983,0.8062880343754207,0.1937119656245793
CALCE,test_CS2_36,CS2_36,321.0,0.9219958782196045,0.7925656300951139,0.20743436990488598
CALCE,test_CS2_36,CS2_36,322.0,0.9219385981559753,0.8069202517047898,0.19307974829521027
CALCE,test_CS2_36,CS2_36,323.0,0.9218477010726929,0.7915266816887029,0.20847331831129703
CALCE,test_CS2_36,CS2_36,324.0,0.9217793345451355,0.7900686076227414,0.20993139237725855
CALCE,test_CS2_36,CS2_36,325.0,0.921627402305603,0.7908971368450889,0.2091028631549111
CALCE,test_CS2_36,CS2_36,326.0,0.9214484691619873,0.8161712057769555,0.1838287942230446
CALCE,test_CS2_36,CS2_36,327.0,0.9214527606964111,0.8158925025380086,0.18410749746199143
CALCE,test_CS2_36,CS2_36,328.0,0.9214110970497131,0.8159600384151771,0.184039961584823
CALCE,test_CS2_36,CS2_36,329.0,0.9212232828140259,0.8151274995719663,0.1848725004280338
CALCE,test_CS2_36,CS2_36,330.0,0.9210397005081177,0.8131307316734647,0.18686926832653517
CALCE,test_CS2_36,CS2_36,331.0,0.9071556329727173,0.7660608676586123,0.2339391323413878
CALCE,test_CS2_36,CS2_36,332.0,0.9061086177825928,0.7453773017206458,0.2546226982793543
CALCE,test_CS2_36,CS2_36,333.0,0.9058436751365662,0.741495197925245,0.25850480207475507
CALCE,test_CS2_36,CS2_36,334.0,0.9003058671951294,0.7210659597926904,0.2789340402073096
CALCE,test_CS2_36,CS2_36,335.0,0.8992360830307007,0.7137625808337136,0.2862374191662864
CALCE,test_CS2_36,CS2_36,336.0,0.9078446626663208,0.7382008347723545,0.26179916522764546
CALCE,test_CS2_36,CS2_36,337.0,0.9131218194961548,0.7545111907967398,0.2454888092032603
CALCE,test_CS2_36,CS2_36,338.0,0.9057927131652832,0.7334282397892516,0.2665717602107483
CALCE,test_CS2_36,CS2_36,339.0,0.8988730907440186,0.7112344342773044,0.28876556572269557
CALCE,test_CS2_36,CS2_36,340.0,0.8989050388336182,0.7112466224263952,0.28875337757360475
CALCE,test_CS2_36,CS2_36,341.0,0.8982457518577576,0.7098273460095263,0.2901726539904737
CALCE,test_CS2_36,CS2_36,342.0,0.898330807685852,0.7109446006005284,0.28905539939947156
CALCE,test_CS2_36,CS2_36,343.0,0.9052760601043701,0.7349095735786852,0.2650904264213147
CALCE,test_CS2_36,CS2_36,344.0,0.9057469964027405,0.7408324618729027,0.2591675381270973
CALCE,test_CS2_36,CS2_36,345.0,0.9059891700744629,0.7465407122459943,0.2534592877540057
CALCE,test_CS2_36,CS2_36,346.0,0.8975272178649902,0.7651400216796626,0.23485997832033748
CALCE,test_CS2_36,CS2_36,347.0,0.8920292854309082,0.7510513845707556,0.24894861542924443
CALCE,test_CS2_36,CS2_36,348.0,0.891502857208252,0.7486766141760803,0.25132338582391966
CALCE,test_CS2_36,CS2_36,349.0,0.8916925191879272,0.7635317456015788,0.2364682543984213
CALCE,test_CS2_36,CS2_36,350.0,0.897135317325592,0.7796110349982271,0.22038896500177296
CALCE,test_CS2_36,CS2_36,351.0,0.8994410634040833,0.7629050878552022,0.23709491214479783
CALCE,test_CS2_36,CS2_36,352.0,0.8999310731887817,0.7519175192867595,0.24808248071324043
CALCE,test_CS2_36,CS2_36,353.0,0.891518771648407,0.7504225324155341,0.24957746758446592
CALCE,test_CS2_36,CS2_36,354.0,0.8978234529495239,0.7873392310721429,0.21266076892785718
CALCE,test_CS2_36,CS2_36,355.0,0.8973896503448486,0.7861958744737494,0.21380412552625067
CALCE,test_CS2_36,CS2_36,356.0,0.8907628059387207,0.7689985821107181,0.2310014178892819
CALCE,test_CS2_36,CS2_36,357.0,0.8988624811172485,0.7896719820756101,0.21032801792439001
CALCE,test_CS2_36,CS2_36,358.0,0.8994929790496826,0.7744902756097894,0.22550972439021055
CALCE,test_CS2_36,CS2_36,359.0,0.8914436101913452,0.7516331019237104,0.24836689807628956
CALCE,test_CS2_36,CS2_36,360.0,0.889875054359436,0.7474059691387711,0.25259403086122884
CALCE,test_CS2_36,CS2_36,361.0,0.8899252414703369,0.7725613867141816,0.22743861328581838
CALCE,test_CS2_36,CS2_36,362.0,0.8896057605743408,0.7856938440320528,0.2143061559679471
CALCE,test_CS2_36,CS2_36,363.0,0.8836796283721924,0.7684445774397535,0.23155542256024653
CALCE,test_CS2_36,CS2_36,364.0,0.8913871049880981,0.786391166647173,0.21360883335282688
CALCE,test_CS2_36,CS2_36,365.0,0.8970820903778076,0.787207744513179,0.21279225548682107
CALCE,test_CS2_36,CS2_36,366.0,0.8972143530845642,0.7832098651068503,0.21679013489314974
CALCE,test_CS2_36,CS2_36,367.0,0.8972703814506531,0.7841875745595065,0.21581242544049353
CALCE,test_CS2_36,CS2_36,368.0,0.8973574042320251,0.8075715358473283,0.19242846415267173
CALCE,test_CS2_36,CS2_36,369.0,0.8977972269058228,0.7940737584697056,0.20592624153029432
CALCE,test_CS2_36,CS2_36,370.0,0.8979697823524475,0.7972556651266066,0.20274433487339352
CALCE,test_CS2_36,CS2_36,371.0,0.8980961441993713,0.8149955975910542,0.18500440240894578
CALCE,test_CS2_36,CS2_36,372.0,0.8982055187225342,0.7967325454787931,0.20326745452120695
CALCE,test_CS2_36,CS2_36,373.0,0.8982314467430115,0.7970340657724311,0.20296593422756884
CALCE,test_CS2_36,CS2_36,374.0,0.89823979139328,0.8183299789064544,0.18167002109354546
CALCE,test_CS2_36,CS2_36,375.0,0.8982253074645996,0.8218133617143251,0.17818663828567496
CALCE,test_CS2_36,CS2_36,376.0,0.8981960415840149,0.821106051137653,0.17889394886234694
CALCE,test_CS2_36,CS2_36,377.0,0.8982678055763245,0.8212514703591511,0.17874852964084884
CALCE,test_CS2_36,CS2_36,378.0,0.8984434604644775,0.8338767071395352,0.16612329286046482
CALCE,test_CS2_36,CS2_36,379.0,0.8982288241386414,0.8149089603014299,0.1850910396985702
CALCE,test_CS2_36,CS2_36,380.0,0.8979718089103699,0.8008769922186104,0.19912300778138947
CALCE,test_CS2_36,CS2_36,381.0,0.8830501437187195,0.7546051825859872,0.24539481741401287
CALCE,test_CS2_36,CS2_36,382.0,0.8823705911636353,0.7490245045086908,0.25097549549130926
CALCE,test_CS2_36,CS2_36,383.0,0.8820600509643555,0.7447609776805205,0.2552390223194795
CALCE,test_CS2_36,CS2_36,384.0,0.8816896080970764,0.7397176707000098,0.2602823292999901
CALCE,test_CS2_36,CS2_36,385.0,0.881386399269104,0.7361697786359184,0.26383022136408163
CALCE,test_CS2_36,CS2_36,386.0,0.8892905116081238,0.7579113532599193,0.2420886467400807
CALCE,test_CS2_36,CS2_36,387.0,0.8898867964744568,0.7601044978488556,0.2398955021511444
CALCE,test_CS2_36,CS2_36,388.0,0.8816735744476318,0.7355195131385679,0.2644804868614321
CALCE,test_CS2_36,CS2_36,389.0,0.8753639459609985,0.7145001174157832,0.28549988258421677
CALCE,test_CS2_36,CS2_36,390.0,0.8809571862220764,0.7313148241074836,0.26868517589251645
CALCE,test_CS2_36,CS2_36,391.0,0.8749337196350098,0.7124700959375164,0.2875299040624836
CALCE,test_CS2_36,CS2_36,392.0,0.8739005923271179,0.708987779160073,0.291012220839927
CALCE,test_CS2_36,CS2_36,393.0,0.8822081089019775,0.7357478263106805,0.2642521736893196
CALCE,test_CS2_36,CS2_36,394.0,0.8836619257926941,0.7443362939570678,0.2556637060429321
CALCE,test_CS2_36,CS2_36,395.0,0.8827521800994873,0.746446108964727,0.2535538910352731
CALCE,test_CS2_36,CS2_36,396.0,0.8739112615585327,0.7663496805410412,0.23365031945895878
CALCE,test_CS2_36,CS2_36,397.0,0.8739921450614929,0.7672091835358852,0.23279081646411476
CALCE,test_CS2_36,CS2_36,398.0,0.8744760751724243,0.7683665737197678,0.2316334262802321
CALCE,test_CS2_36,CS2_36,399.0,0.8738334774971008,0.7666907893109446,0.23330921068905536
CALCE,test_CS2_36,CS2_36,400.0,0.8742924332618713,0.7680444101926278,0.23195558980737213
CALCE,test_CS2_36,CS2_36,401.0,0.882154643535614,0.769222621167873,0.2307773788321269
CALCE,test_CS2_36,CS2_36,402.0,0.8827749490737915,0.7728080136409758,0.22719198635902427
CALCE,test_CS2_36,CS2_36,403.0,0.8814755082130432,0.7942900061435808,0.20570999385641928
CALCE,test_CS2_36,CS2_36,404.0,0.8812392950057983,0.8104773914954227,0.18952260850457725
CALCE,test_CS2_36,CS2_36,405.0,0.8750870227813721,0.7804013300304881,0.219598669969512
CALCE,test_CS2_36,CS2_36,406.0,0.8737591505050659,0.7922212418036331,0.2077787581963669
CALCE,test_CS2_36,CS2_36,407.0,0.873238742351532,0.7918086183258976,0.2081913816741024
CALCE,test_CS2_36,CS2_36,408.0,0.8731999397277832,0.7690519387056515,0.23094806129434856
CALCE,test_CS2_36,CS2_36,409.0,0.8730355501174927,0.7649227446330465,0.2350772553669535
CALCE,test_CS2_36,CS2_36,410.0,0.8670051097869873,0.7499589838861713,0.2500410161138286
CALCE,test_CS2_36,CS2_36,411.0,0.8664839267730713,0.7729473469530111,0.22705265304698893
CALCE,test_CS2_36,CS2_36,412.0,0.8744902014732361,0.792087656416238,0.207912343583762
CALCE,test_CS2_36,CS2_36,413.0,0.875343918800354,0.7928024311077074,0.2071975688922926
CALCE,test_CS2_36,CS2_36,414.0,0.8807309865951538,0.8080504334188521,0.1919495665811478
CALCE,test_CS2_36,CS2_36,415.0,0.8807857036590576,0.8077827834012783,0.1922172165987218
CALCE,test_CS2_36,CS2_36,416.0,0.880842387676239,0.7901197355047936,0.20988026449520636
CALCE,test_CS2_36,CS2_36,417.0,0.8808850646018982,0.7911254145216645,0.20887458547833537
CALCE,test_CS2_36,CS2_36,418.0,0.8809215426445007,0.7970244999416384,0.20297550005836165
CALCE,test_CS2_36,CS2_36,419.0,0.8659802079200745,0.7561771887226578,0.24382281127734226
CALCE,test_CS2_36,CS2_36,420.0,0.865209698677063,0.7702899516462768,0.2297100483537233
CALCE,test_CS2_36,CS2_36,421.0,0.8665726780891418,0.7758464253918872,0.22415357460811267
CALCE,test_CS2_36,CS2_36,422.0,0.867095410823822,0.7770971504371132,0.2229028495628867
CALCE,test_CS2_36,CS2_36,423.0,0.867090106010437,0.7757898266129916,0.22421017338700835
CALCE,test_CS2_36,CS2_36,424.0,0.8575642108917236,0.7461703077491207,0.2538296922508792
CALCE,test_CS2_36,CS2_36,425.0,0.8571836948394775,0.7589103989769115,0.2410896010230885
CALCE,test_CS2_36,CS2_36,426.0,0.8576087951660156,0.7572468559623116,0.2427531440376885
CALCE,test_CS2_36,CS2_36,427.0,0.857207179069519,0.7294336291089136,0.2705663708910863
CALCE,test_CS2_36,CS2_36,428.0,0.8566811084747314,0.7234022045125453,0.27659779548745467
CALCE,test_CS2_36,CS2_36,429.0,0.864547848701477,0.7314189427683851,0.2685810572316149
CALCE,test_CS2_36,CS2_36,430.0,0.8646937012672424,0.7346547473500648,0.2653452526499352
CALCE,test_CS2_36,CS2_36,431.0,0.8572613596916199,0.7135998633975354,0.2864001366024645
CALCE,test_CS2_36,CS2_36,432.0,0.8497827649116516,0.6903600556135071,0.3096399443864929
CALCE,test_CS2_36,CS2_36,433.0,0.8495365381240845,0.6911860276169911,0.308813972383009
CALCE,test_CS2_36,CS2_36,434.0,0.8499792814254761,0.7423905073953642,0.2576094926046357
CALCE,test_CS2_36,CS2_36,435.0,0.8499728441238403,0.7440031530218953,0.2559968469781046
CALCE,test_CS2_36,CS2_36,436.0,0.8498203754425049,0.7394020184073485,0.26059798159265146
CALCE,test_CS2_36,CS2_36,437.0,0.8576945662498474,0.7619202347684212,0.23807976523157875
CALCE,test_CS2_36,CS2_36,438.0,0.8580714464187622,0.7659081044421445,0.23409189555785542
CALCE,test_CS2_36,CS2_36,439.0,0.849075198173523,0.7685285060188952,0.2314714939811049
CALCE,test_CS2_36,CS2_36,440.0,0.8414893746376038,0.7455440390477005,0.2544559609522996
CALCE,test_CS2_36,CS2_36,441.0,0.8420727849006653,0.743724329910681,0.25627567008931895
CALCE,test_CS2_36,CS2_36,442.0,0.848333477973938,0.761870041234111,0.23812995876588905
CALCE,test_CS2_36,CS2_36,443.0,0.8414870500564575,0.7423808727433403,0.2576191272566597
CALCE,test_CS2_36,CS2_36,444.0,0.8493106365203857,0.7429849090744884,0.25701509092551145
CALCE,test_CS2_36,CS2_36,445.0,0.8504151701927185,0.7491964658587796,0.25080353414122025
CALCE,test_CS2_36,CS2_36,446.0,0.8563498854637146,0.7898826102533443,0.21011738974665578
CALCE,test_CS2_36,CS2_36,447.0,0.8409320116043091,0.7681909183647413,0.2318090816352588
CALCE,test_CS2_36,CS2_36,448.0,0.8405700325965881,0.7661158281034005,0.23388417189659946
CALCE,test_CS2_36,CS2_36,449.0,0.8413106203079224,0.7655381703386975,0.23446182966130244
CALCE,test_CS2_36,CS2_36,450.0,0.8404544591903687,0.7620377474091694,0.2379622525908307
CALCE,test_CS2_36,CS2_36,451.0,0.8485814929008484,0.7844079357045054,0.21559206429549455
CALCE,test_CS2_36,CS2_36,452.0,0.8491520881652832,0.7667952070569324,0.23320479294306753
CALCE,test_CS2_36,CS2_36,453.0,0.8494091033935547,0.7698188695926838,0.23018113040731625
CALCE,test_CS2_36,CS2_36,454.0,0.8495580554008484,0.7970706866398322,0.2029293133601677
CALCE,test_CS2_36,CS2_36,455.0,0.8495969772338867,0.816623914180371,0.18337608581962905
CALCE,test_CS2_36,CS2_36,456.0,0.8497253060340881,0.8152203188062754,0.18477968119372454
CALCE,test_CS2_36,CS2_36,457.0,0.8500398397445679,0.8011719284709,0.19882807152910006
CALCE,test_CS2_36,CS2_36,458.0,0.8499494791030884,0.8179251404177188,0.18207485958228117
CALCE,test_CS2_36,CS2_36,459.0,0.8498175740242004,0.7989396559705134,0.20106034402948655
CALCE,test_CS2_36,CS2_36,460.0,0.8497641682624817,0.796917295434239,0.20308270456576105
CALCE,test_CS2_36,CS2_36,461.0,0.8495506048202515,0.7828934285666495,0.2171065714333506
CALCE,test_CS2_36,CS2_36,462.0,0.8494307994842529,0.8237970394936542,0.17620296050634568
CALCE,test_CS2_36,CS2_36,463.0,0.8492880463600159,0.8232282790673501,0.17677172093264978
CALCE,test_CS2_36,CS2_36,464.0,0.8492271304130554,0.8200905731343638,0.1799094268656361
CALCE,test_CS2_36,CS2_36,465.0,0.8491603136062622,0.8204113859475084,0.17958861405249166
CALCE,test_CS2_36,CS2_36,466.0,0.849100649356842,0.8013461011028913,0.1986538988971088
CALCE,test_CS2_36,CS2_36,467.0,0.8490108847618103,0.7995112101334921,0.2004887898665079
CALCE,test_CS2_36,CS2_36,468.0,0.8420631885528564,0.7782104294904758,0.22178957050952416
CALCE,test_CS2_36,CS2_36,469.0,0.8409892320632935,0.7732872494787585,0.2267127505212415
CALCE,test_CS2_36,CS2_36,470.0,0.8486362099647522,0.7920017894716991,0.20799821052830103
CALCE,test_CS2_36,CS2_36,471.0,0.849190890789032,0.79348905907581,0.20651094092418998
CALCE,test_CS2_36,CS2_36,472.0,0.8492030501365662,0.7932319999099324,0.20676800009006763
CALCE,test_CS2_36,CS2_36,473.0,0.8333131074905396,0.7460099682165587,0.25399003178344126
CALCE,test_CS2_36,CS2_36,474.0,0.8328160643577576,0.7421027864386615,0.25789721356133843
CALCE,test_CS2_36,CS2_36,475.0,0.8328124284744263,0.7398950516636998,0.2601049483363001
CALCE,test_CS2_36,CS2_36,476.0,0.832736611366272,0.7384744549029598,0.2615255450970402
CALCE,test_CS2_36,CS2_36,477.0,0.825352132320404,0.7132464265580732,0.28675357344192687
CALCE,test_CS2_36,CS2_36,478.0,0.8403601050376892,0.7570800372951443,0.24291996270485564
CALCE,test_CS2_36,CS2_36,479.0,0.8409795761108398,0.7606791689217858,0.23932083107821425
CALCE,test_CS2_36,CS2_36,480.0,0.8402625918388367,0.7607125184277916,0.23928748157220836
CALCE,test_CS2_36,CS2_36,481.0,0.825335681438446,0.7150097354880908,0.28499026451190923
CALCE,test_CS2_36,CS2_36,482.0,0.8253272175788879,0.7144440584999688,0.28555594150003116
CALCE,test_CS2_36,CS2_36,483.0,0.8253302574157715,0.7354247939144444,0.26457520608555557
CALCE,test_CS2_36,CS2_36,484.0,0.8249444365501404,0.7361119881175308,0.2638880118824693
CALCE,test_CS2_36,CS2_36,485.0,0.8243879675865173,0.7107150577593867,0.28928494224061335
CALCE,test_CS2_36,CS2_36,486.0,0.8330754637718201,0.7384422187280534,0.2615577812719465
CALCE,test_CS2_36,CS2_36,487.0,0.8336489796638489,0.7446648296930078,0.25533517030699215
CALCE,test_CS2_36,CS2_36,488.0,0.8253700137138367,0.769548285774023,0.23045171422597707
CALCE,test_CS2_36,CS2_36,489.0,0.8170264959335327,0.7448881310358071,0.2551118689641929
CALCE,test_CS2_36,CS2_36,490.0,0.8170391917228699,0.7425287729399791,0.2574712270600208
CALCE,test_CS2_36,CS2_36,491.0,0.8170280456542969,0.7408251972135087,0.2591748027864913
CALCE,test_CS2_36,CS2_36,492.0,0.8003232479095459,0.705970879483205,0.29402912051679503
CALCE,test_CS2_36,CS2_36,493.0,0.8003020882606506,0.6511441879536866,0.3488558120463134
CALCE,test_CS2_36,CS2_36,494.0,0.8170274496078491,0.7048318908523175,0.2951681091476825
CALCE,test_CS2_36,CS2_36,495.0,0.8244183659553528,0.734860101374915,0.265139898625085
CALCE,test_CS2_36,CS2_36,496.0,0.808657705783844,0.7343733265882358,0.2656266734117641
CALCE,test_CS2_36,CS2_36,497.0,0.7919802665710449,0.6755223774891286,0.3244776225108715
CALCE,test_CS2_36,CS2_36,498.0,0.7919570207595825,0.6704751770451193,0.3295248229548807
CALCE,test_CS2_36,CS2_36,499.0,0.7919709086418152,0.6681142050079625,0.3318857949920375
CALCE,test_CS2_36,CS2_36,500.0,0.7919970750808716,0.6675376508160659,0.33246234918393414
CALCE,test_CS2_36,CS2_36,501.0,0.791982114315033,0.6370795195476407,0.3629204804523593
CALCE,test_CS2_36,CS2_36,502.0,0.8086667060852051,0.696627632438471,0.303372367561529
CALCE,test_CS2_36,CS2_36,503.0,0.8161636590957642,0.7534199202484468,0.24658007975155313
CALCE,test_CS2_36,CS2_36,504.0,0.8164324164390564,0.7837641074576484,0.2162358925423517
CALCE,test_CS2_36,CS2_36,505.0,0.8166754245758057,0.7892864183838868,0.21071358161611325
CALCE,test_CS2_36,CS2_36,506.0,0.8169161081314087,0.7948219043063997,0.20517809569360032
CALCE,test_CS2_36,CS2_36,507.0,0.8170499205589294,0.8380150090280367,0.1619849909719632
CALCE,test_CS2_36,CS2_36,508.0,0.8170587420463562,0.8387118245412909,0.16128817545870908
CALCE,test_CS2_36,CS2_36,509.0,0.8170463442802429,0.8030412937980352,0.19695870620196484
CALCE,test_CS2_36,CS2_36,510.0,0.817052960395813,0.7892118258547064,0.21078817414529358
CALCE,test_CS2_36,CS2_36,511.0,0.8170332312583923,0.8318920994667561,0.16810790053324376
CALCE,test_CS2_36,CS2_36,512.0,0.8170720338821411,0.8670037258893553,0.13299627411064466
CALCE,test_CS2_36,CS2_36,513.0,0.8170308470726013,0.8653390588040158,0.13466094119598418
CALCE,test_CS2_36,CS2_36,514.0,0.8168781399726868,0.8628412055031041,0.1371587944968959
CALCE,test_CS2_36,CS2_36,515.0,0.8169286847114563,0.8601345140900679,0.13986548590993206
CALCE,test_CS2_36,CS2_36,516.0,0.816928505897522,0.8568310308708078,0.1431689691291922
CALCE,test_CS2_36,CS2_36,517.0,0.8169474005699158,0.8209499327903302,0.17905006720966984
CALCE,test_CS2_36,CS2_36,518.0,0.8003054857254028,0.7528293126520406,0.24717068734795944
CALCE,test_CS2_36,CS2_36,519.0,0.7919779419898987,0.7214965768484227,0.27850342315157733
CALCE,test_CS2_36,CS2_36,520.0,0.8084415793418884,0.7648356974373164,0.23516430256268359
CALCE,test_CS2_36,CS2_36,521.0,0.691667377948761,0.2944414852685723,0.7055585147314277
CALCE,test_CS2_36,CS2_36,522.0,0.8087195754051208,0.6938840692395462,0.3061159307604538
CALCE,test_CS2_36,CS2_36,523.0,0.7920389175415039,0.6379924168218122,0.3620075831781878
CALCE,test_CS2_36,CS2_36,524.0,0.7836906313896179,0.6070230391663609,0.39297696083363914
CALCE,test_CS2_36,CS2_36,525.0,0.7836564779281616,0.6066967969094401,0.39330320309055977
CALCE,test_CS2_36,CS2_36,526.0,0.7836606502532959,0.6080103733478814,0.3919896266521185
CALCE,test_CS2_36,CS2_36,527.0,0.7753100991249084,0.5776256941437854,0.42237430585621466
CALCE,test_CS2_36,CS2_36,528.0,0.7836428284645081,0.6122031598701136,0.3877968401298863
CALCE,test_CS2_36,CS2_36,529.0,0.7920023798942566,0.6499923904216924,0.35000760957830745
CALCE,test_CS2_36,CS2_36,530.0,0.8003107309341431,0.688410834594992,0.31158916540500803
CALCE,test_CS2_36,CS2_36,531.0,0.7836481928825378,0.6394689543537053,0.36053104564629473
CALCE,test_CS2_36,CS2_36,532.0,0.775288999080658,0.616232904964714,0.38376709503528605
CALCE,test_CS2_36,CS2_36,533.0,0.7669677138328552,0.6507313652909047,0.34926863470909525
CALCE,test_CS2_36,CS2_36,534.0,0.7998644113540649,0.7833695561037364,0.21663044389626362
CALCE,test_CS2_36,CS2_36,535.0,0.7836846113204956,0.6924038738908866,0.3075961261091133
CALCE,test_CS2_36,CS2_36,536.0,0.7836846113204956,0.9359601916559874,0.06403980834401263
CALCE,test_CS2_36,CS2_36,537.0,0.783670961856842,0.7137685949912312,0.28623140500876887
CALCE,test_CS2_36,CS2_36,538.0,0.7997839450836182,0.8111477177167834,0.18885228228321652
CALCE,test_CS2_36,CS2_36,539.0,0.8003613352775574,0.8350280166099138,0.1649719833900862
CALCE,test_CS2_36,CS2_36,540.0,0.7836527824401855,0.7956900676969999,0.20430993230300015
CALCE,test_CS2_36,CS2_36,541.0,0.7753134369850159,0.7712331230052201,0.22876687699478002
CALCE,test_CS2_36,CS2_36,542.0,0.7752864956855774,0.7899518086684804,0.21004819133151956
CALCE,test_CS2_36,CS2_36,543.0,0.7669724225997925,0.7381480106386642,0.26185198936133586
CALCE,test_CS2_36,CS2_36,544.0,0.7669662833213806,0.7084012869108756,0.2915987130891244
CALCE,test_CS2_36,CS2_36,545.0,0.7752881646156311,0.7088207362292763,0.2911792637707237
CALCE,test_CS2_36,CS2_36,546.0,0.783653736114502,0.7852366686354455,0.21476333136455455
CALCE,test_CS2_36,CS2_36,547.0,0.7836638689041138,0.8068105838999499,0.19318941610005008
CALCE,test_CS2_36,CS2_36,548.0,0.7753064036369324,0.8039881134299935,0.1960118865700065
CALCE,test_CS2_36,CS2_36,549.0,0.7586234211921692,0.6530326867524548,0.3469673132475452
CALCE,test_CS2_36,CS2_36,550.0,0.7586206197738647,0.7066141093735102,0.2933858906264897
CALCE,test_CS2_36,CS2_36,551.0,0.7586191296577454,0.7028944035181682,0.29710559648183166
CALCE,test_CS2_36,CS2_36,552.0,0.7586053609848022,0.7000775048102277,0.29992249518977243
CALCE,test_CS2_36,CS2_36,553.0,0.7586042881011963,0.6468253502440913,0.3531746497559088
CALCE,test_CS2_36,CS2_36,554.0,0.7753093242645264,0.7067932753156113,0.2932067246843887
CALCE,test_CS2_36,CS2_36,555.0,0.7753128409385681,0.7655937953234283,0.2344062046765718
CALCE,test_CS2_36,CS2_36,556.0,0.758624792098999,0.7422373294863125,0.25776267051368756
CALCE,test_CS2_36,CS2_36,557.0,0.7586162686347961,0.7414993111364224,0.2585006888635776
CALCE,test_CS2_36,CS2_36,558.0,0.7586325407028198,0.7647651606619525,0.23523483933804748
CALCE,test_CS2_36,CS2_36,559.0,0.7586320042610168,0.7628187979284412,0.23718120207155882
CALCE,test_CS2_36,CS2_36,560.0,0.7586139440536499,0.7380020895256754,0.2619979104743247
CALCE,test_CS2_36,CS2_36,561.0,0.7502910494804382,0.6857545374718629,0.31424546252813723
CALCE,test_CS2_36,CS2_36,562.0,0.7669804096221924,0.7417806732801765,0.2582193267198235
CALCE,test_CS2_36,CS2_36,563.0,0.7669553756713867,0.7715762209179826,0.2284237790820173
CALCE,test_CS2_36,CS2_36,564.0,0.7669559717178345,0.8176392736323657,0.18236072636763448
CALCE,test_CS2_36,CS2_36,565.0,0.750279426574707,0.7727121156946197,0.2272878843053803
CALCE,test_CS2_36,CS2_36,566.0,0.7502787709236145,0.7694914302268202,0.2305085697731798
CALCE,test_CS2_36,CS2_36,567.0,0.7503008246421814,0.7666009854829394,0.23339901451706058
CALCE,test_CS2_36,CS2_36,568.0,0.7503021955490112,0.7638565291186545,0.2361434708813455
CALCE,test_CS2_36,CS2_36,569.0,0.7502920031547546,0.7144128675226078,0.28558713247739226
CALCE,test_CS2_36,CS2_36,570.0,0.7586414217948914,0.743372036787436,0.2566279632125639
CALCE,test_CS2_36,CS2_36,571.0,0.7669907212257385,0.8149315940229755,0.1850684059770245
CALCE,test_CS2_36,CS2_36,572.0,0.7669767737388611,0.8169979809670511,0.1830020190329489
CALCE,test_CS2_36,CS2_36,573.0,0.7669756412506104,0.818799033081132,0.18120096691886797
CALCE,test_CS2_36,CS2_36,574.0,0.7669796347618103,0.8204220500063487,0.17957794999365123
CALCE,test_CS2_36,CS2_36,575.0,0.7669702768325806,0.8218254503233456,0.17817454967665444
CALCE,test_CS2_36,CS2_36,576.0,0.7669771909713745,0.840803035639228,0.159196964360772
CALCE,test_CS2_36,CS2_36,577.0,0.7669743895530701,0.8047465673559725,0.19525343264402753
CALCE,test_CS2_36,CS2_36,578.0,0.7669949531555176,0.8073898059196754,0.1926101940803247
CALCE,test_CS2_36,CS2_36,579.0,0.7669842839241028,0.8098659310892989,0.1901340689107011
CALCE,test_CS2_36,CS2_36,580.0,0.7669939994812012,0.8495065685544927,0.1504934314455072
CALCE,test_CS2_36,CS2_36,581.0,0.7669830322265625,0.8483156537783468,0.15168434622165314
CALCE,test_CS2_36,CS2_36,582.0,0.7669826745986938,0.8467109378851103,0.1532890621148898
CALCE,test_CS2_36,CS2_36,583.0,0.767014741897583,0.8448216686491611,0.15517833135083897
CALCE,test_CS2_36,CS2_36,584.0,0.7586418986320496,0.822735266303019,0.1772647336969811
CALCE,test_CS2_36,CS2_36,585.0,0.7503024935722351,0.7761327842515203,0.22386721574847962
CALCE,test_CS2_36,CS2_36,586.0,0.7502829432487488,0.7491783212913514,0.2508216787086485
CALCE,test_CS2_36,CS2_36,587.0,0.7665305733680725,0.790960449827632,0.20903955017236797
CALCE,test_CS2_36,CS2_36,588.0,0.7664820551872253,0.7919612397708863,0.2080387602291137
CALCE,test_CS2_36,CS2_36,589.0,0.7503014206886292,0.7448287113256216,0.2551712886743783
CALCE,test_CS2_36,CS2_36,590.0,0.7419531941413879,0.7155367659265649,0.284463234073435
CALCE,test_CS2_36,CS2_36,591.0,0.7419724464416504,0.7119348181588041,0.28806518184119584
CALCE,test_CS2_36,CS2_36,592.0,0.7419657707214355,0.7091667527072385,0.2908332472927615
CALCE,test_CS2_36,CS2_36,593.0,0.7336234450340271,0.6780573851526429,0.32194261484735714
CALCE,test_CS2_36,CS2_36,594.0,0.7336207628250122,0.6750239976261977,0.32497600237380225
CALCE,test_CS2_36,CS2_36,595.0,0.7419692277908325,0.7018347800864283,0.29816521991357164
CALCE,test_CS2_36,CS2_36,596.0,0.7499501705169678,0.7293527879483959,0.270647212051604
CALCE,test_CS2_36,CS2_36,597.0,0.7500297427177429,0.7336623875844245,0.2663376124155756
CALCE,test_CS2_36,CS2_36,598.0,0.7336373925209045,0.682194782480578,0.317805217519422
CALCE,test_CS2_36,CS2_36,599.0,0.7253068089485168,0.6817803421629324,0.3182196578370677
CALCE,test_CS2_36,CS2_36,600.0,0.7253028750419617,0.7068277546224307,0.29317224537756914
CALCE,test_CS2_36,CS2_36,601.0,0.7253116369247437,0.7038553287294924,0.29614467127050753
CALCE,test_CS2_36,CS2_36,602.0,0.7253045439720154,0.6502237466266392,0.3497762533733607
CALCE,test_CS2_36,CS2_36,603.0,0.7336542010307312,0.6840781473778962,0.31592185262210387
CALCE,test_CS2_36,CS2_36,604.0,0.7416211366653442,0.7657509956948869,0.23424900430511306
CALCE,test_CS2_36,CS2_36,605.0,0.7336476445198059,0.7695019764341399,0.23049802356586013
CALCE,test_CS2_36,CS2_36,606.0,0.7169637084007263,0.717476506125463,0.282523493874537
CALCE,test_CS2_36,CS2_36,607.0,0.7169719934463501,0.7151031258771308,0.28489687412286924
CALCE,test_CS2_36,CS2_36,608.0,0.7252933382987976,0.7636664198112317,0.2363335801887682
CALCE,test_CS2_36,CS2_36,609.0,0.7169606685638428,0.7367806667792133,0.2632193332207867
CALCE,test_CS2_36,CS2_36,610.0,0.7169791460037231,0.7093545575016141,0.290645442498386
CALCE,test_CS2_36,CS2_36,611.0,0.7253329753875732,0.7129667981897211,0.287033201810279
CALCE,test_CS2_36,CS2_36,612.0,0.7336515188217163,0.7444767194860825,0.2555232805139175
CALCE,test_CS2_36,CS2_36,613.0,0.7169618010520935,0.7472821753263283,0.25271782467367165
CALCE,test_CS2_36,CS2_36,614.0,0.7169585824012756,0.7704521605817499,0.22954783941825
CALCE,test_CS2_36,CS2_36,615.0,0.7169719934463501,0.7688392991481533,0.23116070085184678
CALCE,test_CS2_36,CS2_36,616.0,0.716980516910553,0.7674349430380546,0.2325650569619454
CALCE,test_CS2_36,CS2_36,617.0,0.7169507145881653,0.7662228493125927,0.23377715068740731
CALCE,test_CS2_36,CS2_36,618.0,0.7253254055976868,0.7673420453863704,0.23265795461362968
CALCE,test_CS2_36,CS2_36,619.0,0.7336502075195312,0.773470343149701,0.22652965685029902
CALCE,test_CS2_36,CS2_36,620.0,0.7336521148681641,0.8007234183893994,0.19927658161060066
CALCE,test_CS2_36,CS2_36,621.0,0.7336636781692505,0.8429830988238329,0.15701690117616707
CALCE,test_CS2_36,CS2_36,622.0,0.7336448431015015,0.8436676353846563,0.15633236461534378
CALCE,test_CS2_36,CS2_36,623.0,0.7336728572845459,0.827163608621694,0.1728363913783061
CALCE,test_CS2_36,CS2_36,624.0,0.7336573600769043,0.8462665169386279,0.15373348306137205
CALCE,test_CS2_36,CS2_36,625.0,0.733665943145752,0.8460189418753542,0.15398105812464585
CALCE,test_CS2_36,CS2_36,626.0,0.7336756587028503,0.8285965773229058,0.1714034226770941
CALCE,test_CS2_36,CS2_36,627.0,0.7336718440055847,0.8112583171640195,0.1887416828359805
CALCE,test_CS2_36,CS2_36,628.0,0.7336704134941101,0.8506704198546922,0.14932958014530773
CALCE,test_CS2_36,CS2_36,629.0,0.7336510419845581,0.8494746332946657,0.1505253667053342
CALCE,test_CS2_36,CS2_36,630.0,0.7336521148681641,0.8478986231242683,0.15210137687573175
CALCE,test_CS2_36,CS2_36,631.0,0.7169177532196045,0.8045769355699851,0.19542306443001478
CALCE,test_CS2_36,CS2_36,632.0,0.7085880041122437,0.7756448734224443,0.22435512657755566
CALCE,test_CS2_36,CS2_36,633.0,0.708586573600769,0.7448917180202351,0.2551082819797649
CALCE,test_CS2_36,CS2_36,634.0,0.71692955493927,0.7408728872117298,0.25912711278827005
CALCE,test_CS2_36,CS2_36,635.0,0.7169438004493713,0.7395421821222712,0.2604578178777288
CALCE,test_CS2_36,CS2_36,636.0,0.7085861563682556,0.711184776611163,0.28881522338883703
CALCE,test_CS2_36,CS2_36,637.0,0.7002527117729187,0.6799409502604327,0.32005904973956745
CALCE,test_CS2_36,CS2_36,638.0,0.700256884098053,0.6764481823995624,0.32355181760043755
CALCE,test_CS2_36,CS2_36,639.0,0.7002540826797485,0.6743585075254067,0.32564149247459323
CALCE,test_CS2_36,CS2_36,640.0,0.7002596259117126,0.6735045830192954,0.32649541698070456
CALCE,test_CS2_36,CS2_36,641.0,0.7002665996551514,0.6739514332321869,0.32604856676781313
CALCE,test_CS2_36,CS2_36,642.0,0.7086079716682434,0.7040670273626723,0.29593297263732765
CALCE,test_CS2_36,CS2_36,643.0,0.708599865436554,0.7088749701000256,0.2911250298999743
CALCE,test_CS2_36,CS2_36,644.0,0.7086166739463806,0.7146739421412392,0.2853260578587608
CALCE,test_CS2_36,CS2_36,645.0,0.7002695202827454,0.6927358087995666,0.3072641912004333
CALCE,test_CS2_36,CS2_36,646.0,0.6919326186180115,0.7234010434196898,0.27659895658031025
CALCE,test_CS2_36,CS2_36,647.0,0.6919260621070862,0.747690479010414,0.252309520989586
CALCE,test_CS2_36,CS2_36,648.0,0.6919245719909668,0.7457928356748924,0.2542071643251076
CALCE,test_CS2_36,CS2_36,649.0,0.6919162273406982,0.7206515649383084,0.2793484350616917
CALCE,test_CS2_36,CS2_36,650.0,0.6919332146644592,0.7223690707288142,0.27763092927118593
CALCE,test_CS2_36,CS2_36,651.0,0.7002714276313782,0.7736584595697147,0.2263415404302853
CALCE,test_CS2_36,CS2_36,652.0,0.7002884745597839,0.7976213013081273,0.20237869869187264
CALCE,test_CS2_36,CS2_36,653.0,0.700284481048584,0.7980767887107442,0.2019232112892559
CALCE,test_CS2_36,CS2_36,654.0,0.6835753917694092,0.7492177041885169,0.2507822958114831
CALCE,test_CS2_36,CS2_36,655.0,0.6835834383964539,0.7462190397423917,0.2537809602576082
CALCE,test_CS2_36,CS2_36,656.0,0.6835809350013733,0.7437246207722098,0.25627537922779026
CALCE,test_CS2_36,CS2_36,657.0,0.6835946440696716,0.7178161700175341,0.28218382998246594
CALCE,test_CS2_36,CS2_36,658.0,0.6835860013961792,0.7189396528410685,0.2810603471589314
CALCE,test_CS2_36,CS2_36,659.0,0.6835836172103882,0.7208903881447758,0.27910961185522426
CALCE,test_CS2_36,CS2_36,660.0,0.7002395987510681,0.7944640653939391,0.20553593460606098
CALCE,test_CS2_36,CS2_36,661.0,0.6919333338737488,0.796850458127597,0.20314954187240294
CALCE,test_CS2_36,CS2_36,662.0,0.6835952997207642,0.774145735734277,0.22585426426572297
CALCE,test_CS2_36,CS2_36,663.0,0.6919457912445068,0.7956889248691977,0.20431107513080224
CALCE,test_CS2_36,CS2_36,664.0,0.6919281482696533,0.7963819219182358,0.2036180780817643
CALCE,test_CS2_36,CS2_36,665.0,0.6919185519218445,0.7970269978574673,0.20297300214253258
CALCE,test_CS2_36,CS2_36,666.0,0.6919267773628235,0.7771660214450489,0.2228339785549512
CALCE,test_CS2_36,CS2_36,667.0,0.7002862095832825,0.8022347373264349,0.19776526267356506
CALCE,test_CS2_36,CS2_36,668.0,0.7002822160720825,0.806639802348736,0.19336019765126405
CALCE,test_CS2_36,CS2_36,669.0,0.7079517841339111,0.8629565315137284,0.13704346848627152
CALCE,test_CS2_36,CS2_36,670.0,0.7080687284469604,0.8645015942085938,0.1354984057914061
CALCE,test_CS2_36,CS2_36,671.0,0.7080860137939453,0.8653770891214206,0.1346229108785794
CALCE,test_CS2_36,CS2_36,672.0,0.7080853581428528,0.865685586972579,0.134314413027421
CALCE,test_CS2_36,CS2_36,673.0,0.7081475853919983,0.8656527704829865,0.13434722951701342
CALCE,test_CS2_36,CS2_36,674.0,0.7082138657569885,0.8651199497883283,0.1348800502116717
CALCE,test_CS2_36,CS2_36,675.0,0.7082351446151733,0.8331032862883324,0.1668967137116676
CALCE,test_CS2_36,CS2_36,676.0,0.7082595825195312,0.8516611423199144,0.14833885768008553
CALCE,test_CS2_36,CS2_36,677.0,0.7081990838050842,0.8669209592160078,0.13307904078399224
CALCE,test_CS2_36,CS2_36,678.0,0.7081312537193298,0.8496820336658835,0.15031796633411648
CALCE,test_CS2_36,CS2_36,679.0,0.7086142897605896,0.8494082566470698,0.15059174335293024
CALCE,test_CS2_36,CS2_36,680.0,0.7002748250961304,0.8286377694523881,0.17136223054761202
CALCE,test_CS2_36,CS2_36,681.0,0.691939115524292,0.8039198311609862,0.19608016883901372
CALCE,test_CS2_36,CS2_36,682.0,0.7083423137664795,0.8189111063344553,0.18108889366554476
CALCE,test_CS2_36,CS2_36,683.0,0.7084192633628845,0.8184028148438036,0.18159718515619627
CALCE,test_CS2_36,CS2_36,684.0,0.7082180380821228,0.7994871400440965,0.20051285995590357
CALCE,test_CS2_36,CS2_36,685.0,0.691929817199707,0.7523139806234427,0.24768601937655746
CALCE,test_CS2_36,CS2_36,686.0,0.6835888624191284,0.7228929019729035,0.27710709802709654
CALCE,test_CS2_36,CS2_36,687.0,0.6836097836494446,0.7187481366936505,0.2812518633063495
CALCE,test_CS2_36,CS2_36,688.0,0.6836207509040833,0.7152272870387374,0.2847727129612626
CALCE,test_CS2_36,CS2_36,689.0,0.6836003661155701,0.7124706199949598,0.2875293800050402
CALCE,test_CS2_36,CS2_36,690.0,0.6833661794662476,0.7100291705704146,0.28997082942958535
CALCE,test_CS2_36,CS2_36,691.0,0.6919735670089722,0.7367415177718295,0.2632584822281704
CALCE,test_CS2_36,CS2_36,692.0,0.6993447542190552,0.7611367316128587,0.23886326838714125
CALCE,test_CS2_36,CS2_36,693.0,0.6993334293365479,0.7651914735687162,0.2348085264312838
CALCE,test_CS2_36,CS2_36,694.0,0.6832116842269897,0.716783766570307,0.2832162334296931
CALCE,test_CS2_36,CS2_36,695.0,0.675317108631134,0.7175313884982244,0.2824686115017756
CALCE,test_CS2_36,CS2_36,696.0,0.6753201484680176,0.7405081191447647,0.2594918808552353
CALCE,test_CS2_36,CS2_36,697.0,0.6669806838035583,0.6583378458664889,0.34166215413351114
CALCE,test_CS2_36,CS2_36,698.0,0.6669736504554749,0.6580946896906134,0.34190531030938676
CALCE,test_CS2_36,CS2_36,699.0,0.6669778823852539,0.6604848310101482,0.3395151689898517
CALCE,test_CS2_36,CS2_36,700.0,0.6835542321205139,0.7670511249865412,0.2329488750134588
CALCE,test_CS2_36,CS2_36,701.0,0.6836709976196289,0.7919237517894043,0.20807624821059567
CALCE,test_CS2_36,CS2_36,702.0,0.683678925037384,0.7926942085910202,0.2073057914089797
CALCE,test_CS2_36,CS2_36,703.0,0.666990339756012,0.7440225975231314,0.2559774024768686
CALCE,test_CS2_36,CS2_36,704.0,0.6586410999298096,0.7142280884383461,0.2857719115616538
CALCE,test_CS2_36,CS2_36,705.0,0.658639669418335,0.7107418743365738,0.2892581256634262
CALCE,test_CS2_36,CS2_36,706.0,0.6753467917442322,0.735109243561749,0.264890756438251
CALCE,test_CS2_36,CS2_36,707.0,0.6660122275352478,0.6852685824102418,0.31473141758975826
CALCE,test_CS2_36,CS2_36,708.0,0.6252765655517578,0.5281295639710273,0.4718704360289727
CALCE,test_CS2_36,CS2_36,709.0,0.6169432997703552,0.5507779719903739,0.4492220280096261
CALCE,test_CS2_36,CS2_36,710.0,0.6418373584747314,0.6636508569151016,0.33634914308489844
CALCE,test_CS2_36,CS2_36,711.0,0.6419622302055359,0.6619246446991464,0.3380753553008537
CALCE,test_CS2_36,CS2_36,712.0,0.6419771313667297,0.688731498820382,0.31126850117961796
CALCE,test_CS2_36,CS2_36,713.0,0.6086083054542542,0.5566609875905585,0.4433390124094415
CALCE,test_CS2_36,CS2_36,714.0,0.5919169783592224,0.4775161006505484,0.5224838993494515
CALCE,test_CS2_36,CS2_36,715.0,0.5919113755226135,0.4047725067430073,0.5952274932569926
CALCE,test_CS2_36,CS2_36,716.0,0.5835748314857483,0.36893876719559376,0.6310612328044062
CALCE,test_CS2_36,CS2_36,717.0,0.5752312541007996,0.33639993990568584,0.6636000600943142
CALCE,test_CS2_36,CS2_36,718.0,0.5752283334732056,0.39487626052543096,0.6051237394745691
CALCE,test_CS2_36,CS2_36,719.0,0.5919150114059448,0.48997752364261776,0.5100224763573822
CALCE,test_CS2_36,CS2_36,720.0,0.6002451777458191,0.5278782713833731,0.4721217286166269
CALCE,test_CS2_36,CS2_36,721.0,0.6002482771873474,0.4761971413404903,0.5238028586595096
CALCE,test_CS2_36,CS2_36,722.0,0.5752271413803101,0.4271548917256796,0.5728451082743204
CALCE,test_CS2_36,CS2_36,723.0,0.5668914914131165,0.5606667129216404,0.43933328707835967
CALCE,test_CS2_36,CS2_36,724.0,0.5668952465057373,0.5888321543017295,0.4111678456982705
CALCE,test_CS2_36,CS2_36,725.0,0.5585578083992004,0.4625852720686842,0.5374147279313158
CALCE,test_CS2_36,CS2_36,726.0,0.5585715174674988,0.4683443961558631,0.5316556038441369
CALCE,test_CS2_36,CS2_36,727.0,0.5502151250839233,0.44443423547475147,0.5555657645252485
CALCE,test_CS2_36,CS2_36,728.0,0.5585466027259827,0.61556010038143,0.38443989961856995
CALCE,test_CS2_36,CS2_36,729.0,0.5752367377281189,0.7331490829792154,0.26685091702078456
CALCE,test_CS2_36,CS2_36,730.0,0.5752373933792114,0.7375188484990742,0.2624811515009257
CALCE,test_CS2_36,CS2_36,731.0,0.5835758447647095,0.7890561114767162,0.21094388852328377
CALCE,test_CS2_36,CS2_36,732.0,0.5502238273620605,0.712680866833154,0.287319133166846
CALCE,test_CS2_36,CS2_36,733.0,0.541888415813446,0.6784424061247837,0.3215575938752162
CALCE,test_CS2_36,CS2_36,734.0,0.5418896675109863,0.6157574440650193,0.38424255593498063
CALCE,test_CS2_36,CS2_36,735.0,0.5418856143951416,0.5864781937050244,0.4135218062949756
CALCE,test_CS2_36,CS2_36,736.0,0.541878879070282,0.5918385291749052,0.40816147082509474
CALCE,test_CS2_36,CS2_36,737.0,0.5335446000099182,0.6574134004678936,0.34258659953210635
CALCE,test_CS2_36,CS2_36,738.0,0.5335489511489868,0.6841862288931582,0.31581377110684183
CALCE,test_CS2_36,CS2_36,739.0,0.5251956582069397,0.6516913732666044,0.3483086267333956
CALCE,test_CS2_36,CS2_36,740.0,0.5168575644493103,0.6461945516530514,0.3538054483469486
CALCE,test_CS2_36,CS2_36,741.0,0.5168561935424805,0.6397134941255622,0.36028650587443783
CALCE,test_CS2_36,CS2_36,742.0,0.5168726444244385,0.6636846005001685,0.3363153994998315
CALCE,test_CS2_36,CS2_36,743.0,0.5168629288673401,0.6296499987428066,0.3703500012571935
CALCE,test_CS2_36,CS2_36,744.0,0.5168631672859192,0.569752725599701,0.4302472744002989
CALCE,test_CS2_36,CS2_36,745.0,0.5335462689399719,0.6387828789599485,0.36121712104005155
CALCE,test_CS2_36,CS2_36,746.0,0.533553421497345,0.622881453397219,0.37711854660278094
CALCE,test_CS2_36,CS2_36,747.0,0.5335533618927002,0.7505396519603291,0.24946034803967082
CALCE,test_CS2_36,CS2_36,748.0,0.5335520505905151,0.7792367756896739,0.2207632243103262
CALCE,test_CS2_36,CS2_36,749.0,0.5335421562194824,0.7831303529948472,0.21686964700515265
CALCE,test_CS2_36,CS2_36,750.0,0.5335396528244019,0.7872523898659185,0.21274761013408144
CALCE,test_CS2_36,CS2_36,751.0,0.5335506796836853,0.7916015184663787,0.20839848153362128
CALCE,test_CS2_36,CS2_36,752.0,0.5335575938224792,0.8160220467537052,0.18397795324629482
CALCE,test_CS2_36,CS2_36,753.0,0.5335367321968079,0.8183811471622897,0.1816188528377103
CALCE,test_CS2_36,CS2_36,754.0,0.5669006705284119,0.8971273153979099,0.10287268460209005
CALCE,test_CS2_36,CS2_36,755.0,0.5502183437347412,0.8864353837779445,0.11356461622205542
CALCE,test_CS2_36,CS2_36,756.0,0.5419055819511414,0.8720992499761644,0.12790075002383558
CALCE,test_CS2_36,CS2_36,757.0,0.5335577130317688,0.854277883359017,0.145722116640983
CALCE,test_CS2_36,CS2_36,758.0,0.5252130627632141,0.8326177521656466,0.1673822478343534
CALCE,test_CS2_36,CS2_36,759.0,0.5252056121826172,0.8270748677599868,0.17292513224001319
CALCE,test_CS2_36,CS2_36,760.0,0.5168618559837341,0.7580452391298289,0.24195476087017107
CALCE,test_CS2_36,CS2_36,761.0,0.516882598400116,0.7532467294458388,0.24675327055416119
CALCE,test_CS2_36,CS2_36,762.0,0.516873836517334,0.7488750095731439,0.25112499042685615
CALCE,test_CS2_36,CS2_36,763.0,0.5252127051353455,0.7697259414191667,0.23027405858083327
CALCE,test_CS2_36,CS2_36,764.0,0.5252211093902588,0.7683654051387732,0.23163459486122676
CALCE,test_CS2_36,CS2_36,765.0,0.5252213478088379,0.7672175613859313,0.23278243861406864
CALCE,test_CS2_36,CS2_36,766.0,0.5168583989143372,0.7407772076884498,0.2592227923115502
CALCE,test_CS2_36,CS2_36,767.0,0.5085368156433105,0.7110163998175095,0.2889836001824905
CALCE,test_CS2_36,CS2_36,768.0,0.5085214972496033,0.7070207221480411,0.29297927785195893
CALCE,test_CS2_36,CS2_36,769.0,0.500182032585144,0.5646017573255002,0.4353982426744997
CALCE,test_CS2_36,CS2_36,770.0,0.5001956820487976,0.6333290604680981,0.36667093953190183
CALCE,test_CS2_36,CS2_36,771.0,0.5001903772354126,0.6657441265167369,0.3342558734832632
CALCE,test_CS2_36,CS2_36,772.0,0.5002192854881287,0.6961837137879694,0.3038162862120306
CALCE,test_CS2_36,CS2_36,773.0,0.49187982082366943,0.6955936035974721,0.30440639640252787
CALCE,test_CS2_36,CS2_36,774.0,0.5002138018608093,0.7211500220224685,0.2788499779775315
CALCE,test_CS2_36,CS2_36,775.0,0.525222659111023,0.8135061897032151,0.18649381029678502
CALCE,test_CS2_36,CS2_36,776.0,0.5001986622810364,0.7461642145122327,0.25383578548776736
CALCE,test_CS2_36,CS2_36,777.0,0.49185433983802795,0.7188407406094054,0.2811592593905946
CALCE,test_CS2_36,CS2_36,778.0,0.4918627440929413,0.6913565663413076,0.30864343365869235
CALCE,test_CS2_36,CS2_36,779.0,0.48351502418518066,0.6631874685547261,0.3368125314452739
CALCE,test_CS2_36,CS2_36,780.0,0.4751838445663452,0.6331225623233432,0.3668774376766568
CALCE,test_CS2_36,CS2_36,781.0,0.47517552971839905,0.6623435232911964,0.3376564767088036
CALCE,test_CS2_36,CS2_36,782.0,0.4751864969730377,0.6895207014133025,0.3104792985866976
CALCE,test_CS2_36,CS2_36,783.0,0.46685791015625,0.658114718699035,0.3418852813009649
CALCE,test_CS2_36,CS2_36,784.0,0.4668429493904114,0.6835376885000097,0.3164623114999902
CALCE,test_CS2_36,CS2_36,785.0,0.4668436050415039,0.6800985412937449,0.31990145870625514
CALCE,test_CS2_36,CS2_36,786.0,0.46684226393699646,0.6779846824845608,0.3220153175154391
CALCE,test_CS2_36,CS2_36,787.0,0.4668484926223755,0.677064336816513,0.32293566318348704
CALCE,test_CS2_36,CS2_36,788.0,0.4668554365634918,0.7044192733937806,0.29558072660621937
CALCE,test_CS2_36,CS2_36,789.0,0.4585117697715759,0.6465675477126258,0.3534324522873742
CALCE,test_CS2_36,CS2_36,790.0,0.45850592851638794,0.5624180115500215,0.4375819884499785
CALCE,test_CS2_36,CS2_36,791.0,0.45849931240081787,0.6663704755459943,0.3336295244540058
CALCE,test_CS2_36,CS2_36,792.0,0.4418252408504486,0.6364582688037133,0.36354173119628674
CALCE,test_CS2_36,CS2_36,793.0,0.44183000922203064,0.6359559479427,0.36404405205729995
CALCE,test_CS2_36,CS2_36,794.0,0.4334903359413147,0.6350346990909085,0.3649653009090915
CALCE,test_CS2_36,CS2_36,795.0,0.433484822511673,0.6621958006899937,0.3378041993100064
CALCE,test_CS2_36,CS2_36,796.0,0.43349194526672363,0.6599308007431339,0.3400691992568662
CALCE,test_CS2_36,CS2_36,797.0,0.4335002601146698,0.6592521014476586,0.3407478985523414
CALCE,test_CS2_36,CS2_36,798.0,0.43348997831344604,0.6879155990535268,0.3120844009464732
CALCE,test_CS2_36,CS2_36,799.0,0.43350499868392944,0.6878220144384978,0.3121779855615023
CALCE,test_CS2_36,CS2_36,800.0,0.43348976969718933,0.6888359120341142,0.31116408796588585
CALCE,test_CS2_36,CS2_36,801.0,0.4251566231250763,0.6611571216220422,0.33884287837795773
CALCE,test_CS2_36,CS2_36,802.0,0.4251689314842224,0.6628169404549945,0.33718305954500555
CALCE,test_CS2_36,CS2_36,803.0,0.4501626789569855,0.7458200197956811,0.2541799802043188
CALCE,test_CS2_36,CS2_36,804.0,0.4334973692893982,0.7262996128500311,0.27370038714996886
CALCE,test_CS2_36,CS2_36,805.0,0.4251580238342285,0.702853912265517,0.29714608773448303
CALCE,test_CS2_36,CS2_36,806.0,0.4168059229850769,0.6771953115847661,0.3228046884152339
CALCE,test_CS2_36,CS2_36,807.0,0.40847915410995483,0.7052286775662715,0.2947713224337285
CALCE,test_CS2_36,CS2_36,808.0,0.4084818959236145,0.7022703597033276,0.2977296402966725
CALCE,test_CS2_36,CS2_36,809.0,0.40014082193374634,0.6982581759513847,0.30174182404861527
CALCE,test_CS2_36,CS2_36,810.0,0.4001394510269165,0.6930930289699778,0.3069069710300222
CALCE,test_CS2_36,CS2_36,811.0,0.3918057084083557,0.6591140800421498,0.3408859199578502
CALCE,test_CS2_36,CS2_36,812.0,0.40015479922294617,0.683702558262477,0.3162974417375231
CALCE,test_CS2_36,CS2_36,813.0,0.4001438617706299,0.6825488970520235,0.31745110294797657
CALCE,test_CS2_36,CS2_36,814.0,0.40849313139915466,0.7109203273100102,0.2890796726899898
CALCE,test_CS2_36,CS2_36,815.0,0.38347718119621277,0.6220390774271229,0.377960922572877
CALCE,test_CS2_36,CS2_36,816.0,0.38347458839416504,0.6492255095868084,0.35077449041319164
CALCE,test_CS2_36,CS2_36,817.0,0.3751376271247864,0.6147480101398067,0.38525198986019316
CALCE,test_CS2_36,CS2_36,818.0,0.37513208389282227,0.523779099047239,0.47622090095276104
CALCE,test_CS2_36,CS2_36,819.0,0.35846439003944397,0.5265711752468973,0.47342882475310266
CALCE,test_CS2_36,CS2_36,820.0,0.35846710205078125,0.558091481394355,0.44190851860564495
CALCE,test_CS2_36,CS2_36,821.0,0.3501317799091339,0.5561249704803582,0.44387502951964175
CALCE,test_CS2_36,CS2_36,822.0,0.3501248359680176,0.5848311137027365,0.41516888629726356
CALCE,test_CS2_36,CS2_36,823.0,0.3501238226890564,0.5827284827924869,0.41727151720751315
CALCE,test_CS2_36,CS2_36,824.0,0.34178677201271057,0.5805247402694568,0.41947525973054317
CALCE,test_CS2_36,CS2_36,825.0,0.35011371970176697,0.6100959424090435,0.38990405759095653
CALCE,test_CS2_36,CS2_36,826.0,0.3584505617618561,0.6718197985625303,0.32818020143746973
CALCE,test_CS2_36,CS2_36,827.0,0.35845473408699036,0.647678122130256,0.35232187786974395
CALCE,test_CS2_36,CS2_36,828.0,0.35845333337783813,0.6553817221876048,0.34461827781239524
CALCE,test_CS2_36,CS2_36,829.0,0.358451783657074,0.6367609654225924,0.36323903457740764
CALCE,test_CS2_36,CS2_36,830.0,0.3584459722042084,0.7333749581812586,0.2666250418187414
CALCE,test_CS2_36,CS2_36,831.0,0.34178265929222107,0.6826376669001197,0.3173623330998803
CALCE,test_CS2_36,CS2_36,832.0,0.34176456928253174,0.7128385608206846,0.2871614391793153
CALCE,test_CS2_36,CS2_36,833.0,0.34176746010780334,0.7153780175446575,0.28462198245534265
CALCE,test_CS2_36,CS2_36,834.0,0.33343079686164856,0.7425895731795317,0.25741042682046833
CALCE,test_CS2_36,CS2_36,835.0,0.3334542512893677,0.7406204138060819,0.25937958619391804
CALCE,test_CS2_36,CS2_36,836.0,0.341779887676239,0.7863079993312987,0.21369200066870134
CALCE,test_CS2_36,CS2_36,837.0,0.3334609270095825,0.7614259269533665,0.2385740730466335
CALCE,test_CS2_36,CS2_36,838.0,0.3334597051143646,0.7590694508096291,0.24093054919037105
CALCE,test_CS2_36,CS2_36,839.0,0.3418061137199402,0.8019252882626896,0.19807471173731042
CALCE,test_CS2_36,CS2_36,840.0,0.3417951166629791,0.7799162806528162,0.22008371934718388
CALCE,test_CS2_36,CS2_36,841.0,0.34178823232650757,0.7585917751134245,0.24140822488657554
CALCE,test_CS2_36,CS2_36,842.0,0.3418075144290924,0.7616378967368557,0.2383621032631444
CALCE,test_CS2_36,CS2_36,843.0,0.33345839381217957,0.7395012090197336,0.26049879098026635
CALCE,test_CS2_36,CS2_36,844.0,0.333464652299881,0.7420067035180401,0.25799329648195996
CALCE,test_CS2_36,CS2_36,845.0,0.3251175284385681,0.7183897168953887,0.28161028310461145
CALCE,test_CS2_36,CS2_36,846.0,0.32512858510017395,0.7697620425084176,0.23023795749158235
CALCE,test_CS2_36,CS2_36,847.0,0.3167822062969208,0.7431166386321277,0.2568833613678722
CALCE,test_CS2_36,CS2_36,848.0,0.3167877197265625,0.7405223509559014,0.2594776490440987
CALCE,test_CS2_36,CS2_36,849.0,0.31678494811058044,0.7624974236755779,0.23750257632442207
CALCE,test_CS2_36,CS2_36,850.0,0.31679391860961914,0.7592926844246232,0.2407073155753769
CALCE,test_CS2_36,CS2_36,851.0,0.31678634881973267,0.7336323147141149,0.26636768528588495
CALCE,test_CS2_36,CS2_36,852.0,0.36679407954216003,0.869956645891537,0.13004335410846302
CALCE,test_CS2_36,CS2_36,853.0,0.35012900829315186,0.8420120606267434,0.15798793937325667
CALCE,test_CS2_36,CS2_36,854.0,0.34178537130355835,0.8078812793853724,0.1921187206146277
CALCE,test_CS2_36,CS2_36,855.0,0.32511478662490845,0.766008581418652,0.233991418581348
CALCE,test_CS2_36,CS2_36,856.0,0.32511743903160095,0.7671358117776784,0.2328641882223216
CALCE,test_CS2_36,CS2_36,857.0,0.31677529215812683,0.7435098778527532,0.2564901221472467
CALCE,test_CS2_36,CS2_36,858.0,0.3084413409233093,0.741990236603062,0.258009763396938
CALCE,test_CS2_36,CS2_36,859.0,0.3084411323070526,0.7390837228684618,0.26091627713153825
CALCE,test_CS2_36,CS2_36,860.0,0.3084372282028198,0.7606974647754671,0.239302535224533
CALCE,test_CS2_36,CS2_36,861.0,0.30843585729599,0.757214061783543,0.24278593821645697
CALCE,test_CS2_36,CS2_36,862.0,0.3001072406768799,0.7523215405682792,0.24767845943172087
CALCE,test_CS2_36,CS2_36,863.0,0.30009225010871887,0.7456770915122513,0.2543229084877488
CALCE,test_CS2_36,CS2_36,864.0,0.3000977337360382,0.739569876274679,0.26043012372532104
CALCE,test_CS2_36,CS2_36,865.0,0.30845099687576294,0.7594360706137177,0.24056392938628232
CALCE,test_CS2_36,CS2_36,866.0,0.30010056495666504,0.730270340998797,0.26972965900120305
CALCE,test_CS2_36,CS2_36,867.0,0.2917734682559967,0.534064001029026,0.465935998970974
CALCE,test_CS2_36,CS2_36,868.0,0.28343403339385986,0.5743105239728962,0.42568947602710383
CALCE,test_CS2_36,CS2_36,869.0,0.3001113831996918,0.6700807009706026,0.32991929902939754
CALCE,test_CS2_36,CS2_36,870.0,0.3001067340373993,0.7321446948973611,0.26785530510263883
CALCE,test_CS2_36,CS2_36,871.0,0.29178041219711304,0.7092646567741202,0.2907353432258798
CALCE,test_CS2_36,CS2_36,872.0,0.27510419487953186,0.6810784843671853,0.3189215156328147
CALCE,test_CS2_36,CS2_36,873.0,0.26675647497177124,0.677061395767377,0.322938604232623
CALCE,test_CS2_36,CS2_36,874.0,0.2667742073535919,0.6722726782894846,0.32772732171051544
CALCE,test_CS2_36,CS2_36,875.0,0.2751055657863617,0.6978169075341895,0.30218309246581054
CALCE,test_CS2_36,CS2_36,876.0,0.2834393382072449,0.7256150110156139,0.274384988984386
CALCE,test_CS2_36,CS2_36,877.0,0.2834436893463135,0.7532508148660345,0.24674918513396546
CALCE,test_CS2_36,CS2_36,878.0,0.2834395468235016,0.7549691187942317,0.24503088120576838
CALCE,test_CS2_36,CS2_36,879.0,0.28343382477760315,0.7571541057150074,0.24284589428499245
CALCE,test_CS2_36,CS2_36,880.0,0.2834271788597107,0.7366894073574594,0.2633105926425407
CALCE,test_CS2_36,CS2_36,881.0,0.2917746901512146,0.7891870408765452,0.21081295912345477
CALCE,test_CS2_36,CS2_36,882.0,0.2917845845222473,0.8143580117941811,0.18564198820581887
CALCE,test_CS2_36,CS2_36,883.0,0.2917707860469818,0.8356323221842779,0.16436767781572226
CALCE,test_CS2_36,CS2_36,884.0,0.2917832136154175,0.800877891895597,0.19912210810440298
CALCE,test_CS2_36,CS2_36,885.0,0.2834451496601105,0.7834509299028087,0.21654907009719127
CALCE,test_CS2_36,CS2_36,886.0,0.2834409773349762,0.8078914569549568,0.19210854304504332
CALCE,test_CS2_36,CS2_36,887.0,0.28343549370765686,0.8469493691746091,0.1530506308253909
CALCE,test_CS2_36,CS2_36,888.0,0.2750932276248932,0.8442806612028497,0.1557193387971502
CALCE,test_CS2_36,CS2_36,889.0,0.2750985324382782,0.8398338177267839,0.1601661822732162
CALCE,test_CS2_36,CS2_36,890.0,0.27510565519332886,0.8176066764117387,0.1823933235882614
CALCE,test_CS2_36,CS2_36,891.0,0.25843316316604614,0.7450966034489331,0.25490339655106686
CALCE,test_CS2_36,CS2_36,892.0,0.2500913739204407,0.7120578905449299,0.2879421094550701
CALCE,test_CS2_36,CS2_36,893.0,0.25009357929229736,0.7049038092515799,0.2950961907484201
CALCE,test_CS2_36,CS2_36,894.0,0.250088632106781,0.6988670208212615,0.30113297917873844
CALCE,test_CS2_36,CS2_36,895.0,0.2500913441181183,0.6940374728641207,0.30596252713587935
CALCE,test_CS2_36,CS2_36,896.0,0.2500828802585602,0.6639026466206197,0.3360973533793803
CALCE,test_CS2_36,CS2_36,897.0,0.25007906556129456,0.6641724583139789,0.33582754168602114
CALCE,test_CS2_36,CS2_36,898.0,0.25009825825691223,0.66624274136437,0.3337572586356301
CALCE,test_CS2_36,CS2_36,899.0,0.2417505532503128,0.6388256029153093,0.3611743970846906
CALCE,test_CS2_36,CS2_36,900.0,0.18341855704784393,0.42547451883652077,0.5745254811634792
CALCE,test_CS2_36,CS2_36,901.0,0.19174693524837494,0.4446077904401038,0.5553922095598962
CALCE,test_CS2_36,CS2_36,902.0,0.18341778218746185,0.4045902280801794,0.5954097719198207
CALCE,test_CS2_36,CS2_36,903.0,0.18341022729873657,0.42957455831554164,0.5704254416844584
CALCE,test_CS2_36,CS2_36,904.0,0.1834157407283783,0.4254505188557923,0.5745494811442077
CALCE,test_CS2_36,CS2_36,905.0,0.17506784200668335,0.3924820288791812,0.6075179711208188
CALCE,test_CS2_36,CS2_36,906.0,0.1750687062740326,0.45525881195740453,0.5447411880425955
CALCE,test_CS2_36,CS2_36,907.0,0.16673138737678528,0.45220980153119206,0.5477901984688078
CALCE,test_CS2_36,CS2_36,908.0,0.16672851145267487,0.44998347060395405,0.550016529396046
CALCE,test_CS2_36,CS2_36,909.0,0.16673265397548676,0.4514528730376978,0.5485471269623021
CALCE,test_CS2_36,CS2_36,910.0,0.1667270064353943,0.45650171566475045,0.5434982843352495
CALCE,test_CS2_36,CS2_36,911.0,0.16672714054584503,0.4652803134256312,0.5347196865743689
CALCE,test_CS2_36,CS2_36,912.0,0.16673263907432556,0.4777500430118281,0.5222499569881719
CALCE,test_CS2_36,CS2_36,913.0,0.15839733183383942,0.46000346030007844,0.5399965396999216
CALCE,test_CS2_36,CS2_36,914.0,0.1583898961544037,0.5086065570980345,0.4913934429019655
CALCE,test_CS2_36,CS2_36,915.0,0.1583903580904007,0.7401003127626936,0.2598996872373064
CALCE,test_CS2_36,CS2_36,916.0,0.1250436007976532,0.5872488005245495,0.4127511994754505
CALCE,test_CS2_36,CS2_36,917.0,0.15839459002017975,0.7262795496429549,0.27372045035704506
CALCE,test_CS2_36,CS2_36,918.0,0.15839870274066925,0.729460228110122,0.270539771889878
CALCE,test_CS2_36,CS2_36,919.0,0.15838921070098877,0.733398658386306,0.266601341613694
CALCE,test_CS2_36,CS2_36,920.0,0.15839040279388428,0.7618315789665011,0.23816842103349886
CALCE,test_CS2_36,CS2_36,921.0,0.1583959460258484,0.7648183149295588,0.23518168507044124
CALCE,test_CS2_36,CS2_36,922.0,0.15838585793972015,0.7899486994930469,0.2100513005069531
CALCE,test_CS2_36,CS2_36,923.0,0.1667298823595047,0.8129441135516562,0.18705588644834373
CALCE,test_CS2_36,CS2_36,924.0,0.15838907659053802,0.7945669342878857,0.20543306571211437
CALCE,test_CS2_36,CS2_36,925.0,0.16673265397548676,0.8174047711113015,0.1825952288886985
CALCE,test_CS2_36,CS2_36,926.0,0.1583835780620575,0.7995860916835222,0.20041390831647776
CALCE,test_CS2_36,CS2_36,927.0,0.15839043259620667,0.8016066427365155,0.1983933572634844
CALCE,test_CS2_36,CS2_36,928.0,0.15839873254299164,0.8229971610419766,0.1770028389580234
CALCE,test_CS2_36,CS2_36,929.0,0.158397376537323,0.8234406950063445,0.17655930499365546
CALCE,test_CS2_36,CS2_36,930.0,0.15006066858768463,0.8030967795889418,0.19690322041105826
CALCE,test_CS2_36,CS2_36,931.0,0.15005722641944885,0.8721855947466743,0.1278144052533256
CALCE,test_CS2_36,CS2_36,932.0,0.15005375444889069,0.801255572185915,0.19874442781408488
CALCE,test_CS2_36,CS2_36,933.0,0.15006619691848755,0.7997735180106396,0.20022648198936033
CALCE,test_CS2_36,CS2_36,934.0,0.1500578671693802,0.7985017162169105,0.20149828378308954
CALCE,test_CS2_36,CS2_36,935.0,0.15006057918071747,0.7974607619206101,0.20253923807938992
CALCE,test_CS2_37,CS2_37,16.0,0.9951879382133484,0.6599851777762273,0.3400148222237727
CALCE,test_CS2_37,CS2_37,17.0,0.9948415756225586,0.6628069663544199,0.3371930336455802
CALCE,test_CS2_37,CS2_37,18.0,0.9942737817764282,0.6658457905417752,0.3341542094582249
CALCE,test_CS2_37,CS2_37,19.0,0.9937593340873718,0.6846848969462532,0.31531510305374666
CALCE,test_CS2_37,CS2_37,20.0,0.9933051466941833,0.6889059656237884,0.3110940343762116
CALCE,test_CS2_37,CS2_37,21.0,0.9898321628570557,0.7007471082044043,0.2992528917955956
CALCE,test_CS2_37,CS2_37,22.0,0.9895538091659546,0.7287580989467293,0.2712419010532707
CALCE,test_CS2_37,CS2_37,23.0,0.9892805218696594,0.7331574568686857,0.2668425431313142
CALCE,test_CS2_37,CS2_37,24.0,0.988843560218811,0.746176425689645,0.2538235743103549
CALCE,test_CS2_37,CS2_37,25.0,0.9884449243545532,0.7486139258331791,0.25138607416682085
CALCE,test_CS2_37,CS2_37,26.0,0.9816957116127014,0.7153446299693108,0.2846553700306892
CALCE,test_CS2_37,CS2_37,27.0,0.972227156162262,0.6828878800223737,0.31711211997762634
CALCE,test_CS2_37,CS2_37,28.0,0.9708136320114136,0.6763451333077648,0.32365486669223525
CALCE,test_CS2_37,CS2_37,29.0,0.9654131531715393,0.6590199714814478,0.34098002851855225
CALCE,test_CS2_37,CS2_37,30.0,0.964034914970398,0.6531549673815161,0.346845032618484
CALCE,test_CS2_37,CS2_37,31.0,0.9720751047134399,0.6720093514504636,0.32799064854953647
CALCE,test_CS2_37,CS2_37,32.0,0.9771546721458435,0.6861411115140111,0.3138588884859888
CALCE,test_CS2_37,CS2_37,33.0,0.9722630381584167,0.6755721581840941,0.3244278418159059
CALCE,test_CS2_37,CS2_37,34.0,0.9631168842315674,0.6509020760257187,0.3490979239742812
CALCE,test_CS2_37,CS2_37,35.0,0.9613893032073975,0.6473134455008323,0.35268655449916764
CALCE,test_CS2_37,CS2_37,36.0,0.957007884979248,0.6445648403235232,0.35543515967647676
CALCE,test_CS2_37,CS2_37,37.0,0.9558320641517639,0.6417715233097173,0.3582284766902826
CALCE,test_CS2_37,CS2_37,38.0,0.9642406105995178,0.6647907477141212,0.3352092522858789
CALCE,test_CS2_37,CS2_37,39.0,0.9693620800971985,0.6823462948883426,0.31765370511165725
CALCE,test_CS2_37,CS2_37,40.0,0.9698162078857422,0.6890195602775163,0.3109804397224837
CALCE,test_CS2_37,CS2_37,41.0,0.9551924467086792,0.6683782073480763,0.33162179265192376
CALCE,test_CS2_37,CS2_37,42.0,0.9546955823898315,0.6938678441496277,0.3061321558503723
CALCE,test_CS2_37,CS2_37,43.0,0.9542174339294434,0.6956581396033462,0.3043418603966539
CALCE,test_CS2_37,CS2_37,44.0,0.9531917572021484,0.706363474699932,0.2936365253000681
CALCE,test_CS2_37,CS2_37,45.0,0.9552568197250366,0.7136100799860008,0.28638992001399927
CALCE,test_CS2_37,CS2_37,46.0,0.9620475769042969,0.710947378609902,0.289052621390098
CALCE,test_CS2_37,CS2_37,47.0,0.9629086256027222,0.7035310960557475,0.29646890394425246
CALCE,test_CS2_37,CS2_37,48.0,0.9527950882911682,0.6914852041819217,0.3085147958180784
CALCE,test_CS2_37,CS2_37,49.0,0.9482972621917725,0.7048070261261508,0.29519297387384913
CALCE,test_CS2_37,CS2_37,50.0,0.9476220011711121,0.7062637803350533,0.2937362196649467
CALCE,test_CS2_37,CS2_37,51.0,0.9468879699707031,0.7141776899236324,0.28582231007636766
CALCE,test_CS2_37,CS2_37,52.0,0.9885970950126648,0.7948356644955421,0.20516433550445795
CALCE,test_CS2_37,CS2_37,53.0,0.9866194725036621,0.7782719569008806,0.22172804309911948
CALCE,test_CS2_37,CS2_37,54.0,0.9886322021484375,0.7772959881942422,0.22270401180575775
CALCE,test_CS2_37,CS2_37,55.0,0.9883488416671753,0.7815657996399803,0.21843420036001981
CALCE,test_CS2_37,CS2_37,56.0,0.9796704053878784,0.7985794879162739,0.2014205120837261
CALCE,test_CS2_37,CS2_37,57.0,0.9735203981399536,0.7871317974051406,0.2128682025948593
CALCE,test_CS2_37,CS2_37,58.0,0.9726507663726807,0.7855428644448451,0.21445713555515478
CALCE,test_CS2_37,CS2_37,59.0,0.9636340141296387,0.7656326427295359,0.23436735727046407
CALCE,test_CS2_37,CS2_37,60.0,0.9654164910316467,0.7618417717288655,0.23815822827113456
CALCE,test_CS2_37,CS2_37,61.0,0.9641227722167969,0.7408411817950763,0.25915881820492365
CALCE,test_CS2_37,CS2_37,62.0,0.9562145471572876,0.7162120900591656,0.2837879099408344
CALCE,test_CS2_37,CS2_37,63.0,0.9555031657218933,0.7358713701104694,0.2641286298895305
CALCE,test_CS2_37,CS2_37,64.0,0.9546968340873718,0.738948716415539,0.26105128358446084
CALCE,test_CS2_37,CS2_37,65.0,0.9495196342468262,0.7204519563435677,0.27954804365643227
CALCE,test_CS2_37,CS2_37,66.0,0.9475606083869934,0.7088197932565369,0.291180206743463
CALCE,test_CS2_37,CS2_37,67.0,0.948884129524231,0.6195807085427234,0.38041929145727665
CALCE,test_CS2_37,CS2_37,68.0,0.9485883712768555,0.6254329959140082,0.37456700408599175
CALCE,test_CS2_37,CS2_37,69.0,0.9459382891654968,0.6145717322991427,0.38542826770085714
CALCE,test_CS2_37,CS2_37,70.0,0.9408113360404968,0.6031988042501355,0.39680119574986455
CALCE,test_CS2_37,CS2_37,71.0,0.9406516551971436,0.6315988138169782,0.3684011861830217
CALCE,test_CS2_37,CS2_37,72.0,0.9401233792304993,0.6498388284778368,0.3501611715221632
CALCE,test_CS2_37,CS2_37,73.0,0.9383345246315002,0.6490225111988214,0.3509774888011786
CALCE,test_CS2_37,CS2_37,74.0,0.9406948089599609,0.6832141664259521,0.3167858335740479
CALCE,test_CS2_37,CS2_37,75.0,0.9405430555343628,0.6799983686355978,0.32000163136440213
CALCE,test_CS2_37,CS2_37,76.0,0.9400815367698669,0.6845282509321233,0.3154717490678767
CALCE,test_CS2_37,CS2_37,77.0,0.9395087957382202,0.707701743285823,0.2922982567141771
CALCE,test_CS2_37,CS2_37,78.0,0.9390406608581543,0.7095711146365,0.2904288853634999
CALCE,test_CS2_37,CS2_37,79.0,0.836966335773468,0.3221149048006054,0.6778850951993947
CALCE,test_CS2_37,CS2_37,80.0,0.9387590289115906,0.587159852389995,0.41284014761000504
CALCE,test_CS2_37,CS2_37,81.0,0.9380491971969604,0.5950611600434516,0.40493883995654834
CALCE,test_CS2_37,CS2_37,82.0,0.9376066327095032,0.5939786903703616,0.4060213096296384
CALCE,test_CS2_37,CS2_37,83.0,0.93711256980896,0.5979650663096892,0.40203493369031085
CALCE,test_CS2_37,CS2_37,84.0,0.9364802837371826,0.6084233710306146,0.39157662896938544
CALCE,test_CS2_37,CS2_37,85.0,0.9322264194488525,0.614403160386202,0.38559683961379804
CALCE,test_CS2_37,CS2_37,86.0,0.9318317174911499,0.6159714767923871,0.38402852320761294
CALCE,test_CS2_37,CS2_37,87.0,0.9317700862884521,0.6197217150658992,0.3802782849341008
CALCE,test_CS2_37,CS2_37,88.0,0.829313337802887,0.2884361311826563,0.7115638688173437
CALCE,test_CS2_37,CS2_37,89.0,0.9307861924171448,0.5418863394838531,0.4581136605161469
CALCE,test_CS2_37,CS2_37,90.0,0.9304931163787842,0.5479436068674826,0.45205639313251744
CALCE,test_CS2_37,CS2_37,91.0,0.8219481706619263,0.22187151997630358,0.7781284800236964
CALCE,test_CS2_37,CS2_37,92.0,0.9165856242179871,0.4529931859525599,0.5470068140474401
CALCE,test_CS2_37,CS2_37,93.0,0.9158608317375183,0.45988388052949286,0.5401161194705071
CALCE,test_CS2_37,CS2_37,94.0,0.915215790271759,0.7635394939481661,0.23646050605183386
CALCE,test_CS2_37,CS2_37,95.0,0.9310941100120544,0.5413325696034202,0.4586674303965798
CALCE,test_CS2_37,CS2_37,96.0,0.9306235313415527,0.5514848543549045,0.4485151456450955
CALCE,test_CS2_37,CS2_37,97.0,0.93003249168396,0.5603829009689703,0.4396170990310298
CALCE,test_CS2_37,CS2_37,98.0,0.9366438984870911,0.5915869715419012,0.40841302845809874
CALCE,test_CS2_37,CS2_37,99.0,0.9373922348022461,0.6063187979754032,0.39368120202459683
CALCE,test_CS2_37,CS2_37,100.0,0.9311184883117676,0.609891123818008,0.39010887618199197
CALCE,test_CS2_37,CS2_37,101.0,0.9241946339607239,0.5979579079285479,0.40204209207145214
CALCE,test_CS2_37,CS2_37,102.0,0.9241842031478882,0.6047586470676405,0.39524135293235957
CALCE,test_CS2_37,CS2_37,103.0,0.9239169359207153,0.856782407525085,0.14321759247491495
CALCE,test_CS2_37,CS2_37,104.0,0.922768771648407,0.6441205589494261,0.3558794410505738
CALCE,test_CS2_37,CS2_37,105.0,0.9291972517967224,0.6665772597461057,0.33342274025389435
CALCE,test_CS2_37,CS2_37,106.0,0.9305253028869629,0.903306927043711,0.09669307295628901
CALCE,test_CS2_37,CS2_37,107.0,0.9307569265365601,0.7841424786703274,0.21585752132967267
CALCE,test_CS2_37,CS2_37,108.0,0.9210807085037231,0.7609415067659054,0.2390584932340945
CALCE,test_CS2_37,CS2_37,109.0,0.8135387897491455,0.36519638787005876,0.6348036121299413
CALCE,test_CS2_37,CS2_37,110.0,0.9200138449668884,0.5797698033364372,0.4202301966635628
CALCE,test_CS2_37,CS2_37,111.0,0.9153841733932495,0.5692824718240983,0.43071752817590164
CALCE,test_CS2_37,CS2_37,112.0,0.9137646555900574,0.567820623414636,0.43217937658536393
CALCE,test_CS2_37,CS2_37,113.0,0.9232606887817383,0.5797500800751257,0.42024991992487426
CALCE,test_CS2_37,CS2_37,114.0,0.9273900985717773,0.5963901133060148,0.40360988669398523
CALCE,test_CS2_37,CS2_37,115.0,0.915762722492218,0.5860832154156197,0.4139167845843803
CALCE,test_CS2_37,CS2_37,116.0,0.9135833978652954,0.6032367590270885,0.39676324097291155
CALCE,test_CS2_37,CS2_37,117.0,0.9133529663085938,0.6044800481280362,0.3955199518719638
CALCE,test_CS2_37,CS2_37,118.0,0.9136354327201843,0.6082947138378632,0.39170528616213685
CALCE,test_CS2_37,CS2_37,119.0,0.9065127968788147,0.5922606814057247,0.4077393185942753
CALCE,test_CS2_37,CS2_37,120.0,0.9198949337005615,0.6152705238476791,0.3847294761523208
CALCE,test_CS2_37,CS2_37,121.0,0.9211282730102539,0.62124888488569,0.37875111511431
CALCE,test_CS2_37,CS2_37,122.0,0.9214546084403992,0.6284420041069831,0.37155799589301686
CALCE,test_CS2_37,CS2_37,123.0,0.9227978587150574,0.6660440308700346,0.33395596912996534
CALCE,test_CS2_37,CS2_37,124.0,0.9233875870704651,0.8996284821294744,0.10037151787052563
CALCE,test_CS2_37,CS2_37,125.0,0.9270051717758179,0.7669967174165313,0.23300328258346878
CALCE,test_CS2_37,CS2_37,126.0,0.9273702502250671,0.7796303757039152,0.22036962429608464
CALCE,test_CS2_37,CS2_37,127.0,0.9279499650001526,0.7849136843269264,0.21508631567307362
CALCE,test_CS2_37,CS2_37,128.0,0.9278762936592102,0.7664485573824394,0.23355144261756056
CALCE,test_CS2_37,CS2_37,129.0,0.9281430840492249,0.7602075391462927,0.23979246085370734
CALCE,test_CS2_37,CS2_37,130.0,0.9283128976821899,0.7900596792668965,0.20994032073310348
CALCE,test_CS2_37,CS2_37,131.0,0.9285470843315125,0.7951484254765278,0.20485157452347214
CALCE,test_CS2_37,CS2_37,132.0,0.9287257790565491,0.7954634201793127,0.20453657982068732
CALCE,test_CS2_37,CS2_37,133.0,0.928804337978363,0.7942037095940985,0.2057962904059016
CALCE,test_CS2_37,CS2_37,134.0,0.9288093447685242,0.8081812213899847,0.1918187786100153
CALCE,test_CS2_37,CS2_37,135.0,0.9288872480392456,0.785661365213995,0.21433863478600498
CALCE,test_CS2_37,CS2_37,136.0,0.9217424392700195,0.7631702639979748,0.23682973600202514
CALCE,test_CS2_37,CS2_37,137.0,0.9123197197914124,0.7349480575108468,0.26505194248915326
CALCE,test_CS2_37,CS2_37,138.0,0.912689208984375,0.729271172678315,0.270728827321685
CALCE,test_CS2_37,CS2_37,139.0,0.9077186584472656,0.7116269601988539,0.28837303980114615
CALCE,test_CS2_37,CS2_37,140.0,0.9072359204292297,0.6985566409991689,0.30144335900083113
CALCE,test_CS2_37,CS2_37,141.0,0.9141250252723694,0.7115767507300753,0.2884232492699246
CALCE,test_CS2_37,CS2_37,142.0,0.9211282730102539,0.7261774542298994,0.2738225457701005
CALCE,test_CS2_37,CS2_37,143.0,0.9216857552528381,0.7289044410674282,0.27109555893257176
CALCE,test_CS2_37,CS2_37,144.0,0.921169638633728,0.7284086182901119,0.2715913817098881
CALCE,test_CS2_37,CS2_37,145.0,0.9219568967819214,0.731509245505766,0.268490754494234
CALCE,test_CS2_37,CS2_37,146.0,0.9291543960571289,0.7492078040847053,0.2507921959152947
CALCE,test_CS2_37,CS2_37,147.0,0.9294863939285278,0.7527483813760715,0.24725161862392847
CALCE,test_CS2_37,CS2_37,148.0,0.9149745106697083,0.7161968263970656,0.2838031736029344
CALCE,test_CS2_37,CS2_37,149.0,0.9142826199531555,0.715430068010599,0.284569931989401
CALCE,test_CS2_37,CS2_37,150.0,0.9160158038139343,0.7208709007380327,0.2791290992619673
CALCE,test_CS2_37,CS2_37,151.0,0.9148996472358704,0.7375661460592299,0.26243385394077023
CALCE,test_CS2_37,CS2_37,152.0,0.913578987121582,0.7575509798936708,0.24244902010632913
CALCE,test_CS2_37,CS2_37,153.0,0.9225242137908936,0.7743208865894133,0.2256791134105867
CALCE,test_CS2_37,CS2_37,154.0,0.9236032962799072,0.7871935985507031,0.21280640144929686
CALCE,test_CS2_37,CS2_37,155.0,0.9152555465698242,0.7672859088399357,0.2327140911600642
CALCE,test_CS2_37,CS2_37,156.0,0.9132864475250244,0.7450521646149127,0.25494783538508725
CALCE,test_CS2_37,CS2_37,157.0,0.9136272668838501,0.7283795145136729,0.27162048548632717
CALCE,test_CS2_37,CS2_37,158.0,0.9136438965797424,0.7264975081773811,0.2735024918226189
CALCE,test_CS2_37,CS2_37,159.0,0.9077941179275513,0.7119128050269536,0.2880871949730464
CALCE,test_CS2_37,CS2_37,160.0,0.9152789115905762,0.7268666529337329,0.2731333470662671
CALCE,test_CS2_37,CS2_37,161.0,0.9211445450782776,0.7255580300096095,0.27444196999039056
CALCE,test_CS2_37,CS2_37,162.0,0.9218261241912842,0.729889296579144,0.27011070342085597
CALCE,test_CS2_37,CS2_37,163.0,0.9069626331329346,0.7303821703437109,0.269617829656289
CALCE,test_CS2_37,CS2_37,164.0,0.907256543636322,0.7309562610631753,0.2690437389368247
CALCE,test_CS2_37,CS2_37,165.0,0.9074857831001282,0.725834407164336,0.2741655928356639
CALCE,test_CS2_37,CS2_37,166.0,0.9073444604873657,0.7270585662720616,0.27294143372793844
CALCE,test_CS2_37,CS2_37,167.0,0.9066803455352783,0.7273999626837246,0.2726000373162754
CALCE,test_CS2_37,CS2_37,168.0,0.919091522693634,0.7348431907456804,0.26515680925431956
CALCE,test_CS2_37,CS2_37,169.0,0.9202327132225037,0.7380649386735528,0.2619350613264473
CALCE,test_CS2_37,CS2_37,170.0,0.921006441116333,0.76297647817719,0.23702352182280992
CALCE,test_CS2_37,CS2_37,171.0,0.9211217761039734,0.7691725198764909,0.23082748012350915
CALCE,test_CS2_37,CS2_37,172.0,0.9212619066238403,0.7698565140791103,0.2301434859208898
CALCE,test_CS2_37,CS2_37,173.0,0.9218720197677612,0.77218804054409,0.22781195945591004
CALCE,test_CS2_37,CS2_37,174.0,0.9222114086151123,0.7864943387670756,0.21350566123292433
CALCE,test_CS2_37,CS2_37,175.0,0.9223664402961731,0.7717870397315545,0.22821296026844545
CALCE,test_CS2_37,CS2_37,176.0,0.9225282669067383,0.7609674507544245,0.2390325492455754
CALCE,test_CS2_37,CS2_37,177.0,0.9227306246757507,0.7618521661941855,0.23814783380581453
CALCE,test_CS2_37,CS2_37,178.0,0.9227985143661499,0.7993590045736584,0.20064099542634153
CALCE,test_CS2_37,CS2_37,179.0,0.9229568839073181,0.7981373750785737,0.20186262492142618
CALCE,test_CS2_37,CS2_37,180.0,0.9232137799263,0.7969804122705236,0.20301958772947631
CALCE,test_CS2_37,CS2_37,181.0,0.9235055446624756,0.7963692174204438,0.20363078257955625
CALCE,test_CS2_37,CS2_37,182.0,0.923591673374176,0.7960522238939671,0.20394777610603296
CALCE,test_CS2_37,CS2_37,183.0,0.9279513955116272,0.7833368672060852,0.2166631327939148
CALCE,test_CS2_37,CS2_37,184.0,0.9281147718429565,0.7816574546098499,0.21834254539015005
CALCE,test_CS2_37,CS2_37,185.0,0.9133283495903015,0.7379519569370199,0.26204804306298013
CALCE,test_CS2_37,CS2_37,186.0,0.9131178855895996,0.735087189236785,0.2649128107632151
CALCE,test_CS2_37,CS2_37,187.0,0.9128933548927307,0.7323026884379441,0.26769731156205584
CALCE,test_CS2_37,CS2_37,188.0,0.9073606133460999,0.7144915121272479,0.2855084878727522
CALCE,test_CS2_37,CS2_37,189.0,0.915645182132721,0.7306438649062498,0.2693561350937502
CALCE,test_CS2_37,CS2_37,190.0,0.9208495020866394,0.7420859119397415,0.25791408806025845
CALCE,test_CS2_37,CS2_37,191.0,0.9157066345214844,0.729139042702215,0.2708609572977851
CALCE,test_CS2_37,CS2_37,192.0,0.9068520665168762,0.7043690176089198,0.29563098239108015
CALCE,test_CS2_37,CS2_37,193.0,0.9145963191986084,0.7215885913376395,0.2784114086623605
CALCE,test_CS2_37,CS2_37,194.0,0.9220678210258484,0.7392545764980455,0.26074542350195457
CALCE,test_CS2_37,CS2_37,195.0,0.9230337142944336,0.7427748447632899,0.25722515523671
CALCE,test_CS2_37,CS2_37,196.0,0.9162241220474243,0.7265774201885624,0.27342257981143747
CALCE,test_CS2_37,CS2_37,197.0,0.9134755730628967,0.7203194269642338,0.27968057303576616
CALCE,test_CS2_37,CS2_37,198.0,0.9141476154327393,0.7126505196766452,0.28734948032335483
CALCE,test_CS2_37,CS2_37,199.0,0.9143008589744568,0.714848285454275,0.285151714545725
CALCE,test_CS2_37,CS2_37,200.0,0.9140055179595947,0.7545233033063706,0.24547669669362937
CALCE,test_CS2_37,CS2_37,201.0,0.9207925796508789,0.7694342896687093,0.23056571033129059
CALCE,test_CS2_37,CS2_37,202.0,0.9214849472045898,0.771968917274725,0.22803108272527498
CALCE,test_CS2_37,CS2_37,203.0,0.913337767124176,0.7650286990366831,0.2349713009633169
CALCE,test_CS2_37,CS2_37,204.0,0.912922739982605,0.744630613589259,0.25536938641074114
CALCE,test_CS2_37,CS2_37,205.0,0.9130988121032715,0.7329092990204722,0.26709070097952775
CALCE,test_CS2_37,CS2_37,206.0,0.9126975536346436,0.744732483930167,0.25526751606983294
CALCE,test_CS2_37,CS2_37,207.0,0.9123511910438538,0.7646221011997529,0.2353778988002471
CALCE,test_CS2_37,CS2_37,208.0,0.9199752807617188,0.7631858501208119,0.2368141498791882
CALCE,test_CS2_37,CS2_37,209.0,0.921248197555542,0.7513130004689321,0.2486869995310679
CALCE,test_CS2_37,CS2_37,210.0,0.9149383902549744,0.7350468486796978,0.26495315132030217
CALCE,test_CS2_37,CS2_37,211.0,0.9079044461250305,0.734711243153822,0.26528875684617803
CALCE,test_CS2_37,CS2_37,212.0,0.9133094549179077,0.7523592000466379,0.2476407999533621
CALCE,test_CS2_37,CS2_37,213.0,0.9195054769515991,0.763973917418033,0.23602608258196703
CALCE,test_CS2_37,CS2_37,214.0,0.9212937951087952,0.7681550730320359,0.23184492696796402
CALCE,test_CS2_37,CS2_37,215.0,0.921515166759491,0.7699274681286757,0.23007253187132434
CALCE,test_CS2_37,CS2_37,216.0,0.9215630292892456,0.7567129681174749,0.24328703188252504
CALCE,test_CS2_37,CS2_37,217.0,0.9217657446861267,0.7574000633297505,0.2425999366702495
CALCE,test_CS2_37,CS2_37,218.0,0.9219130873680115,0.7784657965777453,0.22153420342225472
CALCE,test_CS2_37,CS2_37,219.0,0.9219664335250854,0.7796097120370578,0.22039028796294224
CALCE,test_CS2_37,CS2_37,220.0,0.9221904277801514,0.7796254537739106,0.22037454622608943
CALCE,test_CS2_37,CS2_37,221.0,0.9227268099784851,0.7813873050983826,0.21861269490161747
CALCE,test_CS2_37,CS2_37,222.0,0.9225801825523376,0.7813227999734641,0.2186772000265359
CALCE,test_CS2_37,CS2_37,223.0,0.922544538974762,0.7658132956127436,0.23418670438725642
CALCE,test_CS2_37,CS2_37,224.0,0.9226090312004089,0.7637785058328417,0.23622149416715826
CALCE,test_CS2_37,CS2_37,225.0,0.9226365089416504,0.7791229921408409,0.22087700785915912
CALCE,test_CS2_37,CS2_37,226.0,0.9227274656295776,0.7949841393881625,0.20501586061183755
CALCE,test_CS2_37,CS2_37,227.0,0.9228157997131348,0.7833602446830872,0.21663975531691287
CALCE,test_CS2_37,CS2_37,228.0,0.9230793118476868,0.7726911349199969,0.22730886508000314
CALCE,test_CS2_37,CS2_37,229.0,0.9228304028511047,0.7687131067913813,0.2312868932086188
CALCE,test_CS2_37,CS2_37,230.0,0.9227921962738037,0.7680418512569142,0.23195814874308587
CALCE,test_CS2_37,CS2_37,231.0,0.9227907061576843,0.7678230011057613,0.2321769988942388
CALCE,test_CS2_37,CS2_37,232.0,0.9228115081787109,0.7673137411899671,0.23268625881003296
CALCE,test_CS2_37,CS2_37,233.0,0.9132795929908752,0.7379887075501729,0.26201129244982724
CALCE,test_CS2_37,CS2_37,234.0,0.9140387177467346,0.7380057066171924,0.26199429338280755
CALCE,test_CS2_37,CS2_37,235.0,0.9134368896484375,0.73470572289165,0.2652942771083499
CALCE,test_CS2_37,CS2_37,236.0,0.9078272581100464,0.717192980349186,0.2828070196508141
CALCE,test_CS2_37,CS2_37,237.0,0.9070730805397034,0.7138052827552571,0.286194717244743
CALCE,test_CS2_37,CS2_37,238.0,0.9155577421188354,0.7312112185554606,0.26878878144453944
CALCE,test_CS2_37,CS2_37,239.0,0.9201313853263855,0.7419900832978849,0.2580099167021151
CALCE,test_CS2_37,CS2_37,240.0,0.9123828411102295,0.7225088678594067,0.27749113214059323
CALCE,test_CS2_37,CS2_37,241.0,0.9066741466522217,0.7069684962181642,0.29303150378183573
CALCE,test_CS2_37,CS2_37,242.0,0.9079456925392151,0.709331746577386,0.2906682534226141
CALCE,test_CS2_37,CS2_37,243.0,0.9074727892875671,0.7074894740404014,0.2925105259595986
CALCE,test_CS2_37,CS2_37,244.0,0.9052287936210632,0.7025681429295572,0.2974318570704429
CALCE,test_CS2_37,CS2_37,245.0,0.9133228063583374,0.7223627343209947,0.2776372656790052
CALCE,test_CS2_37,CS2_37,246.0,0.9141784906387329,0.7266976679269882,0.27330233207301186
CALCE,test_CS2_37,CS2_37,247.0,0.9071914553642273,0.7105488477281043,0.28945115227189566
CALCE,test_CS2_37,CS2_37,248.0,0.9048250913619995,0.73056461430242,0.26943538569757997
CALCE,test_CS2_37,CS2_37,249.0,0.9053227305412292,0.72951413367082,0.27048586632918015
CALCE,test_CS2_37,CS2_37,250.0,0.8998739719390869,0.7165578600969588,0.28344213990304123
CALCE,test_CS2_37,CS2_37,251.0,0.9046486616134644,0.7408692334235197,0.25913076657648026
CALCE,test_CS2_37,CS2_37,252.0,0.9056373238563538,0.7440170691904313,0.2559829308095687
CALCE,test_CS2_37,CS2_37,253.0,0.9076166749000549,0.7298875028864533,0.2701124971135467
CALCE,test_CS2_37,CS2_37,254.0,0.9123417139053345,0.7323174481353716,0.26768255186462836
CALCE,test_CS2_37,CS2_37,255.0,0.8991168737411499,0.7184263377205449,0.2815736622794552
CALCE,test_CS2_37,CS2_37,256.0,0.8989335894584656,0.7316982031935361,0.26830179680646393
CALCE,test_CS2_37,CS2_37,257.0,0.8999181389808655,0.7298786101914495,0.27012138980855044
CALCE,test_CS2_37,CS2_37,258.0,0.8988865613937378,0.7277315697610249,0.27226843023897507
CALCE,test_CS2_37,CS2_37,259.0,0.898668110370636,0.7317940356716345,0.2682059643283655
CALCE,test_CS2_37,CS2_37,260.0,0.9069545269012451,0.7324057431798502,0.2675942568201499
CALCE,test_CS2_37,CS2_37,261.0,0.9114182591438293,0.7432941997064146,0.2567058002935854
CALCE,test_CS2_37,CS2_37,262.0,0.8991888761520386,0.73093929892648,0.26906070107351987
CALCE,test_CS2_37,CS2_37,263.0,0.897766649723053,0.732870679130526,0.26712932086947416
CALCE,test_CS2_37,CS2_37,264.0,0.8974250555038452,0.7301973570226117,0.2698026429773883
CALCE,test_CS2_37,CS2_37,265.0,0.8979713320732117,0.7441648466540701,0.2558351533459299
CALCE,test_CS2_37,CS2_37,266.0,0.9060571193695068,0.7507880126198776,0.24921198738012235
CALCE,test_CS2_37,CS2_37,267.0,0.8985065817832947,0.7302859131690523,0.2697140868309476
CALCE,test_CS2_37,CS2_37,268.0,0.906680703163147,0.7448421554165825,0.25515784458341756
CALCE,test_CS2_37,CS2_37,269.0,0.9115961790084839,0.7479303448270301,0.25206965517297
CALCE,test_CS2_37,CS2_37,270.0,0.9063170552253723,0.770474894649566,0.22952510535043402
CALCE,test_CS2_37,CS2_37,271.0,0.8976948261260986,0.7497324244171957,0.2502675755828042
CALCE,test_CS2_37,CS2_37,272.0,0.8975694179534912,0.745723256019431,0.254276743980569
CALCE,test_CS2_37,CS2_37,273.0,0.8969279527664185,0.7452277364720059,0.254772263527994
CALCE,test_CS2_37,CS2_37,274.0,0.8989147543907166,0.7488761368617403,0.25112386313825974
CALCE,test_CS2_37,CS2_37,275.0,0.8983867168426514,0.7284479395762972,0.2715520604237029
CALCE,test_CS2_37,CS2_37,276.0,0.9058374762535095,0.7364206959213768,0.2635793040786231
CALCE,test_CS2_37,CS2_37,277.0,0.9070373773574829,0.7716823083188588,0.22831769168114127
CALCE,test_CS2_37,CS2_37,278.0,0.9063543677330017,0.7736632217153927,0.22633677828460722
CALCE,test_CS2_37,CS2_37,279.0,0.8972095251083374,0.751714734338823,0.24828526566117706
CALCE,test_CS2_37,CS2_37,280.0,0.8971839547157288,0.7486084556969113,0.25139154430308885
CALCE,test_CS2_37,CS2_37,281.0,0.8918338418006897,0.7154981932039796,0.28450180679602055
CALCE,test_CS2_37,CS2_37,282.0,0.8914142847061157,0.7325387474508274,0.2674612525491726
CALCE,test_CS2_37,CS2_37,283.0,0.8915536403656006,0.7127960133411705,0.28720398665882957
CALCE,test_CS2_37,CS2_37,284.0,0.8988855481147766,0.7188732890830619,0.28112671091693797
CALCE,test_CS2_37,CS2_37,285.0,0.8994041085243225,0.7357040016972531,0.26429599830274686
CALCE,test_CS2_37,CS2_37,286.0,0.8889581561088562,0.7308989949224842,0.26910100507751583
CALCE,test_CS2_37,CS2_37,287.0,0.8890790343284607,0.7297583349367839,0.2702416650632161
CALCE,test_CS2_37,CS2_37,288.0,0.8892340064048767,0.7301333924829168,0.2698666075170833
CALCE,test_CS2_37,CS2_37,289.0,0.8886733055114746,0.722724916684624,0.2772750833153759
CALCE,test_CS2_37,CS2_37,290.0,0.8910070657730103,0.7288469545129246,0.2711530454870753
CALCE,test_CS2_37,CS2_37,291.0,0.8966415524482727,0.725670305613907,0.27432969438609295
CALCE,test_CS2_37,CS2_37,292.0,0.8969821929931641,0.7262739374490558,0.27372606255094417
CALCE,test_CS2_37,CS2_37,293.0,0.8971189260482788,0.7313090743090043,0.2686909256909958
CALCE,test_CS2_37,CS2_37,294.0,0.8972938060760498,0.7573835146112686,0.24261648538873132
CALCE,test_CS2_37,CS2_37,295.0,0.8976184725761414,0.7594994028611027,0.24050059713889727
CALCE,test_CS2_37,CS2_37,296.0,0.8977106213569641,0.773206063440022,0.226793936559978
CALCE,test_CS2_37,CS2_37,297.0,0.8979470729827881,0.774833653474228,0.22516634652577214
CALCE,test_CS2_37,CS2_37,298.0,0.898017942905426,0.7747217965840524,0.22527820341594756
CALCE,test_CS2_37,CS2_37,299.0,0.8980845212936401,0.7605407822247453,0.23945921777525464
CALCE,test_CS2_37,CS2_37,300.0,0.8978763222694397,0.7602422049543252,0.23975779504567485
CALCE,test_CS2_37,CS2_37,301.0,0.8977822661399841,0.7875857619944412,0.2124142380055588
CALCE,test_CS2_37,CS2_37,302.0,0.898327648639679,0.7878037788866703,0.21219622111332967
CALCE,test_CS2_37,CS2_37,303.0,0.8979834318161011,0.7859061300013764,0.21409386999862362
CALCE,test_CS2_37,CS2_37,304.0,0.89820396900177,0.786533110393846,0.21346688960615404
CALCE,test_CS2_37,CS2_37,305.0,0.8983314633369446,0.7809399834452511,0.21906001655474885
CALCE,test_CS2_37,CS2_37,306.0,0.8985209465026855,0.7717183160813509,0.2282816839186491
CALCE,test_CS2_37,CS2_37,307.0,0.8884775042533875,0.7407791195729987,0.2592208804270013
CALCE,test_CS2_37,CS2_37,308.0,0.8825708627700806,0.7230237748752196,0.2769762251247803
CALCE,test_CS2_37,CS2_37,309.0,0.8882700800895691,0.7331247781628129,0.26687522183718715
CALCE,test_CS2_37,CS2_37,310.0,0.88200843334198,0.7144626636511034,0.28553733634889655
CALCE,test_CS2_37,CS2_37,311.0,0.8810939788818359,0.7099761719691483,0.2900238280308517
CALCE,test_CS2_37,CS2_37,312.0,0.8895835280418396,0.7273850324597271,0.27261496754027287
CALCE,test_CS2_37,CS2_37,313.0,0.8906813859939575,0.730262359146859,0.26973764085314106
CALCE,test_CS2_37,CS2_37,314.0,0.8884438872337341,0.7251670554074066,0.2748329445925934
CALCE,test_CS2_37,CS2_37,315.0,0.8805512189865112,0.7047110078455315,0.2952889921544685
CALCE,test_CS2_37,CS2_37,316.0,0.8806734085083008,0.7047140488549094,0.2952859511450906
CALCE,test_CS2_37,CS2_37,317.0,0.880864679813385,0.7038254856982896,0.2961745143017104
CALCE,test_CS2_37,CS2_37,318.0,0.8804141879081726,0.7040671613449163,0.29593283865508374
CALCE,test_CS2_37,CS2_37,319.0,0.8810683488845825,0.7061157522881819,0.29388424771181804
CALCE,test_CS2_37,CS2_37,320.0,0.8880570530891418,0.7241337627351002,0.27586623726489984
CALCE,test_CS2_37,CS2_37,321.0,0.8902782201766968,0.7322555162807002,0.26774448371929976
CALCE,test_CS2_37,CS2_37,322.0,0.889496922492981,0.7586699293278701,0.24133007067212986
CALCE,test_CS2_37,CS2_37,323.0,0.8912264108657837,0.7773505853698224,0.2226494146301775
CALCE,test_CS2_37,CS2_37,324.0,0.8970500826835632,0.7788118057562043,0.2211881942437957
CALCE,test_CS2_37,CS2_37,325.0,0.8973131775856018,0.7951165926208952,0.20488340737910488
CALCE,test_CS2_37,CS2_37,326.0,0.8835816383361816,0.7639182800162141,0.23608171998378602
CALCE,test_CS2_37,CS2_37,327.0,0.8832164406776428,0.7438040255724891,0.2561959744275108
CALCE,test_CS2_37,CS2_37,328.0,0.8828343749046326,0.740267121518012,0.259732878481988
CALCE,test_CS2_37,CS2_37,329.0,0.8823513388633728,0.7444599918878457,0.25554000811215416
CALCE,test_CS2_37,CS2_37,330.0,0.8812367916107178,0.7604147015763126,0.23958529842368737
CALCE,test_CS2_37,CS2_37,331.0,0.8890371322631836,0.7749123332377952,0.2250876667622047
CALCE,test_CS2_37,CS2_37,332.0,0.8897755742073059,0.7755348320009856,0.22446516799901445
CALCE,test_CS2_37,CS2_37,333.0,0.8899219036102295,0.776146092966159,0.2238539070338409
CALCE,test_CS2_37,CS2_37,334.0,0.890067994594574,0.7741624696971123,0.2258375303028877
CALCE,test_CS2_37,CS2_37,335.0,0.8903000950813293,0.7596119827958071,0.24038801720419292
CALCE,test_CS2_37,CS2_37,336.0,0.8903347849845886,0.7551533231095975,0.24484667689040246
CALCE,test_CS2_37,CS2_37,337.0,0.890342652797699,0.7575634465059212,0.24243655349407878
CALCE,test_CS2_37,CS2_37,338.0,0.8903486132621765,0.7543256630380892,0.24567433696191077
CALCE,test_CS2_37,CS2_37,339.0,0.8902521133422852,0.7427081522467005,0.2572918477532994
CALCE,test_CS2_37,CS2_37,340.0,0.8901302218437195,0.7439840937969543,0.25601590620304576
CALCE,test_CS2_37,CS2_37,341.0,0.8900333642959595,0.7813251947624884,0.2186748052375117
CALCE,test_CS2_37,CS2_37,342.0,0.8899486660957336,0.7814650719889288,0.21853492801107124
CALCE,test_CS2_37,CS2_37,343.0,0.8899364471435547,0.7815707818950239,0.21842921810497617
CALCE,test_CS2_37,CS2_37,344.0,0.8899429440498352,0.7817026468636533,0.21829735313634663
CALCE,test_CS2_37,CS2_37,345.0,0.8899965286254883,0.7830446720872809,0.21695532791271901
CALCE,test_CS2_37,CS2_37,346.0,0.8898341655731201,0.7695396472394557,0.23046035276054427
CALCE,test_CS2_37,CS2_37,347.0,0.8884467482566833,0.7641615286570984,0.2358384713429016
CALCE,test_CS2_37,CS2_37,348.0,0.8743292689323425,0.7199876350004175,0.2800123649995826
CALCE,test_CS2_37,CS2_37,349.0,0.8740244507789612,0.7161892587633987,0.28381074123660127
CALCE,test_CS2_37,CS2_37,350.0,0.8736415505409241,0.7123646187250116,0.2876353812749884
CALCE,test_CS2_37,CS2_37,351.0,0.8729674816131592,0.7086584696740956,0.29134153032590443
CALCE,test_CS2_37,CS2_37,352.0,0.8733730912208557,0.7081219333733194,0.29187806662668064
CALCE,test_CS2_37,CS2_37,353.0,0.881478488445282,0.7258985500608142,0.27410144993918584
CALCE,test_CS2_37,CS2_37,354.0,0.8741921782493591,0.7071934504457679,0.29280654955423224
CALCE,test_CS2_37,CS2_37,355.0,0.866915225982666,0.6869897511098896,0.31301024889011037
CALCE,test_CS2_37,CS2_37,356.0,0.872167706489563,0.6994575228899528,0.3005424771100473
CALCE,test_CS2_37,CS2_37,357.0,0.8663880825042725,0.6841451545397257,0.31585484546027426
CALCE,test_CS2_37,CS2_37,358.0,0.8667515516281128,0.6851193312524295,0.3148806687475706
CALCE,test_CS2_37,CS2_37,359.0,0.8730714321136475,0.701740910107011,0.29825908989298894
CALCE,test_CS2_37,CS2_37,360.0,0.8743914365768433,0.7074564477931174,0.29254355220688255
CALCE,test_CS2_37,CS2_37,361.0,0.8799205422401428,0.7244936718176003,0.27550632818239973
CALCE,test_CS2_37,CS2_37,362.0,0.8660100102424622,0.6931012896716359,0.30689871032836413
CALCE,test_CS2_37,CS2_37,363.0,0.86534583568573,0.7307541069324487,0.2692458930675513
CALCE,test_CS2_37,CS2_37,364.0,0.8649187684059143,0.7295749886377734,0.2704250113622265
CALCE,test_CS2_37,CS2_37,365.0,0.864599883556366,0.7289432448751643,0.27105675512483585
CALCE,test_CS2_37,CS2_37,366.0,0.8644882440567017,0.7296141885214895,0.2703858114785105
CALCE,test_CS2_37,CS2_37,367.0,0.8724931478500366,0.7466629466453996,0.2533370533546004
CALCE,test_CS2_37,CS2_37,368.0,0.8731655478477478,0.7318730140954067,0.2681269859045932
CALCE,test_CS2_37,CS2_37,369.0,0.8727436661720276,0.7513243094252398,0.2486756905747603
CALCE,test_CS2_37,CS2_37,370.0,0.8723703026771545,0.7686906193916203,0.23130938060837963
CALCE,test_CS2_37,CS2_37,371.0,0.8659716248512268,0.7417097822623878,0.25829021773761224
CALCE,test_CS2_37,CS2_37,372.0,0.8740441203117371,0.7725739749828148,0.22742602501718526
CALCE,test_CS2_37,CS2_37,373.0,0.8748279213905334,0.773599029003358,0.22640097099664197
CALCE,test_CS2_37,CS2_37,374.0,0.8722832202911377,0.754732386758347,0.24526761324165294
CALCE,test_CS2_37,CS2_37,375.0,0.864875853061676,0.733778740713951,0.26622125928604895
CALCE,test_CS2_37,CS2_37,376.0,0.8651076555252075,0.7219764922734313,0.2780235077265687
CALCE,test_CS2_37,CS2_37,377.0,0.8647497892379761,0.7582706135437667,0.24172938645623324
CALCE,test_CS2_37,CS2_37,378.0,0.8642574548721313,0.7573319233490658,0.24266807665093423
CALCE,test_CS2_37,CS2_37,379.0,0.8656501770019531,0.7600357628893403,0.23996423711065978
CALCE,test_CS2_37,CS2_37,380.0,0.8721053600311279,0.7733155348833224,0.22668446511667764
CALCE,test_CS2_37,CS2_37,381.0,0.8722877502441406,0.7736075920109641,0.22639240798903598
CALCE,test_CS2_37,CS2_37,382.0,0.8724522590637207,0.7576693291302548,0.24233067086974527
CALCE,test_CS2_37,CS2_37,383.0,0.8725357055664062,0.7573852972011879,0.24261470279881214
CALCE,test_CS2_37,CS2_37,384.0,0.872744619846344,0.759933338802456,0.24006666119754402
CALCE,test_CS2_37,CS2_37,385.0,0.8731420636177063,0.7627490416280599,0.2372509583719401
CALCE,test_CS2_37,CS2_37,386.0,0.8735030889511108,0.7792086450967746,0.22079135490322543
CALCE,test_CS2_37,CS2_37,387.0,0.8736792802810669,0.7642339465463694,0.2357660534536305
CALCE,test_CS2_37,CS2_37,388.0,0.873731255531311,0.7639815222837503,0.23601847771624987
CALCE,test_CS2_37,CS2_37,389.0,0.8738372921943665,0.7713233532044361,0.22867664679556385
CALCE,test_CS2_37,CS2_37,390.0,0.8739632368087769,0.7901694119500301,0.2098305880499699
CALCE,test_CS2_37,CS2_37,391.0,0.8739382028579712,0.7891114625472745,0.21088853745272554
CALCE,test_CS2_37,CS2_37,392.0,0.8740226030349731,0.7893420181390528,0.2106579818609472
CALCE,test_CS2_37,CS2_37,393.0,0.8741346597671509,0.7896640168336625,0.2103359831663376
CALCE,test_CS2_37,CS2_37,394.0,0.8743200898170471,0.7860658954475411,0.2139341045524588
CALCE,test_CS2_37,CS2_37,395.0,0.874151885509491,0.7750871869944324,0.2249128130055676
CALCE,test_CS2_37,CS2_37,396.0,0.8741517663002014,0.7745610690462935,0.22543893095370648
CALCE,test_CS2_37,CS2_37,397.0,0.8643051385879517,0.7446325937602429,0.25536740623975707
CALCE,test_CS2_37,CS2_37,398.0,0.8582215905189514,0.7265696522007847,0.2734303477992153
CALCE,test_CS2_37,CS2_37,399.0,0.8576614260673523,0.7220693550762517,0.2779306449237483
CALCE,test_CS2_37,CS2_37,400.0,0.8572826981544495,0.7178892154191732,0.2821107845808267
CALCE,test_CS2_37,CS2_37,401.0,0.8565033078193665,0.7131728797372442,0.2868271202627558
CALCE,test_CS2_37,CS2_37,402.0,0.8645539879798889,0.7293216510372197,0.2706783489627803
CALCE,test_CS2_37,CS2_37,403.0,0.8657451272010803,0.7324604522965589,0.2675395477034412
CALCE,test_CS2_37,CS2_37,404.0,0.8654868006706238,0.7323786214871111,0.26762137851288886
CALCE,test_CS2_37,CS2_37,405.0,0.8563540577888489,0.7079208705936286,0.2920791294063714
CALCE,test_CS2_37,CS2_37,406.0,0.8567444086074829,0.7086955800748267,0.2913044199251734
CALCE,test_CS2_37,CS2_37,407.0,0.8565239906311035,0.70818623369368,0.29181376630632005
CALCE,test_CS2_37,CS2_37,408.0,0.8561398983001709,0.7076422831529546,0.2923577168470453
CALCE,test_CS2_37,CS2_37,409.0,0.8502159118652344,0.6920761540739577,0.30792384592604227
CALCE,test_CS2_37,CS2_37,410.0,0.8638761639595032,0.724491490105596,0.27550850989440406
CALCE,test_CS2_37,CS2_37,411.0,0.8646686673164368,0.7299829200330296,0.2700170799669704
CALCE,test_CS2_37,CS2_37,412.0,0.856963574886322,0.7382701970038983,0.2617298029961017
CALCE,test_CS2_37,CS2_37,413.0,0.8502174019813538,0.7361903439526584,0.2638096560473416
CALCE,test_CS2_37,CS2_37,414.0,0.8502296805381775,0.7358526536977282,0.2641473463022717
CALCE,test_CS2_37,CS2_37,415.0,0.8558182120323181,0.7481807345168973,0.2518192654831028
CALCE,test_CS2_37,CS2_37,416.0,0.8555850386619568,0.7488416713176171,0.25115832868238286
CALCE,test_CS2_37,CS2_37,417.0,0.8568421602249146,0.7339282589178946,0.2660717410821054
CALCE,test_CS2_37,CS2_37,418.0,0.8635509610176086,0.7480365196033498,0.25196348039665006
CALCE,test_CS2_37,CS2_37,419.0,0.8578448295593262,0.7370868797748654,0.2629131202251345
CALCE,test_CS2_37,CS2_37,420.0,0.8572866320610046,0.7594966506987686,0.24050334930123132
CALCE,test_CS2_37,CS2_37,421.0,0.8572297692298889,0.7585048696944617,0.24149513030553818
CALCE,test_CS2_37,CS2_37,422.0,0.8559813499450684,0.7560855334596224,0.24391446654037766
CALCE,test_CS2_37,CS2_37,423.0,0.8502171039581299,0.7424232033890211,0.2575767966109789
CALCE,test_CS2_37,CS2_37,424.0,0.8501999974250793,0.7550570916773893,0.2449429083226107
CALCE,test_CS2_37,CS2_37,425.0,0.8501937985420227,0.7254750842083464,0.27452491579165367
CALCE,test_CS2_37,CS2_37,426.0,0.8500877022743225,0.7240444867955695,0.27595551320443057
CALCE,test_CS2_37,CS2_37,427.0,0.8491952419281006,0.7422706930627893,0.25772930693721074
CALCE,test_CS2_37,CS2_37,428.0,0.8562225699424744,0.7729833430371352,0.2270166569628648
CALCE,test_CS2_37,CS2_37,429.0,0.8573935031890869,0.7751061551792278,0.22489384482077215
CALCE,test_CS2_37,CS2_37,430.0,0.8579268455505371,0.7648001103459658,0.2351998896540341
CALCE,test_CS2_37,CS2_37,431.0,0.8581950068473816,0.766559720658676,0.23344027934132408
CALCE,test_CS2_37,CS2_37,432.0,0.8583232164382935,0.7647805097736762,0.2352194902263238
CALCE,test_CS2_37,CS2_37,433.0,0.8583927750587463,0.7525239504871374,0.24747604951286264
CALCE,test_CS2_37,CS2_37,434.0,0.8634366989135742,0.7786596372550273,0.22134036274497274
CALCE,test_CS2_37,CS2_37,435.0,0.8502057790756226,0.7467997569638717,0.25320024303612826
CALCE,test_CS2_37,CS2_37,436.0,0.8501784801483154,0.746464689090095,0.2535353109099051
CALCE,test_CS2_37,CS2_37,437.0,0.8576026558876038,0.7652383606709056,0.23476163932909436
CALCE,test_CS2_37,CS2_37,438.0,0.8633451461791992,0.7907144956541756,0.20928550434582438
CALCE,test_CS2_37,CS2_37,439.0,0.8574865460395813,0.7778038059673907,0.2221961940326093
CALCE,test_CS2_37,CS2_37,440.0,0.855510413646698,0.7725983965636691,0.22740160343633084
CALCE,test_CS2_37,CS2_37,441.0,0.855883777141571,0.7724506873159733,0.22754931268402664
CALCE,test_CS2_37,CS2_37,442.0,0.8566415309906006,0.7747395946634258,0.2252604053365742
CALCE,test_CS2_37,CS2_37,443.0,0.8573790192604065,0.7607796410229707,0.2392203589770293
CALCE,test_CS2_37,CS2_37,444.0,0.8575824499130249,0.7585767210896055,0.24142327891039453
CALCE,test_CS2_37,CS2_37,445.0,0.8640439510345459,0.7715641256359546,0.22843587436404553
CALCE,test_CS2_37,CS2_37,446.0,0.8642972707748413,0.7727277955416365,0.22727220445836355
CALCE,test_CS2_37,CS2_37,447.0,0.8573377132415771,0.7567503359560444,0.2432496640439556
CALCE,test_CS2_37,CS2_37,448.0,0.8560172319412231,0.7534229122846345,0.24657708771536546
CALCE,test_CS2_37,CS2_37,449.0,0.8564080595970154,0.743330061956881,0.25666993804311905
CALCE,test_CS2_37,CS2_37,450.0,0.8564115762710571,0.7767134860930057,0.22328651390699433
CALCE,test_CS2_37,CS2_37,451.0,0.856065034866333,0.7744271457918641,0.2255728542081359
CALCE,test_CS2_37,CS2_37,452.0,0.8576571345329285,0.761718207051821,0.23828179294817894
CALCE,test_CS2_37,CS2_37,453.0,0.8632912635803223,0.7621352344174942,0.2378647655825057
CALCE,test_CS2_37,CS2_37,454.0,0.8634082674980164,0.7776748474218189,0.222325152578181
CALCE,test_CS2_37,CS2_37,455.0,0.8501430153846741,0.7478190645756715,0.2521809354243286
CALCE,test_CS2_37,CS2_37,456.0,0.8501614332199097,0.7450311875452061,0.25496881245479386
CALCE,test_CS2_37,CS2_37,457.0,0.8501255512237549,0.7414523764043786,0.25854762359562145
CALCE,test_CS2_37,CS2_37,458.0,0.8499423265457153,0.7378394547756842,0.2621605452243157
CALCE,test_CS2_37,CS2_37,459.0,0.8490256667137146,0.7339012316320059,0.2660987683679941
CALCE,test_CS2_37,CS2_37,460.0,0.8562701344490051,0.7354521370241246,0.26454786297587546
CALCE,test_CS2_37,CS2_37,461.0,0.8569324612617493,0.7382171356956467,0.26178286430435327
CALCE,test_CS2_37,CS2_37,462.0,0.85601407289505,0.7547436285466829,0.24525637145331708
CALCE,test_CS2_37,CS2_37,463.0,0.8486157059669495,0.7394264611947764,0.26057353880522355
CALCE,test_CS2_37,CS2_37,464.0,0.8489821553230286,0.7385422704968292,0.26145772950317075
CALCE,test_CS2_37,CS2_37,465.0,0.8487663865089417,0.7374581671693236,0.26254183283067634
CALCE,test_CS2_37,CS2_37,466.0,0.8497965335845947,0.7403460875014488,0.2596539124985513
CALCE,test_CS2_37,CS2_37,467.0,0.8489279747009277,0.7345128131573619,0.26548718684263806
CALCE,test_CS2_37,CS2_37,468.0,0.8560885190963745,0.7389589032044098,0.26104109679559023
CALCE,test_CS2_37,CS2_37,469.0,0.8564269542694092,0.7424125852693733,0.25758741473062674
CALCE,test_CS2_37,CS2_37,470.0,0.8565364480018616,0.7785331012041475,0.22146689879585252
CALCE,test_CS2_37,CS2_37,471.0,0.8567100763320923,0.7792537440114209,0.22074625598857903
CALCE,test_CS2_37,CS2_37,472.0,0.8567779660224915,0.7797351737079031,0.22026482629209684
CALCE,test_CS2_37,CS2_37,473.0,0.8570088148117065,0.7807329229122337,0.21926707708776624
CALCE,test_CS2_37,CS2_37,474.0,0.8574090600013733,0.783474782379933,0.216525217620067
CALCE,test_CS2_37,CS2_37,475.0,0.8576613068580627,0.7701286286845327,0.22987137131546734
CALCE,test_CS2_37,CS2_37,476.0,0.8576308488845825,0.769651971901256,0.23034802809874397
CALCE,test_CS2_37,CS2_37,477.0,0.8576284050941467,0.7726893132878849,0.22731068671211496
CALCE,test_CS2_37,CS2_37,478.0,0.8575886487960815,0.7908299062418214,0.2091700937581786
CALCE,test_CS2_37,CS2_37,479.0,0.8574764728546143,0.7892066045842456,0.2107933954157544
CALCE,test_CS2_37,CS2_37,480.0,0.8573629260063171,0.7886149234848792,0.21138507651512078
CALCE,test_CS2_37,CS2_37,481.0,0.8575313091278076,0.7858795935382916,0.21412040646170846
CALCE,test_CS2_37,CS2_37,482.0,0.8574837446212769,0.7865883801597854,0.21341161984021462
CALCE,test_CS2_37,CS2_37,483.0,0.8573541045188904,0.7744777508548076,0.22552224914519234
CALCE,test_CS2_37,CS2_37,484.0,0.8572114109992981,0.7732825414420329,0.2267174585579671
CALCE,test_CS2_37,CS2_37,485.0,0.8558194041252136,0.7691273521074168,0.23087264789258324
CALCE,test_CS2_37,CS2_37,486.0,0.8501840829849243,0.7524003123863678,0.24759968761363205
CALCE,test_CS2_37,CS2_37,487.0,0.8562699556350708,0.7631970547466909,0.236802945253309
CALCE,test_CS2_37,CS2_37,488.0,0.8572499752044678,0.7648212545071432,0.2351787454928568
CALCE,test_CS2_37,CS2_37,489.0,0.8572462201118469,0.7640797275692063,0.23592027243079375
CALCE,test_CS2_37,CS2_37,490.0,0.8485962152481079,0.7407338182416053,0.2592661817583946
CALCE,test_CS2_37,CS2_37,491.0,0.8481335639953613,0.7385492695078602,0.2614507304921399
CALCE,test_CS2_37,CS2_37,492.0,0.8488779067993164,0.7393524217737713,0.26064757822622886
CALCE,test_CS2_37,CS2_37,493.0,0.848525881767273,0.7379690217264687,0.2620309782735312
CALCE,test_CS2_37,CS2_37,494.0,0.8476167917251587,0.7355300603097771,0.2644699396902229
CALCE,test_CS2_37,CS2_37,495.0,0.8552082777023315,0.7519687315987452,0.24803126840125483
CALCE,test_CS2_37,CS2_37,496.0,0.8554003834724426,0.7530749334525101,0.24692506654748994
CALCE,test_CS2_37,CS2_37,497.0,0.8552095293998718,0.7538722337732562,0.24612776622674384
CALCE,test_CS2_37,CS2_37,498.0,0.841848611831665,0.7186951335343786,0.2813048664656213
CALCE,test_CS2_37,CS2_37,499.0,0.8418323397636414,0.7180051164244248,0.2819948835755752
CALCE,test_CS2_37,CS2_37,500.0,0.8472102284431458,0.7335750002928245,0.2664249997071755
CALCE,test_CS2_37,CS2_37,501.0,0.8412832617759705,0.7323118874046811,0.2676881125953188
CALCE,test_CS2_37,CS2_37,502.0,0.8485481142997742,0.7342179025694697,0.2657820974305302
CALCE,test_CS2_37,CS2_37,503.0,0.8491189479827881,0.734533825650013,0.2654661743499871
CALCE,test_CS2_37,CS2_37,504.0,0.8487176895141602,0.7352280139465704,0.26477198605342944
CALCE,test_CS2_37,CS2_37,505.0,0.8402841687202454,0.7363237331813184,0.2636762668186816
CALCE,test_CS2_37,CS2_37,506.0,0.8396596908569336,0.7345632829728587,0.26543671702714133
CALCE,test_CS2_37,CS2_37,507.0,0.8399929404258728,0.7323859111201666,0.26761408887983346
CALCE,test_CS2_37,CS2_37,508.0,0.8393574357032776,0.7307781144691453,0.2692218855308548
CALCE,test_CS2_37,CS2_37,509.0,0.8470106720924377,0.7496683849689847,0.2503316150310153
CALCE,test_CS2_37,CS2_37,510.0,0.8474268913269043,0.7349264722935157,0.2650735277064844
CALCE,test_CS2_37,CS2_37,511.0,0.8472625613212585,0.7363665427542133,0.26363345724578674
CALCE,test_CS2_37,CS2_37,512.0,0.8333926200866699,0.700843853824545,0.299156146175455
CALCE,test_CS2_37,CS2_37,513.0,0.8334562182426453,0.7363203150095278,0.2636796849904723
CALCE,test_CS2_37,CS2_37,514.0,0.8334987759590149,0.7344329206931678,0.2655670793068322
CALCE,test_CS2_37,CS2_37,515.0,0.833511233329773,0.720602487375077,0.2793975126249229
CALCE,test_CS2_37,CS2_37,516.0,0.8327139019966125,0.7327862419571088,0.2672137580428911
CALCE,test_CS2_37,CS2_37,517.0,0.8404588103294373,0.7334446226739957,0.26655537732600443
CALCE,test_CS2_37,CS2_37,518.0,0.8411375284194946,0.7354341975466139,0.264565802453386
CALCE,test_CS2_37,CS2_37,519.0,0.8412309885025024,0.7386625578315658,0.26133744216843424
CALCE,test_CS2_37,CS2_37,520.0,0.8413593173027039,0.7613120044127746,0.23868799558722537
CALCE,test_CS2_37,CS2_37,521.0,0.8415307998657227,0.7635664507831801,0.23643354921681986
CALCE,test_CS2_37,CS2_37,522.0,0.841700553894043,0.7636059347892308,0.2363940652107692
CALCE,test_CS2_37,CS2_37,523.0,0.8418235778808594,0.7656808854521577,0.23431911454784224
CALCE,test_CS2_37,CS2_37,524.0,0.8417851328849792,0.750399407465077,0.2496005925349231
CALCE,test_CS2_37,CS2_37,525.0,0.8418036699295044,0.751383391200051,0.24861660879994885
CALCE,test_CS2_37,CS2_37,526.0,0.8415680527687073,0.7532645799888861,0.24673542001111395
CALCE,test_CS2_37,CS2_37,527.0,0.8414235711097717,0.7898665923465532,0.21013340765344687
CALCE,test_CS2_37,CS2_37,528.0,0.8413559198379517,0.7889426208178182,0.2110573791821819
CALCE,test_CS2_37,CS2_37,529.0,0.8412380218505859,0.787773107138152,0.21222689286184812
CALCE,test_CS2_37,CS2_37,530.0,0.8411338329315186,0.7865055684366699,0.21349443156333014
CALCE,test_CS2_37,CS2_37,531.0,0.841145932674408,0.786992914255161,0.213007085744839
CALCE,test_CS2_37,CS2_37,532.0,0.8411136269569397,0.7740448764685427,0.2259551235314573
CALCE,test_CS2_37,CS2_37,533.0,0.8397806286811829,0.7690074869210541,0.23099251307894586
CALCE,test_CS2_37,CS2_37,534.0,0.8334933519363403,0.7504680185308633,0.2495319814691366
CALCE,test_CS2_37,CS2_37,535.0,0.8405247330665588,0.7629387923362586,0.2370612076637414
CALCE,test_CS2_37,CS2_37,536.0,0.8415865302085876,0.7650313947494758,0.23496860525052427
CALCE,test_CS2_37,CS2_37,537.0,0.8417186141014099,0.7652542808858367,0.23474571911416325
CALCE,test_CS2_37,CS2_37,538.0,0.8321660161018372,0.7399939965191497,0.26000600348085035
CALCE,test_CS2_37,CS2_37,539.0,0.8316670656204224,0.7377059145093847,0.2622940854906152
CALCE,test_CS2_37,CS2_37,540.0,0.8314651250839233,0.7361641049883724,0.2638358950116276
CALCE,test_CS2_37,CS2_37,541.0,0.8313543796539307,0.7356553830411889,0.2643446169588111
CALCE,test_CS2_37,CS2_37,542.0,0.8310293555259705,0.734608430184435,0.26539156981556505
CALCE,test_CS2_37,CS2_37,543.0,0.8334590792655945,0.7400957847383058,0.2599042152616941
CALCE,test_CS2_37,CS2_37,544.0,0.8392195701599121,0.7534903433213802,0.24650965667861977
CALCE,test_CS2_37,CS2_37,545.0,0.8393436670303345,0.7553179455464958,0.24468205445350433
CALCE,test_CS2_37,CS2_37,546.0,0.8250916004180908,0.7175024077395816,0.2824975922604183
CALCE,test_CS2_37,CS2_37,547.0,0.8249476552009583,0.7163101756121408,0.2836898243878591
CALCE,test_CS2_37,CS2_37,548.0,0.8246293067932129,0.7182061360678705,0.2817938639321295
CALCE,test_CS2_37,CS2_37,549.0,0.8239838480949402,0.731700187245777,0.268299812754223
CALCE,test_CS2_37,CS2_37,550.0,0.831510603427887,0.7323108545055433,0.26768914549445666
CALCE,test_CS2_37,CS2_37,551.0,0.8322800397872925,0.7332934886336545,0.2667065113663455
CALCE,test_CS2_37,CS2_37,552.0,0.8326120376586914,0.7359262062902844,0.26407379370971557
CALCE,test_CS2_37,CS2_37,553.0,0.8232829570770264,0.7375380096621662,0.26246199033783385
CALCE,test_CS2_37,CS2_37,554.0,0.8229050636291504,0.736767591295434,0.263232408704566
CALCE,test_CS2_37,CS2_37,555.0,0.8232830762863159,0.7372154593343342,0.26278454066566587
CALCE,test_CS2_37,CS2_37,556.0,0.8155702948570251,0.7163709491871721,0.2836290508128279
CALCE,test_CS2_37,CS2_37,557.0,0.8076755404472351,0.6935804246636053,0.3064195753363948
CALCE,test_CS2_37,CS2_37,558.0,0.8167929649353027,0.7071596535207032,0.29284034647929674
CALCE,test_CS2_37,CS2_37,559.0,0.8236916661262512,0.7107033806167277,0.2892966193832724
CALCE,test_CS2_37,CS2_37,560.0,0.8242740035057068,0.714812598424572,0.28518740157542805
CALCE,test_CS2_37,CS2_37,561.0,0.8072049021720886,0.7073056878483197,0.2926943121516803
CALCE,test_CS2_37,CS2_37,562.0,0.800190806388855,0.6858283335978909,0.31417166640210903
CALCE,test_CS2_37,CS2_37,563.0,0.8001656532287598,0.6832006406056561,0.31679935939434384
CALCE,test_CS2_37,CS2_37,564.0,0.7918367981910706,0.6580568956510927,0.34194310434890723
CALCE,test_CS2_37,CS2_37,565.0,0.8080452084541321,0.6764994555376552,0.32350054446234483
CALCE,test_CS2_37,CS2_37,566.0,0.8152302503585815,0.6953318188032599,0.3046681811967402
CALCE,test_CS2_37,CS2_37,567.0,0.8159276843070984,0.7004671915342519,0.29953280846574815
CALCE,test_CS2_37,CS2_37,568.0,0.8164449334144592,0.7300078328403085,0.2699921671596915
CALCE,test_CS2_37,CS2_37,569.0,0.8167986869812012,0.7346366885478642,0.2653633114521359
CALCE,test_CS2_37,CS2_37,570.0,0.8168308138847351,0.736840802702103,0.26315919729789705
CALCE,test_CS2_37,CS2_37,571.0,0.822744607925415,0.7712199741529957,0.22878002584700421
CALCE,test_CS2_37,CS2_37,572.0,0.8228240609169006,0.7906641077379736,0.20933589226202637
CALCE,test_CS2_37,CS2_37,573.0,0.8228856325149536,0.7736905294577457,0.22630947054225428
CALCE,test_CS2_37,CS2_37,574.0,0.8168206810951233,0.7470108559403696,0.25298914405963024
CALCE,test_CS2_37,CS2_37,575.0,0.8167752623558044,0.7482871490122734,0.25171285098772667
CALCE,test_CS2_37,CS2_37,576.0,0.8166223764419556,0.7908448263020841,0.20915517369791597
CALCE,test_CS2_37,CS2_37,577.0,0.8164395093917847,0.8043805221444191,0.19561947785558076
CALCE,test_CS2_37,CS2_37,578.0,0.8162954449653625,0.8021447005605377,0.1978552994394622
CALCE,test_CS2_37,CS2_37,579.0,0.8163655400276184,0.816730866068626,0.18326913393137406
CALCE,test_CS2_37,CS2_37,580.0,0.8163312673568726,0.7865290544043234,0.21347094559567653
CALCE,test_CS2_37,CS2_37,581.0,0.8001638054847717,0.7259544886700162,0.27404551132998384
CALCE,test_CS2_37,CS2_37,582.0,0.7992600202560425,0.7185142404511524,0.28148575954884764
CALCE,test_CS2_37,CS2_37,583.0,0.8078349232673645,0.7340778136271646,0.2659221863728354
CALCE,test_CS2_37,CS2_37,584.0,0.8146855235099792,0.7479906487161073,0.2520093512838926
CALCE,test_CS2_37,CS2_37,585.0,0.7918533682823181,0.6818666656042515,0.31813333439574853
CALCE,test_CS2_37,CS2_37,586.0,0.7916696667671204,0.6628712186185607,0.3371287813814393
CALCE,test_CS2_37,CS2_37,587.0,0.791320264339447,0.6600999018658223,0.33990009813417765
CALCE,test_CS2_37,CS2_37,588.0,0.7908409833908081,0.6578858730592066,0.34211412694079335
CALCE,test_CS2_37,CS2_37,589.0,0.7835212349891663,0.6531958357425814,0.3468041642574186
CALCE,test_CS2_37,CS2_37,590.0,0.7984001040458679,0.6895168874675118,0.3104831125324882
CALCE,test_CS2_37,CS2_37,591.0,0.8001112937927246,0.6963028199267444,0.30369718007325563
CALCE,test_CS2_37,CS2_37,592.0,0.8001577854156494,0.6995023534450316,0.30049764655496847
CALCE,test_CS2_37,CS2_37,593.0,0.7834922671318054,0.6540111357061708,0.3459888642938293
CALCE,test_CS2_37,CS2_37,594.0,0.7827951908111572,0.6523956024518843,0.34760439754811556
CALCE,test_CS2_37,CS2_37,595.0,0.7825993895530701,0.6533557396516524,0.3466442603483476
CALCE,test_CS2_37,CS2_37,596.0,0.7919414043426514,0.7234777526029654,0.2765222473970347
CALCE,test_CS2_37,CS2_37,597.0,0.790952205657959,0.7239635292778823,0.2760364707221177
CALCE,test_CS2_37,CS2_37,598.0,0.7835847735404968,0.684506563792448,0.315493436207552
CALCE,test_CS2_37,CS2_37,599.0,0.7835685014724731,0.669286651748663,0.3307133482513371
CALCE,test_CS2_37,CS2_37,600.0,0.7982820868492126,0.7683533841534796,0.23164661584652035
CALCE,test_CS2_37,CS2_37,601.0,0.7991001009941101,0.7722744782472045,0.22772552175279556
CALCE,test_CS2_37,CS2_37,602.0,0.7915785312652588,0.7567563970757285,0.24324360292427147
CALCE,test_CS2_37,CS2_37,603.0,0.7827059030532837,0.7358779823200323,0.26412201767996757
CALCE,test_CS2_37,CS2_37,604.0,0.7826215028762817,0.7516384564422174,0.24836154355778256
CALCE,test_CS2_37,CS2_37,605.0,0.7751775979995728,0.6972632415005289,0.3027367584994712
CALCE,test_CS2_37,CS2_37,606.0,0.7751901745796204,0.6924478931669462,0.3075521068330538
CALCE,test_CS2_37,CS2_37,607.0,0.7746306657791138,0.6912750002777065,0.30872499972229345
CALCE,test_CS2_37,CS2_37,608.0,0.7834993600845337,0.7566458055060563,0.24335419449394366
CALCE,test_CS2_37,CS2_37,609.0,0.7902869582176208,0.7724820196390657,0.22751798036093432
CALCE,test_CS2_37,CS2_37,610.0,0.783407986164093,0.7567359352665296,0.24326406473347037
CALCE,test_CS2_37,CS2_37,611.0,0.774270236492157,0.7116410741689115,0.28835892583108846
CALCE,test_CS2_37,CS2_37,612.0,0.7741029858589172,0.713087247430027,0.28691275256997284
CALCE,test_CS2_37,CS2_37,613.0,0.766821026802063,0.7118383374229527,0.28816166257704745
CALCE,test_CS2_37,CS2_37,614.0,0.7666718363761902,0.7086341501717254,0.29136584982827457
CALCE,test_CS2_37,CS2_37,615.0,0.766126275062561,0.6718640427591128,0.3281359572408872
CALCE,test_CS2_37,CS2_37,616.0,0.7749976515769958,0.6936025613132268,0.30639743868677316
CALCE,test_CS2_37,CS2_37,617.0,0.7817853689193726,0.7332199604436507,0.2667800395563493
CALCE,test_CS2_37,CS2_37,618.0,0.7751332521438599,0.7417220269138189,0.25827797308618106
CALCE,test_CS2_37,CS2_37,619.0,0.7659735083580017,0.7189059944515083,0.2810940055484917
CALCE,test_CS2_37,CS2_37,620.0,0.7663460373878479,0.737819716281685,0.26218028371831503
CALCE,test_CS2_37,CS2_37,621.0,0.7664399743080139,0.7365685611264511,0.2634314388735488
CALCE,test_CS2_37,CS2_37,622.0,0.7662770748138428,0.7362519107203999,0.26374808927960003
CALCE,test_CS2_37,CS2_37,623.0,0.758499264717102,0.694373266826272,0.30562673317372807
CALCE,test_CS2_37,CS2_37,624.0,0.7740476131439209,0.7147959884629329,0.28520401153706704
CALCE,test_CS2_37,CS2_37,625.0,0.7747394442558289,0.7379803280897627,0.2620196719102373
CALCE,test_CS2_37,CS2_37,626.0,0.7751134634017944,0.763768227845848,0.23623177215415203
CALCE,test_CS2_37,CS2_37,627.0,0.7657779455184937,0.7425441902933952,0.25745580970660475
CALCE,test_CS2_37,CS2_37,628.0,0.7584851384162903,0.7415705346452981,0.25842946535470185
CALCE,test_CS2_37,CS2_37,629.0,0.7584820985794067,0.7394680184302127,0.26053198156978735
CALCE,test_CS2_37,CS2_37,630.0,0.7584909796714783,0.7384776187295579,0.2615223812704422
CALCE,test_CS2_37,CS2_37,631.0,0.7584758400917053,0.7166552893701492,0.28334471062985084
CALCE,test_CS2_37,CS2_37,632.0,0.7664904594421387,0.720549790385924,0.27945020961407596
CALCE,test_CS2_37,CS2_37,633.0,0.7668043375015259,0.7407825653012715,0.2592174346987286
CALCE,test_CS2_37,CS2_37,634.0,0.7668062448501587,0.7644980068804222,0.2355019931195778
CALCE,test_CS2_37,CS2_37,635.0,0.7735499739646912,0.7785386142549312,0.22146138574506882
CALCE,test_CS2_37,CS2_37,636.0,0.7735090255737305,0.7796176431144637,0.22038235688553617
CALCE,test_CS2_37,CS2_37,637.0,0.7667954564094543,0.765491262142871,0.23450873785712895
CALCE,test_CS2_37,CS2_37,638.0,0.7668012380599976,0.7827220312616082,0.21727796873839186
CALCE,test_CS2_37,CS2_37,639.0,0.7735068798065186,0.7668764819998385,0.23312351800016157
CALCE,test_CS2_37,CS2_37,640.0,0.7736086249351501,0.7680902818553574,0.23190971814464265
CALCE,test_CS2_37,CS2_37,641.0,0.7735764384269714,0.7698339129195952,0.23016608708040487
CALCE,test_CS2_37,CS2_37,642.0,0.7735010981559753,0.7930766656564546,0.20692333434354523
CALCE,test_CS2_37,CS2_37,643.0,0.7734008431434631,0.8088461619798634,0.1911538380201367
CALCE,test_CS2_37,CS2_37,644.0,0.766783595085144,0.793488023597349,0.2065119764026509
CALCE,test_CS2_37,CS2_37,645.0,0.7667791843414307,0.7914003078767854,0.20859969212321475
CALCE,test_CS2_37,CS2_37,646.0,0.7668437361717224,0.789309994970122,0.21069000502987795
CALCE,test_CS2_37,CS2_37,647.0,0.7657623291015625,0.7693460796560468,0.23065392034395304
CALCE,test_CS2_37,CS2_37,648.0,0.7585102915763855,0.7492333789475181,0.25076662105248193
CALCE,test_CS2_37,CS2_37,649.0,0.7668241262435913,0.7646269278842127,0.2353730721157873
CALCE,test_CS2_37,CS2_37,650.0,0.7668325304985046,0.7499910216627448,0.25000897833725527
CALCE,test_CS2_37,CS2_37,651.0,0.7584996819496155,0.7289079096920021,0.2710920903079979
CALCE,test_CS2_37,CS2_37,652.0,0.7501758337020874,0.7226552905931526,0.2773447094068474
CALCE,test_CS2_37,CS2_37,653.0,0.7501512169837952,0.7193324195066301,0.28066758049337
CALCE,test_CS2_37,CS2_37,654.0,0.7501672506332397,0.7015147491359107,0.29848525086408917
CALCE,test_CS2_37,CS2_37,655.0,0.7496604919433594,0.6991170955602954,0.30088290443970445
CALCE,test_CS2_37,CS2_37,656.0,0.749386191368103,0.6982359814818767,0.3017640185181234
CALCE,test_CS2_37,CS2_37,657.0,0.7576499581336975,0.718404102901815,0.281595897098185
CALCE,test_CS2_37,CS2_37,658.0,0.7580819725990295,0.7221138604724512,0.27788613952754887
CALCE,test_CS2_37,CS2_37,659.0,0.7418757081031799,0.6950915155929611,0.304908484407039
CALCE,test_CS2_37,CS2_37,660.0,0.7418754696846008,0.6940314052040045,0.3059685947959954
CALCE,test_CS2_37,CS2_37,661.0,0.7418404817581177,0.6934107997153577,0.30658920028464237
CALCE,test_CS2_37,CS2_37,662.0,0.7417998313903809,0.6963439171266842,0.3036560828733158
CALCE,test_CS2_37,CS2_37,663.0,0.7414722442626953,0.7148151275271573,0.2851848724728427
CALCE,test_CS2_37,CS2_37,664.0,0.7418490648269653,0.6965486076797266,0.3034513923202733
CALCE,test_CS2_37,CS2_37,665.0,0.7497557401657104,0.7179077668187456,0.28209223318125454
CALCE,test_CS2_37,CS2_37,666.0,0.7500225901603699,0.7431254075926161,0.25687459240738386
CALCE,test_CS2_37,CS2_37,667.0,0.7413550019264221,0.7434818754500915,0.2565181245499085
CALCE,test_CS2_37,CS2_37,668.0,0.733519971370697,0.7227094673264257,0.27729053267357434
CALCE,test_CS2_37,CS2_37,669.0,0.7335159182548523,0.7210608309520787,0.27893916904792126
CALCE,test_CS2_37,CS2_37,670.0,0.733496904373169,0.7210597520690366,0.2789402479309633
CALCE,test_CS2_37,CS2_37,671.0,0.7334322333335876,0.720716245209806,0.279283754790194
CALCE,test_CS2_37,CS2_37,672.0,0.7251856327056885,0.6785032567930444,0.32149674320695565
CALCE,test_CS2_37,CS2_37,673.0,0.7413688898086548,0.7160406643726953,0.2839593356273048
CALCE,test_CS2_37,CS2_37,674.0,0.7418349981307983,0.7620720107393664,0.23792798926063372
CALCE,test_CS2_37,CS2_37,675.0,0.7418389916419983,0.762938301793939,0.23706169820606104
CALCE,test_CS2_37,CS2_37,676.0,0.7251881957054138,0.719541464503861,0.2804585354961389
CALCE,test_CS2_37,CS2_37,677.0,0.7251904010772705,0.7177588628615704,0.28224113713842963
CALCE,test_CS2_37,CS2_37,678.0,0.7251968383789062,0.7171098116461684,0.2828901883538316
CALCE,test_CS2_37,CS2_37,679.0,0.7251965403556824,0.7151287144859817,0.28487128551401836
CALCE,test_CS2_37,CS2_37,680.0,0.7251939177513123,0.6962251174286721,0.30377488257132795
CALCE,test_CS2_37,CS2_37,681.0,0.7332438230514526,0.7172845754164475,0.28271542458355253
CALCE,test_CS2_37,CS2_37,682.0,0.7334886193275452,0.7428718088154814,0.2571281911845187
CALCE,test_CS2_37,CS2_37,683.0,0.7335048913955688,0.7632149665353891,0.23678503346461088
CALCE,test_CS2_37,CS2_37,684.0,0.7334995269775391,0.7638321426109289,0.23616785738907103
CALCE,test_CS2_37,CS2_37,685.0,0.7405313849449158,0.7796228311795103,0.22037716882048963
CALCE,test_CS2_37,CS2_37,686.0,0.7405593395233154,0.7814162370159541,0.21858376298404578
CALCE,test_CS2_37,CS2_37,687.0,0.740638792514801,0.8002482460448753,0.19975175395512465
CALCE,test_CS2_37,CS2_37,688.0,0.7406602501869202,0.7710796546602563,0.22892034533974367
CALCE,test_CS2_37,CS2_37,689.0,0.740706205368042,0.77277717920281,0.22722282079719
CALCE,test_CS2_37,CS2_37,690.0,0.7406691908836365,0.775356514296479,0.224643485703521
CALCE,test_CS2_37,CS2_37,691.0,0.7406661510467529,0.8163601654043535,0.18363983459564642
CALCE,test_CS2_37,CS2_37,692.0,0.7406541109085083,0.8157774074347486,0.18422259256525142
CALCE,test_CS2_37,CS2_37,693.0,0.7408040165901184,0.8151933962058262,0.18480660379417374
CALCE,test_CS2_37,CS2_37,694.0,0.7335073351860046,0.7977520570663228,0.20224794293367723
CALCE,test_CS2_37,CS2_37,695.0,0.7251604199409485,0.775532633620716,0.22446736637928386
CALCE,test_CS2_37,CS2_37,696.0,0.7168381810188293,0.7341028139557954,0.26589718604420454
CALCE,test_CS2_37,CS2_37,697.0,0.7324921488761902,0.761692799053143,0.2383072009468571
CALCE,test_CS2_37,CS2_37,698.0,0.7327357530593872,0.7611094163836446,0.2388905836163553
CALCE,test_CS2_37,CS2_37,699.0,0.7251349687576294,0.7411116991749995,0.25888830082500053
CALCE,test_CS2_37,CS2_37,700.0,0.7165820002555847,0.7001016760779076,0.2998983239220924
CALCE,test_CS2_37,CS2_37,701.0,0.7165048122406006,0.6977215694226304,0.3022784305773696
CALCE,test_CS2_37,CS2_37,702.0,0.7084887027740479,0.6734458215688204,0.3265541784311796
CALCE,test_CS2_37,CS2_37,703.0,0.7084847092628479,0.6711058827850452,0.32889411721495465
CALCE,test_CS2_37,CS2_37,704.0,0.7084887027740479,0.669669206211472,0.330330793788528
CALCE,test_CS2_37,CS2_37,705.0,0.716817319393158,0.6906989402764492,0.3093010597235508
CALCE,test_CS2_37,CS2_37,706.0,0.7167928814888,0.6926859904646071,0.30731400953539284
CALCE,test_CS2_37,CS2_37,707.0,0.7168080806732178,0.6954613149913139,0.304538685008686
CALCE,test_CS2_37,CS2_37,708.0,0.708487331867218,0.6750721262791193,0.32492787372088067
CALCE,test_CS2_37,CS2_37,709.0,0.7079599499702454,0.6954854235251111,0.304514576474889
CALCE,test_CS2_37,CS2_37,710.0,0.707919180393219,0.7183429742664064,0.28165702573359364
CALCE,test_CS2_37,CS2_37,711.0,0.7079156637191772,0.7391158088223576,0.26088419117764233
CALCE,test_CS2_37,CS2_37,712.0,0.7001460790634155,0.6842062768071735,0.31579372319282645
CALCE,test_CS2_37,CS2_37,713.0,0.7001491785049438,0.6850854050679179,0.314914594932082
CALCE,test_CS2_37,CS2_37,714.0,0.7084608674049377,0.7268049717866715,0.27319502821332853
CALCE,test_CS2_37,CS2_37,715.0,0.7084415555000305,0.7503471799576047,0.2496528200423953
CALCE,test_CS2_37,CS2_37,716.0,0.7084694504737854,0.7517601024154957,0.24823989758450435
CALCE,test_CS2_37,CS2_37,717.0,0.6997918486595154,0.750169102027216,0.249830897972784
CALCE,test_CS2_37,CS2_37,718.0,0.6918277740478516,0.7280745280490987,0.2719254719509014
CALCE,test_CS2_37,CS2_37,719.0,0.6918197870254517,0.7253152182172382,0.2746847817827617
CALCE,test_CS2_37,CS2_37,720.0,0.6918224096298218,0.7047350951880664,0.29526490481193357
CALCE,test_CS2_37,CS2_37,721.0,0.6918071508407593,0.7048205316978923,0.29517946830210784
CALCE,test_CS2_37,CS2_37,722.0,0.6996225118637085,0.7239777432730261,0.27602225672697384
CALCE,test_CS2_37,CS2_37,723.0,0.7073063850402832,0.7638584910438405,0.23614150895615948
CALCE,test_CS2_37,CS2_37,724.0,0.7075148224830627,0.7677401499125024,0.23225985008749767
CALCE,test_CS2_37,CS2_37,725.0,0.6999728083610535,0.7516489717005918,0.24835102829940828
CALCE,test_CS2_37,CS2_37,726.0,0.6917938590049744,0.7319559425234343,0.2680440574765657
CALCE,test_CS2_37,CS2_37,727.0,0.6917845010757446,0.7505909515268571,0.24940904847314294
CALCE,test_CS2_37,CS2_37,728.0,0.6992387771606445,0.7657585552680801,0.23424144473191993
CALCE,test_CS2_37,CS2_37,729.0,0.6917915940284729,0.7299149246780475,0.2700850753219526
CALCE,test_CS2_37,CS2_37,730.0,0.6917903423309326,0.7307910512480118,0.2692089487519882
CALCE,test_CS2_37,CS2_37,731.0,0.700124204158783,0.750921078384368,0.249078921615632
CALCE,test_CS2_37,CS2_37,732.0,0.7001253962516785,0.7736331564955521,0.22636684350444794
CALCE,test_CS2_37,CS2_37,733.0,0.707046389579773,0.8055992607776746,0.19440073922232534
CALCE,test_CS2_37,CS2_37,734.0,0.7071088552474976,0.8062680029103733,0.19373199708962668
CALCE,test_CS2_37,CS2_37,735.0,0.7071011066436768,0.8064643179378856,0.1935356820621144
CALCE,test_CS2_37,CS2_37,736.0,0.7069162726402283,0.8060183267147378,0.1939816732852622
CALCE,test_CS2_37,CS2_37,737.0,0.707033097743988,0.7915630648875639,0.2084369351124362
CALCE,test_CS2_37,CS2_37,738.0,0.7070679068565369,0.7778112883315104,0.2221887116684897
CALCE,test_CS2_37,CS2_37,739.0,0.707088053226471,0.779526566165069,0.22047343383493095
CALCE,test_CS2_37,CS2_37,740.0,0.7069929242134094,0.7975129465700531,0.20248705342994675
CALCE,test_CS2_37,CS2_37,741.0,0.7070006132125854,0.8148942320875312,0.18510576791246877
CALCE,test_CS2_37,CS2_37,742.0,0.7070587277412415,0.81402073892096,0.18597926107904
CALCE,test_CS2_37,CS2_37,743.0,0.7161581516265869,0.8162839588546635,0.18371604114533646
CALCE,test_CS2_37,CS2_37,744.0,0.7078220844268799,0.8142416792258532,0.18575832077414686
CALCE,test_CS2_37,CS2_37,745.0,0.7001264691352844,0.7956455221899891,0.20435447781001093
CALCE,test_CS2_37,CS2_37,746.0,0.7079018354415894,0.7922866024857337,0.20771339751426635
CALCE,test_CS2_37,CS2_37,747.0,0.707623302936554,0.7907319142689625,0.20926808573103747
CALCE,test_CS2_37,CS2_37,748.0,0.7073543667793274,0.7757874401430108,0.22421255985698915
CALCE,test_CS2_37,CS2_37,749.0,0.691792368888855,0.7348188523403885,0.2651811476596116
CALCE,test_CS2_37,CS2_37,750.0,0.6911607384681702,0.7306552295882431,0.2693447704117569
CALCE,test_CS2_37,CS2_37,751.0,0.6834532022476196,0.7082219922255472,0.2917780077744528
CALCE,test_CS2_37,CS2_37,752.0,0.6834782958030701,0.7045860255597366,0.2954139744402634
CALCE,test_CS2_37,CS2_37,753.0,0.6834514141082764,0.7016759344515527,0.2983240655484473
CALCE,test_CS2_37,CS2_37,754.0,0.6833164095878601,0.6991656598501734,0.3008343401498267
CALCE,test_CS2_37,CS2_37,755.0,0.6917864084243774,0.7186036064145772,0.2813963935854228
CALCE,test_CS2_37,CS2_37,756.0,0.6987535357475281,0.7358923122801324,0.26410768771986765
CALCE,test_CS2_37,CS2_37,757.0,0.6987701654434204,0.7379522669417468,0.2620477330582532
CALCE,test_CS2_37,CS2_37,758.0,0.6834576725959778,0.6765592174167718,0.3234407825832283
CALCE,test_CS2_37,CS2_37,759.0,0.6751781702041626,0.6777031968406682,0.3222968031593318
CALCE,test_CS2_37,CS2_37,760.0,0.675179123878479,0.6976207071389131,0.30237929286108695
CALCE,test_CS2_37,CS2_37,761.0,0.6751626133918762,0.6778531824072602,0.32214681759273983
CALCE,test_CS2_37,CS2_37,762.0,0.675175130367279,0.6800100635591966,0.3199899364408034
CALCE,test_CS2_37,CS2_37,763.0,0.6751629710197449,0.6829464027014314,0.3170535972985687
CALCE,test_CS2_37,CS2_37,764.0,0.6834821105003357,0.7469182609402318,0.25308173905976816
CALCE,test_CS2_37,CS2_37,765.0,0.690482497215271,0.7653662711696357,0.23463372883036432
CALCE,test_CS2_37,CS2_37,766.0,0.6751741170883179,0.7466566541879752,0.2533433458120247
CALCE,test_CS2_37,CS2_37,767.0,0.6668252348899841,0.7236975494641581,0.2763024505358419
CALCE,test_CS2_37,CS2_37,768.0,0.666811466217041,0.7210242142309053,0.27897578576909476
CALCE,test_CS2_37,CS2_37,769.0,0.7165563702583313,0.8117407009398241,0.1882592990601759
CALCE,test_CS2_37,CS2_37,770.0,0.7083834409713745,0.7836729379488263,0.2163270620511737
CALCE,test_CS2_37,CS2_37,771.0,0.6751776933670044,0.6855860482861286,0.31441395171387143
CALCE,test_CS2_37,CS2_37,772.0,0.6585086584091187,0.6388046425063777,0.36119535749362236
CALCE,test_CS2_37,CS2_37,773.0,0.6751382946968079,0.7228092516193054,0.2771907483806945
CALCE,test_CS2_37,CS2_37,774.0,0.6751446723937988,0.7425018170073409,0.25749818299265914
CALCE,test_CS2_37,CS2_37,775.0,0.6751309037208557,0.7408088450621297,0.25919115493787026
CALCE,test_CS2_37,CS2_37,776.0,0.6501851677894592,0.6699581221866507,0.33004187781334926
CALCE,test_CS2_37,CS2_37,777.0,0.641840398311615,0.6389907413952509,0.3610092586047491
CALCE,test_CS2_37,CS2_37,778.0,0.6334841251373291,0.606037634485373,0.3939623655146271
CALCE,test_CS2_37,CS2_37,779.0,0.6251453757286072,0.5479355829311013,0.45206441706889866
CALCE,test_CS2_37,CS2_37,780.0,0.6168383955955505,0.49460242547930966,0.5053975745206903
CALCE,test_CS2_37,CS2_37,781.0,0.633468508720398,0.5856126488790827,0.4143873511209172
CALCE,test_CS2_37,CS2_37,782.0,0.6334614753723145,0.6066704961017965,0.3933295038982036
CALCE,test_CS2_37,CS2_37,783.0,0.6168261170387268,0.549823857976369,0.45017614202363104
CALCE,test_CS2_37,CS2_37,784.0,0.6085023880004883,0.3941054624356037,0.6058945375643963
CALCE,test_CS2_37,CS2_37,785.0,0.608495831489563,0.4246172442837699,0.5753827557162301
CALCE,test_CS2_37,CS2_37,786.0,0.6001691222190857,0.513484844100686,0.4865151558993141
CALCE,test_CS2_37,CS2_37,787.0,0.6001622676849365,0.565252324184959,0.434747675815041
CALCE,test_CS2_37,CS2_37,788.0,0.5918207764625549,0.4938249905229358,0.5061750094770642
CALCE,test_CS2_37,CS2_37,789.0,0.6001541614532471,0.5216591406697703,0.47834085933022974
CALCE,test_CS2_37,CS2_37,790.0,0.6168158650398254,0.5768441942537924,0.42315580574620765
CALCE,test_CS2_37,CS2_37,791.0,0.624822735786438,0.6866040394119518,0.3133959605880482
CALCE,test_CS2_37,CS2_37,792.0,0.5918194651603699,0.6141179753870041,0.38588202461299587
CALCE,test_CS2_37,CS2_37,793.0,0.5834792256355286,0.6144843605413848,0.3855156394586152
CALCE,test_CS2_37,CS2_37,794.0,0.5834763646125793,0.6374581303908021,0.3625418696091979
CALCE,test_CS2_37,CS2_37,795.0,0.5834788084030151,0.6591652263575946,0.34083477364240544
CALCE,test_CS2_37,CS2_37,796.0,0.5834847688674927,0.614905897586142,0.38509410241385794
CALCE,test_CS2_37,CS2_37,797.0,0.5751595497131348,0.5929667376346439,0.40703326236535603
CALCE,test_CS2_37,CS2_37,798.0,0.5668291449546814,0.6200616554467667,0.3799383445532333
CALCE,test_CS2_37,CS2_37,799.0,0.5668182373046875,0.6423515539241557,0.3576484460758443
CALCE,test_CS2_37,CS2_37,800.0,0.5667933821678162,0.6406205002453914,0.35937949975460853
CALCE,test_CS2_37,CS2_37,801.0,0.566802978515625,0.6630970107167135,0.3369029892832866
CALCE,test_CS2_37,CS2_37,802.0,0.5584641695022583,0.6373695390151481,0.36263046098485197
CALCE,test_CS2_37,CS2_37,803.0,0.5584644675254822,0.658463558280088,0.341536441719912
CALCE,test_CS2_37,CS2_37,804.0,0.566810131072998,0.6571533330732994,0.34284666692670057
CALCE,test_CS2_37,CS2_37,805.0,0.5668114423751831,0.6175415286330788,0.3824584713669213
CALCE,test_CS2_37,CS2_37,806.0,0.5751229524612427,0.6274288641880679,0.3725711358119322
CALCE,test_CS2_37,CS2_37,807.0,0.5751230716705322,0.7381148368622344,0.2618851631377656
CALCE,test_CS2_37,CS2_37,808.0,0.5667827725410461,0.7414162117564256,0.2585837882435743
CALCE,test_CS2_37,CS2_37,809.0,0.5667843818664551,0.7431966000142913,0.2568033999857087
CALCE,test_CS2_37,CS2_37,810.0,0.5667843818664551,0.7453752472604058,0.2546247527395942
CALCE,test_CS2_37,CS2_37,811.0,0.575120210647583,0.7660105070255042,0.23398949297449587
CALCE,test_CS2_37,CS2_37,812.0,0.5751286149024963,0.7882465170975396,0.21175348290246035
CALCE,test_CS2_37,CS2_37,813.0,0.5751710534095764,0.807886427473569,0.1921135725264311
CALCE,test_CS2_37,CS2_37,814.0,0.5751848220825195,0.808688667089683,0.19131133291031693
CALCE,test_CS2_37,CS2_37,815.0,0.575179398059845,0.8093047104928244,0.19069528950717554
CALCE,test_CS2_37,CS2_37,816.0,0.6001452803611755,0.8481930816310066,0.15180691836899343
CALCE,test_CS2_37,CS2_37,817.0,0.5834526419639587,0.8341373485434465,0.1658626514565536
CALCE,test_CS2_37,CS2_37,818.0,0.5834593176841736,0.8333719510732012,0.16662804892679875
CALCE,test_CS2_37,CS2_37,819.0,0.5751113891601562,0.8010396965370435,0.19896030346295648
CALCE,test_CS2_37,CS2_37,820.0,0.5751258730888367,0.7995253093999036,0.20047469060009632
CALCE,test_CS2_37,CS2_37,821.0,0.5667843818664551,0.7626430050119446,0.23735699498805543
CALCE,test_CS2_37,CS2_37,822.0,0.5668022632598877,0.7610024947636035,0.2389975052363965
CALCE,test_CS2_37,CS2_37,823.0,0.5667844414710999,0.777848260553688,0.22215173944631197
CALCE,test_CS2_37,CS2_37,824.0,0.5751276612281799,0.7922956295664024,0.20770437043359755
CALCE,test_CS2_37,CS2_37,825.0,0.5667820572853088,0.7718487267624289,0.22815127323757114
CALCE,test_CS2_37,CS2_37,826.0,0.5667835474014282,0.7513251520205876,0.2486748479794123
CALCE,test_CS2_37,CS2_37,827.0,0.5667657256126404,0.7497359801467501,0.25026401985324986
CALCE,test_CS2_37,CS2_37,828.0,0.5584329962730408,0.7272030544193568,0.27279694558064305
CALCE,test_CS2_37,CS2_37,829.0,0.5584200024604797,0.724568677242141,0.275431322757859
CALCE,test_CS2_37,CS2_37,830.0,0.5584266185760498,0.7224619207125416,0.27753807928745844
CALCE,test_CS2_37,CS2_37,831.0,0.5500936508178711,0.6438048955553731,0.3561951044446268
CALCE,test_CS2_37,CS2_37,832.0,0.5501223802566528,0.6952573031370438,0.3047426968629563
CALCE,test_CS2_37,CS2_37,833.0,0.5501221418380737,0.6958791569222985,0.30412084307770143
CALCE,test_CS2_37,CS2_37,834.0,0.5501325130462646,0.7189127912128591,0.28108720878714083
CALCE,test_CS2_37,CS2_37,835.0,0.566733181476593,0.7545923140272108,0.24540768597278922
CALCE,test_CS2_37,CS2_37,836.0,0.550123929977417,0.7343651451100698,0.26563485488993027
CALCE,test_CS2_37,CS2_37,837.0,0.5501148700714111,0.7337319527536119,0.26626804724638814
CALCE,test_CS2_37,CS2_37,838.0,0.5417947173118591,0.711803990632871,0.288196009367129
CALCE,test_CS2_37,CS2_37,839.0,0.5334512591362,0.6677517954085651,0.33224820459143484
CALCE,test_CS2_37,CS2_37,840.0,0.533452570438385,0.689998394303481,0.31000160569651913
CALCE,test_CS2_37,CS2_37,841.0,0.5334538817405701,0.6892182342354355,0.31078176576456457
CALCE,test_CS2_37,CS2_37,842.0,0.5251150131225586,0.6658337208456221,0.33416627915437785
CALCE,test_CS2_37,CS2_37,843.0,0.5251151323318481,0.6876264306521661,0.31237356934783383
CALCE,test_CS2_37,CS2_37,844.0,0.5251124501228333,0.6863855671059884,0.31361443289401153
CALCE,test_CS2_37,CS2_37,845.0,0.5251179933547974,0.6860677507024929,0.3139322492975071
CALCE,test_CS2_37,CS2_37,846.0,0.5251138806343079,0.7082498419304967,0.29175015806950333
CALCE,test_CS2_37,CS2_37,847.0,0.5251082181930542,0.7077077996691744,0.2922922003308257
CALCE,test_CS2_37,CS2_37,848.0,0.5167903304100037,0.6850160028145238,0.3149839971854762
CALCE,test_CS2_37,CS2_37,849.0,0.5167859792709351,0.6844311012159026,0.3155688987840974
CALCE,test_CS2_37,CS2_37,850.0,0.508436381816864,0.6228271051212068,0.37717289487879324
CALCE,test_CS2_37,CS2_37,851.0,0.5084596276283264,0.6763787476643439,0.3236212523356561
CALCE,test_CS2_37,CS2_37,852.0,0.5001206994056702,0.6538314112767777,0.3461685887232223
CALCE,test_CS2_37,CS2_37,853.0,0.5001126527786255,0.6776726682454645,0.3223273317545355
CALCE,test_CS2_37,CS2_37,854.0,0.4917905032634735,0.6768866832182432,0.3231133167817567
CALCE,test_CS2_37,CS2_37,855.0,0.491768479347229,0.6749741859931193,0.32502581400688074
CALCE,test_CS2_37,CS2_37,856.0,0.5001152157783508,0.694445708748457,0.30555429125154293
CALCE,test_CS2_37,CS2_37,857.0,0.4917999804019928,0.6951781433621795,0.30482185663782047
CALCE,test_CS2_37,CS2_37,858.0,0.4917854070663452,0.6946025010483352,0.30539749895166485
CALCE,test_CS2_37,CS2_37,859.0,0.4917904734611511,0.6950229677239947,0.3049770322760052
CALCE,test_CS2_37,CS2_37,860.0,0.48346132040023804,0.6728514741621605,0.3271485258378395
CALCE,test_CS2_37,CS2_37,861.0,0.4834667444229126,0.673703161347316,0.32629683865268394
CALCE,test_CS2_37,CS2_37,862.0,0.483503520488739,0.675857851761374,0.324142148238626
CALCE,test_CS2_37,CS2_37,863.0,0.47516897320747375,0.6776347095938419,0.3223652904061581
CALCE,test_CS2_37,CS2_37,864.0,0.47517597675323486,0.6784909774980924,0.32150902250190755
CALCE,test_CS2_37,CS2_37,865.0,0.4917859733104706,0.7389868644154062,0.2610131355845938
CALCE,test_CS2_37,CS2_37,866.0,0.47510603070259094,0.6967212701253854,0.3032787298746147
CALCE,test_CS2_37,CS2_37,867.0,0.4667702317237854,0.6969140012284001,0.3030859987715999
CALCE,test_CS2_37,CS2_37,868.0,0.4584299623966217,0.6726088387021434,0.32739116129785656
CALCE,test_CS2_37,CS2_37,869.0,0.4584370255470276,0.6929300480230521,0.30706995197694786
CALCE,test_CS2_37,CS2_37,870.0,0.4584411680698395,0.6905531513430261,0.3094468486569739
CALCE,test_CS2_37,CS2_37,871.0,0.4500924050807953,0.6447624177903817,0.3552375822096183
CALCE,test_CS2_37,CS2_37,872.0,0.45009127259254456,0.6674430300720506,0.3325569699279495
CALCE,test_CS2_37,CS2_37,873.0,0.44175803661346436,0.6425778908027588,0.3574221091972412
CALCE,test_CS2_37,CS2_37,874.0,0.4500817060470581,0.6637218992702166,0.3362781007297833
CALCE,test_CS2_37,CS2_37,875.0,0.45008325576782227,0.6879289201256182,0.3120710798743818
CALCE,test_CS2_37,CS2_37,876.0,0.44176244735717773,0.6655064160999615,0.3344935839000385
CALCE,test_CS2_37,CS2_37,877.0,0.4417637884616852,0.6660039027575558,0.3339960972424442
CALCE,test_CS2_37,CS2_37,878.0,0.433419793844223,0.66635468943004,0.3336453105699601
CALCE,test_CS2_37,CS2_37,879.0,0.42508989572525024,0.6414454858243712,0.3585545141756288
CALCE,test_CS2_37,CS2_37,880.0,0.4167790412902832,0.5753731513330185,0.4246268486669815
CALCE,test_CS2_37,CS2_37,881.0,0.40843480825424194,0.6042649909275026,0.3957350090724974
CALCE,test_CS2_37,CS2_37,882.0,0.4084113836288452,0.6273220745437667,0.37267792545623335
CALCE,test_CS2_37,CS2_37,883.0,0.40844041109085083,0.6500043125253834,0.34999568747461657
CALCE,test_CS2_37,CS2_37,884.0,0.4000934362411499,0.6242172443769342,0.3757827556230658
CALCE,test_CS2_37,CS2_37,885.0,0.4000879228115082,0.6230805793024188,0.3769194206975811
CALCE,test_CS2_37,CS2_37,886.0,0.4084315299987793,0.6684483315502783,0.33155166844972184
CALCE,test_CS2_37,CS2_37,887.0,0.4084281623363495,0.6702555554476151,0.32974444455238505
CALCE,test_CS2_37,CS2_37,888.0,0.408414363861084,0.6952654014404234,0.3047345985595765
CALCE,test_CS2_37,CS2_37,889.0,0.408406138420105,0.6782325835194623,0.3217674164805378
CALCE,test_CS2_37,CS2_37,890.0,0.4000893831253052,0.6596373065454701,0.3403626934545299
CALCE,test_CS2_37,CS2_37,891.0,0.3917505443096161,0.6631022305440725,0.3368977694559275
CALCE,test_CS2_37,CS2_37,892.0,0.3917602002620697,0.6658594706019351,0.33414052939806504
CALCE,test_CS2_37,CS2_37,893.0,0.3834090530872345,0.6685888937771034,0.3314111062228966
CALCE,test_CS2_37,CS2_37,894.0,0.38342973589897156,0.6925975050900598,0.30740249490994015
CALCE,test_CS2_37,CS2_37,895.0,0.3834322392940521,0.7151197674837334,0.28488023251626654
CALCE,test_CS2_37,CS2_37,896.0,0.38342422246932983,0.7361175128373254,0.26388248716267465
CALCE,test_CS2_37,CS2_37,897.0,0.38342419266700745,0.7355312786640766,0.26446872133592336
CALCE,test_CS2_37,CS2_37,898.0,0.38344618678092957,0.7355222985185158,0.2644777014814842
CALCE,test_CS2_37,CS2_37,899.0,0.3834392726421356,0.7560676261825034,0.24393237381749652
CALCE,test_CS2_37,CS2_37,900.0,0.38343653082847595,0.7555335285845395,0.24446647141546052
CALCE,test_CS2_37,CS2_37,901.0,0.38343381881713867,0.7389677686865024,0.26103223131349756
CALCE,test_CS2_37,CS2_37,902.0,0.38343381881713867,0.741118780588396,0.25888121941160397
CALCE,test_CS2_37,CS2_37,903.0,0.3751033544540405,0.7221322566795499,0.27786774332045006
CALCE,test_CS2_37,CS2_37,904.0,0.37510332465171814,0.7243055207039688,0.2756944792960311
CALCE,test_CS2_37,CS2_37,905.0,0.37510284781455994,0.747577561607923,0.252422438392077
CALCE,test_CS2_37,CS2_37,906.0,0.366777628660202,0.7482704777852918,0.2517295222147083
CALCE,test_CS2_37,CS2_37,907.0,0.3667919337749481,0.7476596807765843,0.25234031922341577
CALCE,test_CS2_37,CS2_37,908.0,0.3667701184749603,0.7673371750632525,0.23266282493674761
CALCE,test_CS2_37,CS2_37,909.0,0.366820752620697,0.7662798695706032,0.23372013042939677
CALCE,test_CS2_37,CS2_37,910.0,0.35847875475883484,0.7445153740157257,0.2554846259842743
CALCE,test_CS2_37,CS2_37,911.0,0.35847240686416626,0.7428354375613901,0.2571645624386098
CALCE,test_CS2_37,CS2_37,912.0,0.358479380607605,0.7417963035073399,0.25820369649266
CALCE,test_CS2_37,CS2_37,913.0,0.4001125693321228,0.8116003243267405,0.18839967567325944
CALCE,test_CS2_37,CS2_37,914.0,0.3834185004234314,0.7809953779409989,0.21900462205900106
CALCE,test_CS2_37,CS2_37,915.0,0.3750881850719452,0.7654467083841077,0.23455329161589233
CALCE,test_CS2_37,CS2_37,916.0,0.36674952507019043,0.7478847826362252,0.2521152173637749
CALCE,test_CS2_37,CS2_37,917.0,0.35839858651161194,0.7283444577695543,0.2716555422304457
CALCE,test_CS2_37,CS2_37,918.0,0.35843268036842346,0.7484166832368705,0.2515833167631294
CALCE,test_CS2_37,CS2_37,919.0,0.3500872552394867,0.7267230712148846,0.2732769287851155
CALCE,test_CS2_37,CS2_37,920.0,0.350089967250824,0.7249642136304584,0.2750357863695417
CALCE,test_CS2_37,CS2_37,921.0,0.3500899076461792,0.7436320328424246,0.25636796715757537
CALCE,test_CS2_37,CS2_37,922.0,0.3417526185512543,0.7201048582594568,0.2798951417405432
CALCE,test_CS2_37,CS2_37,923.0,0.341745525598526,0.7167775104165085,0.28322248958349155
CALCE,test_CS2_37,CS2_37,924.0,0.34175533056259155,0.7139702027836441,0.28602979721635596
CALCE,test_CS2_37,CS2_37,925.0,0.3417402505874634,0.7322574107573978,0.26774258924260214
CALCE,test_CS2_37,CS2_37,926.0,0.34175676107406616,0.7291200445281487,0.27087995547185123
CALCE,test_CS2_37,CS2_37,927.0,0.3417567312717438,0.7263314047199912,0.2736685952800088
CALCE,test_CS2_37,CS2_37,928.0,0.3334166705608368,0.6161647327148492,0.38383526728515077
CALCE,test_CS2_37,CS2_37,929.0,0.34176361560821533,0.6927832292504087,0.3072167707495913
CALCE,test_CS2_37,CS2_37,930.0,0.34174442291259766,0.7197956990309968,0.28020430096900306
CALCE,test_CS2_37,CS2_37,931.0,0.32506826519966125,0.6982351121968075,0.3017648878031925
CALCE,test_CS2_37,CS2_37,932.0,0.325082004070282,0.7203277690944343,0.27967223090556576
CALCE,test_CS2_37,CS2_37,933.0,0.3167460858821869,0.6980306963222277,0.3019693036777723
CALCE,test_CS2_37,CS2_37,934.0,0.3250710964202881,0.7379723346714977,0.2620276653285023
CALCE,test_CS2_37,CS2_37,935.0,0.3250848352909088,0.7382181979153232,0.26178180208467683
CALCE,test_CS2_37,CS2_37,936.0,0.3250695466995239,0.7390463115285475,0.2609536884714525
CALCE,test_CS2_37,CS2_37,937.0,0.3250793516635895,0.7599356286313687,0.24006437136863135
CALCE,test_CS2_37,CS2_37,938.0,0.3250752389431,0.760215601392939,0.23978439860706108
CALCE,test_CS2_37,CS2_37,939.0,0.32507795095443726,0.7608769395856875,0.23912306041431253
CALCE,test_CS2_37,CS2_37,940.0,0.33340975642204285,0.7795045879830275,0.22049541201697268
CALCE,test_CS2_37,CS2_37,941.0,0.3334028422832489,0.7820525146160212,0.21794748538397887
CALCE,test_CS2_37,CS2_37,942.0,0.32506293058395386,0.7655850105201973,0.2344149894798026
CALCE,test_CS2_37,CS2_37,943.0,0.3167407214641571,0.7663169354147187,0.23368306458528124
CALCE,test_CS2_37,CS2_37,944.0,0.31673794984817505,0.7486105105416035,0.2513894894583964
CALCE,test_CS2_37,CS2_37,945.0,0.3167365789413452,0.7501179248302535,0.2498820751697464
CALCE,test_CS2_37,CS2_37,946.0,0.30839574337005615,0.7720489698730327,0.22795103012696732
CALCE,test_CS2_37,CS2_37,947.0,0.3084019720554352,0.7699444878837033,0.2300555121162967
CALCE,test_CS2_37,CS2_37,948.0,0.3000892698764801,0.7671328703797164,0.2328671296202835
CALCE,test_CS2_37,CS2_37,949.0,0.2917242646217346,0.7247253465404494,0.2752746534595507
CALCE,test_CS2_37,CS2_37,950.0,0.2917368412017822,0.7208746592175619,0.279125340782438
CALCE,test_CS2_37,CS2_37,951.0,0.29174089431762695,0.7179431572688763,0.28205684273112364
CALCE,test_CS2_37,CS2_37,952.0,0.2917313575744629,0.7158020370892318,0.2841979629107681
CALCE,test_CS2_37,CS2_37,953.0,0.2917366325855255,0.7146276652283361,0.2853723347716639
CALCE,test_CS2_37,CS2_37,954.0,0.29173266887664795,0.7143184770746154,0.28568152292538457
CALCE,test_CS2_37,CS2_37,955.0,0.2833981215953827,0.6736195382094868,0.3263804617905131
CALCE,test_CS2_37,CS2_37,956.0,0.1917230188846588,0.329478495652227,0.6705215043477729
CALCE,test_CS2_37,CS2_37,957.0,0.28340497612953186,0.5795891997363761,0.4204108002636238
CALCE,test_CS2_37,CS2_37,958.0,0.28342393040657043,0.6099349068627768,0.3900650931372232
CALCE,test_CS2_37,CS2_37,959.0,0.27508729696273804,0.5896416080412233,0.4103583919587766
CALCE,test_CS2_37,CS2_37,960.0,0.24174711108207703,0.4862333413923942,0.5137666586076058
CALCE,test_CS2_37,CS2_37,961.0,0.21672140061855316,0.4298225479143176,0.5701774520856824
CALCE,test_CS2_37,CS2_37,962.0,0.21673376858234406,0.42397961720226396,0.576020382797736
CALCE,test_CS2_37,CS2_37,963.0,0.20839369297027588,0.41944174803562034,0.5805582519643797
CALCE,test_CS2_37,CS2_37,964.0,0.20839923620224,0.43986786169481173,0.5601321383051883
CALCE,test_CS2_37,CS2_37,965.0,0.20004792511463165,0.4106461617493432,0.5893538382506569
CALCE,test_CS2_37,CS2_37,966.0,0.200051948428154,0.4083429646600164,0.5916570353399836
CALCE,test_CS2_37,CS2_37,967.0,0.1917237490415573,0.38380566216766343,0.6161943378323366
CALCE,test_CS2_37,CS2_37,968.0,0.19172586500644684,0.3856623231194044,0.6143376768805956
CALCE,test_CS2_37,CS2_37,969.0,0.18339531123638153,0.3659492718289593,0.6340507281710407
CALCE,test_CS2_37,CS2_37,970.0,0.18338032066822052,0.39568001865683755,0.6043199813431624
CALCE,test_CS2_37,CS2_37,971.0,0.18338298797607422,0.6967587727739242,0.3032412272260757
CALCE,test_CS2_38,CS2_38,16.0,0.9987327456474304,0.5999794532903305,0.4000205467096694
CALCE,test_CS2_38,CS2_38,17.0,0.9983388781547546,0.6012542389249792,0.3987457610750208
CALCE,test_CS2_38,CS2_38,18.0,0.9980606436729431,0.6042128927471018,0.39578710725289823
CALCE,test_CS2_38,CS2_38,19.0,0.9976099133491516,0.6100912026110866,0.3899087973889134
CALCE,test_CS2_38,CS2_38,20.0,0.997196614742279,0.6140549881985217,0.38594501180147833
CALCE,test_CS2_38,CS2_38,21.0,0.9968348741531372,0.6413158591287001,0.3586841408712998
CALCE,test_CS2_38,CS2_38,22.0,0.9965136647224426,0.6907478815870707,0.30925211841292927
CALCE,test_CS2_38,CS2_38,23.0,0.9962235689163208,0.6949710167821475,0.30502898321785243
CALCE,test_CS2_38,CS2_38,24.0,0.9959292411804199,0.69836269134371,0.30163730865628996
CALCE,test_CS2_38,CS2_38,25.0,0.9955450296401978,0.7169108494520313,0.28308915054796874
CALCE,test_CS2_38,CS2_38,26.0,0.995231568813324,0.695867421523839,0.3041325784761611
CALCE,test_CS2_38,CS2_38,27.0,0.9806044101715088,0.6366026088151535,0.36339739118484654
CALCE,test_CS2_38,CS2_38,28.0,0.974029004573822,0.6002392756709234,0.39976072432907667
CALCE,test_CS2_38,CS2_38,29.0,0.9725729823112488,0.594521861903145,0.4054781380968549
CALCE,test_CS2_38,CS2_38,30.0,0.9714770317077637,0.6021358862965508,0.3978641137034493
CALCE,test_CS2_38,CS2_38,31.0,0.9702876806259155,0.5972453430501851,0.402754656949815
CALCE,test_CS2_38,CS2_38,32.0,0.9798470735549927,0.627030784782108,0.372969215217892
CALCE,test_CS2_38,CS2_38,33.0,0.9809086322784424,0.6318798784034326,0.36812012159656743
CALCE,test_CS2_38,CS2_38,34.0,0.9706019163131714,0.5968457185811566,0.4031542814188434
CALCE,test_CS2_38,CS2_38,35.0,0.9636825919151306,0.5732590415524464,0.4267409584475536
CALCE,test_CS2_38,CS2_38,36.0,0.9636085629463196,0.573803307514422,0.4261966924855779
CALCE,test_CS2_38,CS2_38,37.0,0.9629287123680115,0.5726558247301353,0.42734417526986457
CALCE,test_CS2_38,CS2_38,38.0,0.9626672863960266,0.5733427174402399,0.42665728255976
CALCE,test_CS2_38,CS2_38,39.0,0.9717907309532166,0.6050661682360897,0.3949338317639104
CALCE,test_CS2_38,CS2_38,40.0,0.9728269577026367,0.6125453502000221,0.387454649799978
CALCE,test_CS2_38,CS2_38,41.0,0.9626045823097229,0.5796962616057677,0.4203037383942323
CALCE,test_CS2_38,CS2_38,42.0,0.9568166136741638,0.6147878086859235,0.38521219131407647
CALCE,test_CS2_38,CS2_38,43.0,0.9566561579704285,0.636684660547874,0.36331533945212613
CALCE,test_CS2_38,CS2_38,44.0,0.9567009210586548,0.6409970064905339,0.3590029935094662
CALCE,test_CS2_38,CS2_38,45.0,0.9550930857658386,0.6386847410960155,0.3613152589039845
CALCE,test_CS2_38,CS2_38,46.0,0.9644931554794312,0.6708333126961854,0.3291666873038146
CALCE,test_CS2_38,CS2_38,47.0,0.9692568778991699,0.657976991919894,0.342023008080106
CALCE,test_CS2_38,CS2_38,48.0,0.956626296043396,0.6120788472892427,0.38792115271075733
CALCE,test_CS2_38,CS2_38,49.0,0.9549991488456726,0.6439211742436437,0.35607882575635624
CALCE,test_CS2_38,CS2_38,50.0,0.9544598460197449,0.665367493437333,0.3346325065626669
CALCE,test_CS2_38,CS2_38,51.0,0.9543472528457642,0.6646914315374923,0.3353085684625078
CALCE,test_CS2_38,CS2_38,52.0,0.9543271660804749,0.6663561244862389,0.3336438755137611
CALCE,test_CS2_38,CS2_38,53.0,0.9911763072013855,0.7596084056975533,0.2403915943024468
CALCE,test_CS2_38,CS2_38,54.0,0.9917192459106445,0.7402880870492738,0.25971191295072615
CALCE,test_CS2_38,CS2_38,55.0,0.996627688407898,0.7547033973378539,0.245296602662146
CALCE,test_CS2_38,CS2_38,56.0,0.9971679449081421,0.7867769875431868,0.21322301245681316
CALCE,test_CS2_38,CS2_38,57.0,0.9889357686042786,0.782296834423657,0.217703165576343
CALCE,test_CS2_38,CS2_38,58.0,0.9824874997138977,0.7662727750036477,0.23372722499635237
CALCE,test_CS2_38,CS2_38,59.0,0.9822817444801331,0.7651646338432436,0.23483536615675643
CALCE,test_CS2_38,CS2_38,60.0,0.9804657101631165,0.763690420622475,0.2363095793775249
CALCE,test_CS2_38,CS2_38,61.0,0.9804888367652893,0.7377816533568873,0.26221834664311267
CALCE,test_CS2_38,CS2_38,62.0,0.9800957441329956,0.7226650536784254,0.2773349463215747
CALCE,test_CS2_38,CS2_38,63.0,0.9736178517341614,0.740192262547262,0.25980773745273805
CALCE,test_CS2_38,CS2_38,64.0,0.9666776061058044,0.7214732338134442,0.2785267661865557
CALCE,test_CS2_38,CS2_38,65.0,0.9663090705871582,0.7178906607148768,0.28210933928512316
CALCE,test_CS2_38,CS2_38,66.0,0.9645339250564575,0.708480648479227,0.29151935152077313
CALCE,test_CS2_38,CS2_38,67.0,0.9566721320152283,0.6785719391870716,0.32142806081292846
CALCE,test_CS2_38,CS2_38,68.0,0.9640138149261475,0.597514648427474,0.40248535157252596
CALCE,test_CS2_38,CS2_38,69.0,0.9630259871482849,0.5923404243713692,0.4076595756286307
CALCE,test_CS2_38,CS2_38,70.0,0.9558396935462952,0.5509911584456455,0.4490088415543545
CALCE,test_CS2_38,CS2_38,71.0,0.9557375907897949,0.549848314544422,0.4501516854555781
CALCE,test_CS2_38,CS2_38,72.0,0.9555153250694275,0.5804696082240236,0.4195303917759764
CALCE,test_CS2_38,CS2_38,73.0,0.9497241377830505,0.5836221713006988,0.4163778286993012
CALCE,test_CS2_38,CS2_38,74.0,0.9564575552940369,0.6059540944203922,0.3940459055796077
CALCE,test_CS2_38,CS2_38,75.0,0.9564810395240784,0.6135281353611689,0.3864718646388311
CALCE,test_CS2_38,CS2_38,76.0,0.9559358358383179,0.6132135908783943,0.3867864091216056
CALCE,test_CS2_38,CS2_38,77.0,0.9555093050003052,0.6150426145538797,0.38495738544612035
CALCE,test_CS2_38,CS2_38,78.0,0.9550831317901611,0.638051988186092,0.36194801181390795
CALCE,test_CS2_38,CS2_38,79.0,0.9551541209220886,0.6632420240444497,0.3367579759555504
CALCE,test_CS2_38,CS2_38,80.0,0.9547462463378906,0.6639526789628417,0.3360473210371582
CALCE,test_CS2_38,CS2_38,81.0,0.9499395489692688,0.6544559648715457,0.34554403512845433
CALCE,test_CS2_38,CS2_38,82.0,0.9497100710868835,0.6803459609441658,0.3196540390558343
CALCE,test_CS2_38,CS2_38,83.0,0.9493105411529541,0.6575840712506117,0.3424159287493884
CALCE,test_CS2_38,CS2_38,84.0,0.948803722858429,0.6596912809179156,0.3403087190820843
CALCE,test_CS2_38,CS2_38,85.0,0.9483832120895386,0.6831627440039165,0.3168372559960835
CALCE,test_CS2_38,CS2_38,86.0,0.8060042858123779,0.14111156271098055,0.8588884372890195
CALCE,test_CS2_38,CS2_38,87.0,0.9481184482574463,0.48671846053549955,0.5132815394645004
CALCE,test_CS2_38,CS2_38,88.0,0.9473665952682495,0.5072607777742115,0.4927392222257885
CALCE,test_CS2_38,CS2_38,89.0,0.9469334483146667,0.48363982522945675,0.5163601747705433
CALCE,test_CS2_38,CS2_38,90.0,0.9466201663017273,0.48526417981426767,0.5147358201857323
CALCE,test_CS2_38,CS2_38,91.0,0.9326585531234741,0.43927635167906265,0.5607236483209374
CALCE,test_CS2_38,CS2_38,92.0,0.9320107102394104,0.4398893915531574,0.5601106084468426
CALCE,test_CS2_38,CS2_38,93.0,0.93145352602005,0.4411147695667005,0.5588852304332995
CALCE,test_CS2_38,CS2_38,94.0,0.9463938474655151,0.49640439264302905,0.503595607356971
CALCE,test_CS2_38,CS2_38,95.0,0.9408275485038757,0.4818087414778793,0.5181912585221207
CALCE,test_CS2_38,CS2_38,96.0,0.9413630962371826,0.5045649807906565,0.4954350192093435
CALCE,test_CS2_38,CS2_38,97.0,0.9495810270309448,0.5382739469703298,0.4617260530296702
CALCE,test_CS2_38,CS2_38,98.0,0.9499226808547974,0.5452048897972629,0.45479511020273705
CALCE,test_CS2_38,CS2_38,99.0,0.9462752342224121,0.5380422754958689,0.461957724504131
CALCE,test_CS2_38,CS2_38,100.0,0.9408445358276367,0.5235360184537678,0.4764639815462322
CALCE,test_CS2_38,CS2_38,101.0,0.9403216242790222,0.9143938486398817,0.08560615136011819
CALCE,test_CS2_38,CS2_38,102.0,0.9396711587905884,0.6718737313683829,0.3281262686316171
CALCE,test_CS2_38,CS2_38,103.0,0.9386272430419922,0.6713547137084424,0.3286452862915577
CALCE,test_CS2_38,CS2_38,104.0,0.9468640089035034,0.6976909154820542,0.30230908451794575
CALCE,test_CS2_38,CS2_38,105.0,0.9472116231918335,0.7009608308628338,0.29903916913716627
CALCE,test_CS2_38,CS2_38,106.0,0.9390408396720886,0.720732832840549,0.27926716715945105
CALCE,test_CS2_38,CS2_38,107.0,0.93329918384552,0.7033957944227963,0.2966042055772037
CALCE,test_CS2_38,CS2_38,108.0,0.9319761395454407,0.6987407201825817,0.3012592798174183
CALCE,test_CS2_38,CS2_38,109.0,0.9320613145828247,0.6551160372057083,0.3448839627942916
CALCE,test_CS2_38,CS2_38,110.0,0.9303319454193115,0.6673283330836387,0.33267166691636135
CALCE,test_CS2_38,CS2_38,111.0,0.9397652745246887,0.6921188284989997,0.3078811715010003
CALCE,test_CS2_38,CS2_38,112.0,0.9401552677154541,0.669760592472457,0.33023940752754305
CALCE,test_CS2_38,CS2_38,113.0,0.9317216873168945,0.6409551748838515,0.35904482511614844
CALCE,test_CS2_38,CS2_38,114.0,0.9301984906196594,0.6485812661611957,0.3514187338388042
CALCE,test_CS2_38,CS2_38,115.0,0.9300241470336914,0.6661463060381455,0.33385369396185455
CALCE,test_CS2_38,CS2_38,116.0,0.9249624013900757,0.6505481648576077,0.34945183514239225
CALCE,test_CS2_38,CS2_38,117.0,0.9165221452713013,0.6223423516560319,0.37765764834396803
CALCE,test_CS2_38,CS2_38,118.0,0.7970465421676636,0.1667973612843591,0.8332026387156409
CALCE,test_CS2_38,CS2_38,119.0,0.9318545460700989,0.4795176342198897,0.5204823657801103
CALCE,test_CS2_38,CS2_38,120.0,0.9332795739173889,0.4879588469148248,0.5120411530851753
CALCE,test_CS2_38,CS2_38,121.0,0.938812255859375,0.5420853821467266,0.45791461785327336
CALCE,test_CS2_38,CS2_38,122.0,0.9393466711044312,0.5687393910944979,0.4312606089055021
CALCE,test_CS2_38,CS2_38,123.0,0.9399810433387756,0.5791953280086859,0.42080467199131405
CALCE,test_CS2_38,CS2_38,124.0,0.9403751492500305,0.5836217596341853,0.41637824036581483
CALCE,test_CS2_38,CS2_38,125.0,0.9408087730407715,0.5943287498450908,0.40567125015490935
CALCE,test_CS2_38,CS2_38,126.0,0.9409528374671936,0.5652779026146582,0.43472209738534184
CALCE,test_CS2_38,CS2_38,127.0,0.941196620464325,0.5690302186464565,0.4309697813535436
CALCE,test_CS2_38,CS2_38,128.0,0.9415085911750793,0.6036328584568147,0.3963671415431853
CALCE,test_CS2_38,CS2_38,129.0,0.9415926933288574,0.6119568873721006,0.3880431126278995
CALCE,test_CS2_38,CS2_38,130.0,0.9416226744651794,0.6150901848145487,0.3849098151854513
CALCE,test_CS2_38,CS2_38,131.0,0.9416064023971558,0.6341673760650473,0.36583262393495275
CALCE,test_CS2_38,CS2_38,132.0,0.9416132569313049,0.662898430051307,0.3371015699486931
CALCE,test_CS2_38,CS2_38,133.0,0.9416335821151733,0.9289409758936761,0.0710590241063238
CALCE,test_CS2_38,CS2_38,134.0,0.9416338801383972,0.7432670767695969,0.2567329232304032
CALCE,test_CS2_38,CS2_38,135.0,0.9249736666679382,0.6786816474440641,0.32131835255593594
CALCE,test_CS2_38,CS2_38,136.0,0.9249746799468994,0.6596536026408424,0.34034639735915767
CALCE,test_CS2_38,CS2_38,137.0,0.9244049191474915,0.6544145554931402,0.3455854445068597
CALCE,test_CS2_38,CS2_38,138.0,0.915400505065918,0.6190542734503589,0.38094572654964115
CALCE,test_CS2_38,CS2_38,139.0,0.9298644065856934,0.658906010432996,0.341093989567004
CALCE,test_CS2_38,CS2_38,140.0,0.9332885146141052,0.6683185166605261,0.33168148333947395
CALCE,test_CS2_38,CS2_38,141.0,0.9376128315925598,0.6818175335919805,0.3181824664080195
CALCE,test_CS2_38,CS2_38,142.0,0.9222928285598755,0.6283095121502051,0.37169048784979497
CALCE,test_CS2_38,CS2_38,143.0,0.9237465262413025,0.6317495341844578,0.36825046581554216
CALCE,test_CS2_38,CS2_38,144.0,0.9162834286689758,0.6054517483250921,0.394548251674908
CALCE,test_CS2_38,CS2_38,145.0,0.9216761589050293,0.6229010585627301,0.37709894143726985
CALCE,test_CS2_38,CS2_38,146.0,0.9287946820259094,0.6466813197722053,0.3533186802277946
CALCE,test_CS2_38,CS2_38,147.0,0.9290838837623596,0.6494000604829379,0.3505999395170621
CALCE,test_CS2_38,CS2_38,148.0,0.9142768383026123,0.5983415342676245,0.4016584657323755
CALCE,test_CS2_38,CS2_38,149.0,0.9136461615562439,0.5968828066574897,0.40311719334251034
CALCE,test_CS2_38,CS2_38,150.0,0.9145514965057373,0.6595724726662637,0.3404275273337363
CALCE,test_CS2_38,CS2_38,151.0,0.9129974842071533,0.6536147437504717,0.3463852562495282
CALCE,test_CS2_38,CS2_38,152.0,0.9077504873275757,0.636861248207972,0.36313875179202804
CALCE,test_CS2_38,CS2_38,153.0,0.9216576814651489,0.7064995652474563,0.2935004347525437
CALCE,test_CS2_38,CS2_38,154.0,0.922365128993988,0.6666032513725682,0.3333967486274319
CALCE,test_CS2_38,CS2_38,155.0,0.9131180644035339,0.6252355736393844,0.3747644263606157
CALCE,test_CS2_38,CS2_38,156.0,0.9074281454086304,0.5921902349543058,0.4078097650456943
CALCE,test_CS2_38,CS2_38,157.0,0.9127774238586426,0.6648417524567077,0.3351582475432922
CALCE,test_CS2_38,CS2_38,158.0,0.907829225063324,0.6437943049423647,0.35620569505763533
CALCE,test_CS2_38,CS2_38,159.0,0.905156672000885,0.6596507668347666,0.34034923316523324
CALCE,test_CS2_38,CS2_38,160.0,0.9145673513412476,0.6708980976476911,0.3291019023523089
CALCE,test_CS2_38,CS2_38,161.0,0.9203287959098816,0.6681894331786369,0.3318105668213632
CALCE,test_CS2_38,CS2_38,162.0,0.9150092005729675,0.6521773869098282,0.34782261309017193
CALCE,test_CS2_38,CS2_38,163.0,0.9049437642097473,0.6705254492547068,0.32947455074529314
CALCE,test_CS2_38,CS2_38,164.0,0.9050182104110718,0.6719518155058652,0.32804818449413475
CALCE,test_CS2_38,CS2_38,165.0,0.905075192451477,0.6686122790366025,0.3313877209633975
CALCE,test_CS2_38,CS2_38,166.0,0.9048835635185242,0.6724560659876705,0.32754393401232956
CALCE,test_CS2_38,CS2_38,167.0,0.9064369201660156,0.6933291207142402,0.30667087928575976
CALCE,test_CS2_38,CS2_38,168.0,0.9142106771469116,0.6766196231840012,0.32338037681599885
CALCE,test_CS2_38,CS2_38,169.0,0.9149574637413025,0.6786479492370494,0.3213520507629506
CALCE,test_CS2_38,CS2_38,170.0,0.9190744757652283,0.7221007546032239,0.27789924539677613
CALCE,test_CS2_38,CS2_38,171.0,0.9193931818008423,0.7408542472980244,0.25914575270197565
CALCE,test_CS2_38,CS2_38,172.0,0.9196551442146301,0.7276236850936448,0.2723763149063551
CALCE,test_CS2_38,CS2_38,173.0,0.9202367067337036,0.7445076286446862,0.25549237135531383
CALCE,test_CS2_38,CS2_38,174.0,0.9204637408256531,0.7527780406548907,0.24722195934510915
CALCE,test_CS2_38,CS2_38,175.0,0.9204810857772827,0.7286307798536122,0.27136922014638776
CALCE,test_CS2_38,CS2_38,176.0,0.9205188155174255,0.7138759608694075,0.2861240391305925
CALCE,test_CS2_38,CS2_38,177.0,0.920520007610321,0.7313285998706887,0.26867140012931134
CALCE,test_CS2_38,CS2_38,178.0,0.9205648899078369,0.7631250192634658,0.2368749807365342
CALCE,test_CS2_38,CS2_38,179.0,0.9206663966178894,0.7625861677268118,0.23741383227318819
CALCE,test_CS2_38,CS2_38,180.0,0.92096346616745,0.7624277330762137,0.23757226692378636
CALCE,test_CS2_38,CS2_38,181.0,0.9211707711219788,0.7625095503192216,0.2374904496807784
CALCE,test_CS2_38,CS2_38,182.0,0.921891987323761,0.7591873632495901,0.24081263675040987
CALCE,test_CS2_38,CS2_38,183.0,0.9220771789550781,0.7408109560000258,0.2591890439999742
CALCE,test_CS2_38,CS2_38,184.0,0.9070175886154175,0.6839043296047014,0.3160956703952986
CALCE,test_CS2_38,CS2_38,185.0,0.9061492085456848,0.6668697955252081,0.3331302044747919
CALCE,test_CS2_38,CS2_38,186.0,0.9059455394744873,0.6637452745182356,0.3362547254817644
CALCE,test_CS2_38,CS2_38,187.0,0.9058105945587158,0.6612498741147275,0.33875012588527265
CALCE,test_CS2_38,CS2_38,188.0,0.9044991731643677,0.6541611979014352,0.34583880209856466
CALCE,test_CS2_38,CS2_38,189.0,0.913703978061676,0.6797317014076697,0.3202682985923303
CALCE,test_CS2_38,CS2_38,190.0,0.9145877957344055,0.6828687606783846,0.3171312393216153
CALCE,test_CS2_38,CS2_38,191.0,0.9062010645866394,0.6549801062603466,0.34501989373965336
CALCE,test_CS2_38,CS2_38,192.0,0.8998883962631226,0.6332190625052319,0.36678093749476814
CALCE,test_CS2_38,CS2_38,193.0,0.9067543148994446,0.6540786030249617,0.34592139697503826
CALCE,test_CS2_38,CS2_38,194.0,0.9197611212730408,0.6925407275822322,0.3074592724177678
CALCE,test_CS2_38,CS2_38,195.0,0.9207486510276794,0.6967134196035235,0.30328658039647644
CALCE,test_CS2_38,CS2_38,196.0,0.9129248857498169,0.672796095729193,0.32720390427080703
CALCE,test_CS2_38,CS2_38,197.0,0.906114399433136,0.649263140075376,0.350736859924624
CALCE,test_CS2_38,CS2_38,198.0,0.9068791270256042,0.6522461676317751,0.3477538323682249
CALCE,test_CS2_38,CS2_38,199.0,0.9072860479354858,0.7051243389595195,0.2948756610404804
CALCE,test_CS2_38,CS2_38,200.0,0.9062842726707458,0.7041795359970017,0.29582046400299844
CALCE,test_CS2_38,CS2_38,201.0,0.9133128523826599,0.724182877787903,0.27581712221209703
CALCE,test_CS2_38,CS2_38,202.0,0.9155132174491882,0.7308369609188103,0.2691630390811897
CALCE,test_CS2_38,CS2_38,203.0,0.9203072786331177,0.7477362667680922,0.25226373323190765
CALCE,test_CS2_38,CS2_38,204.0,0.905996561050415,0.676563895680477,0.323436104319523
CALCE,test_CS2_38,CS2_38,205.0,0.9061388373374939,0.6740870440724801,0.3259129559275199
CALCE,test_CS2_38,CS2_38,206.0,0.9057983756065369,0.6997576974368677,0.3002423025631324
CALCE,test_CS2_38,CS2_38,207.0,0.9055178761482239,0.7171198126735295,0.2828801873264705
CALCE,test_CS2_38,CS2_38,208.0,0.9147509336471558,0.722155414953065,0.27784458504693493
CALCE,test_CS2_38,CS2_38,209.0,0.9200525879859924,0.7022923619186041,0.2977076380813959
CALCE,test_CS2_38,CS2_38,210.0,0.9127627611160278,0.6778389655415209,0.3221610344584791
CALCE,test_CS2_38,CS2_38,211.0,0.9057123064994812,0.6814313864493607,0.3185686135506392
CALCE,test_CS2_38,CS2_38,212.0,0.9075223803520203,0.7080824873335271,0.2919175126664729
CALCE,test_CS2_38,CS2_38,213.0,0.9148033261299133,0.725746234636732,0.274253765363268
CALCE,test_CS2_38,CS2_38,214.0,0.9204886555671692,0.7403817073893325,0.25961829261066743
CALCE,test_CS2_38,CS2_38,215.0,0.9205878973007202,0.7438486127830936,0.25615138721690645
CALCE,test_CS2_38,CS2_38,216.0,0.9207518696784973,0.7256187261177284,0.2743812738822717
CALCE,test_CS2_38,CS2_38,217.0,0.9210010766983032,0.7209943939720512,0.2790056060279488
CALCE,test_CS2_38,CS2_38,218.0,0.921165406703949,0.7090525389606791,0.2909474610393209
CALCE,test_CS2_38,CS2_38,219.0,0.9214073419570923,0.7554051101033468,0.24459488989665334
CALCE,test_CS2_38,CS2_38,220.0,0.922016978263855,0.7564337982791814,0.2435662017208186
CALCE,test_CS2_38,CS2_38,221.0,0.9218699336051941,0.7565478004755447,0.24345219952445527
CALCE,test_CS2_38,CS2_38,222.0,0.9218841195106506,0.756666694466614,0.24333330553338597
CALCE,test_CS2_38,CS2_38,223.0,0.9219281077384949,0.7325857434019923,0.2674142565980077
CALCE,test_CS2_38,CS2_38,224.0,0.9220532774925232,0.7186250319636603,0.28137496803633966
CALCE,test_CS2_38,CS2_38,225.0,0.9221565127372742,0.7416906278902815,0.25830937210971855
CALCE,test_CS2_38,CS2_38,226.0,0.9222915172576904,0.7626302276036336,0.2373697723963663
CALCE,test_CS2_38,CS2_38,227.0,0.9222952127456665,0.7565845426631407,0.2434154573368594
CALCE,test_CS2_38,CS2_38,228.0,0.9223087430000305,0.7379725120966276,0.26202748790337244
CALCE,test_CS2_38,CS2_38,229.0,0.9223526120185852,0.7252232208830387,0.27477677911696136
CALCE,test_CS2_38,CS2_38,230.0,0.9223207235336304,0.7247550082385368,0.2752449917614632
CALCE,test_CS2_38,CS2_38,231.0,0.9081238508224487,0.6696657767797032,0.3303342232202969
CALCE,test_CS2_38,CS2_38,232.0,0.9127756357192993,0.6813344015879859,0.31866559841201414
CALCE,test_CS2_38,CS2_38,233.0,0.9078626036643982,0.6637409511677959,0.33625904883220414
CALCE,test_CS2_38,CS2_38,234.0,0.9060333967208862,0.6557982950042768,0.3442017049957232
CALCE,test_CS2_38,CS2_38,235.0,0.9050639271736145,0.6495644602093007,0.35043553979069925
CALCE,test_CS2_38,CS2_38,236.0,0.9141492247581482,0.6761148985484934,0.3238851014515065
CALCE,test_CS2_38,CS2_38,237.0,0.9152143001556396,0.6797193306910709,0.32028066930892896
CALCE,test_CS2_38,CS2_38,238.0,0.9078470468521118,0.6553228338135794,0.34467716618642064
CALCE,test_CS2_38,CS2_38,239.0,0.9050634503364563,0.6455805723418839,0.3544194276581161
CALCE,test_CS2_38,CS2_38,240.0,0.9067959785461426,0.6507278615414978,0.3492721384585023
CALCE,test_CS2_38,CS2_38,241.0,0.9067485928535461,0.6505146427438723,0.3494853572561277
CALCE,test_CS2_38,CS2_38,242.0,0.8998433351516724,0.6272888170876737,0.37271118291232636
CALCE,test_CS2_38,CS2_38,243.0,0.9133409261703491,0.6680621038503668,0.3319378961496332
CALCE,test_CS2_38,CS2_38,244.0,0.9141215085983276,0.6723573676073783,0.3276426323926216
CALCE,test_CS2_38,CS2_38,245.0,0.9068015813827515,0.6500767697530262,0.34992323024697375
CALCE,test_CS2_38,CS2_38,246.0,0.8995409607887268,0.675570239668797,0.32442976033120297
CALCE,test_CS2_38,CS2_38,247.0,0.9048252701759338,0.6768102773236607,0.32318972267633933
CALCE,test_CS2_38,CS2_38,248.0,0.8989505171775818,0.6735381617056816,0.3264618382943184
CALCE,test_CS2_38,CS2_38,249.0,0.899431049823761,0.6799342121230656,0.32006578787693435
CALCE,test_CS2_38,CS2_38,250.0,0.905389130115509,0.6998846833802435,0.30011531661975654
CALCE,test_CS2_38,CS2_38,251.0,0.9074625372886658,0.6798913545080716,0.32010864549192836
CALCE,test_CS2_38,CS2_38,252.0,0.9123648405075073,0.6927078737286317,0.30729212627136826
CALCE,test_CS2_38,CS2_38,253.0,0.8984588980674744,0.6711028536997808,0.32889714630021905
CALCE,test_CS2_38,CS2_38,254.0,0.8982315063476562,0.6786573590337569,0.32134264096624315
CALCE,test_CS2_38,CS2_38,255.0,0.8991485834121704,0.6754969522632996,0.3245030477367004
CALCE,test_CS2_38,CS2_38,256.0,0.8979366421699524,0.6714698657314396,0.32853013426856037
CALCE,test_CS2_38,CS2_38,257.0,0.8980198502540588,0.6934143951945912,0.3065856048054088
CALCE,test_CS2_38,CS2_38,258.0,0.9068129658699036,0.6805215934719714,0.31947840652802856
CALCE,test_CS2_38,CS2_38,259.0,0.9118666648864746,0.6951391741788464,0.3048608258211535
CALCE,test_CS2_38,CS2_38,260.0,0.8988620042800903,0.6772487527963118,0.3227512472036882
CALCE,test_CS2_38,CS2_38,261.0,0.8975775241851807,0.6963337385574374,0.3036662614425626
CALCE,test_CS2_38,CS2_38,262.0,0.897432267665863,0.6794056323650287,0.3205943676349712
CALCE,test_CS2_38,CS2_38,263.0,0.8975865244865417,0.6981878965084729,0.3018121034915272
CALCE,test_CS2_38,CS2_38,264.0,0.9059228897094727,0.7198609457590609,0.2801390542409391
CALCE,test_CS2_38,CS2_38,265.0,0.8986562490463257,0.6796949812364661,0.32030501876353384
CALCE,test_CS2_38,CS2_38,266.0,0.9073793888092041,0.6994354881126837,0.30056451188731637
CALCE,test_CS2_38,CS2_38,267.0,0.907609224319458,0.687116829393166,0.31288317060683396
CALCE,test_CS2_38,CS2_38,268.0,0.8978792428970337,0.7026709817987237,0.2973290182012762
CALCE,test_CS2_38,CS2_38,269.0,0.8977617621421814,0.7022290253566594,0.2977709746433406
CALCE,test_CS2_38,CS2_38,270.0,0.8969584107398987,0.6962400494007542,0.30375995059924576
CALCE,test_CS2_38,CS2_38,271.0,0.8976035714149475,0.7011115348327306,0.2988884651672693
CALCE,test_CS2_38,CS2_38,272.0,0.8971552848815918,0.6986774423487643,0.30132255765123567
CALCE,test_CS2_38,CS2_38,273.0,0.8970455527305603,0.6721027073131409,0.32789729268685897
CALCE,test_CS2_38,CS2_38,274.0,0.9053117632865906,0.6822410629038252,0.31775893709617464
CALCE,test_CS2_38,CS2_38,275.0,0.9063947796821594,0.7291307895661091,0.270869210433891
CALCE,test_CS2_38,CS2_38,276.0,0.8998779654502869,0.7132670610379189,0.2867329389620811
CALCE,test_CS2_38,CS2_38,277.0,0.8915358185768127,0.6863850623879166,0.31361493761208337
CALCE,test_CS2_38,CS2_38,278.0,0.897067666053772,0.7010357418020856,0.29896425819791433
CALCE,test_CS2_38,CS2_38,279.0,0.8913426995277405,0.6574008354395288,0.3425991645604711
CALCE,test_CS2_38,CS2_38,280.0,0.8913832306861877,0.6811614714595821,0.3188385285404179
CALCE,test_CS2_38,CS2_38,281.0,0.896979570388794,0.6720353682337935,0.3279646317662065
CALCE,test_CS2_38,CS2_38,282.0,0.8989216089248657,0.6784475023411853,0.32155249765881455
CALCE,test_CS2_38,CS2_38,283.0,0.8994936347007751,0.7129270212648015,0.28707297873519866
CALCE,test_CS2_38,CS2_38,284.0,0.8901827931404114,0.6830381873820197,0.31696181261798023
CALCE,test_CS2_38,CS2_38,285.0,0.8896600604057312,0.6831243795736011,0.316875620426399
CALCE,test_CS2_38,CS2_38,286.0,0.8896107077598572,0.6802199913081068,0.3197800086918931
CALCE,test_CS2_38,CS2_38,287.0,0.8891649842262268,0.6796143070809907,0.3203856929190093
CALCE,test_CS2_38,CS2_38,288.0,0.8833443522453308,0.6600809558909239,0.3399190441090762
CALCE,test_CS2_38,CS2_38,289.0,0.8966572284698486,0.6735822001009187,0.32641779989908126
CALCE,test_CS2_38,CS2_38,290.0,0.8972476124763489,0.6738743482725956,0.3261256517274044
CALCE,test_CS2_38,CS2_38,291.0,0.8975188732147217,0.6974619274182948,0.3025380725817052
CALCE,test_CS2_38,CS2_38,292.0,0.8977459073066711,0.7251137597264237,0.27488624027357644
CALCE,test_CS2_38,CS2_38,293.0,0.8980429172515869,0.7108269114164222,0.28917308858357776
CALCE,test_CS2_38,CS2_38,294.0,0.8984878063201904,0.7301115088124134,0.26988849118758673
CALCE,test_CS2_38,CS2_38,295.0,0.898937463760376,0.7313940960022247,0.2686059039977753
CALCE,test_CS2_38,CS2_38,296.0,0.898933470249176,0.716153416854259,0.28384658314574085
CALCE,test_CS2_38,CS2_38,297.0,0.8990950584411621,0.7117715139237651,0.2882284860762349
CALCE,test_CS2_38,CS2_38,298.0,0.8989958167076111,0.7107583484285734,0.28924165157142656
CALCE,test_CS2_38,CS2_38,299.0,0.898780107498169,0.7397126026309264,0.2602873973690735
CALCE,test_CS2_38,CS2_38,300.0,0.8991330862045288,0.7418990181926088,0.2581009818073911
CALCE,test_CS2_38,CS2_38,301.0,0.8991504311561584,0.741667656977837,0.2583323430221629
CALCE,test_CS2_38,CS2_38,302.0,0.8992213010787964,0.7425421017591525,0.2574578982408475
CALCE,test_CS2_38,CS2_38,303.0,0.9038016200065613,0.770223477282257,0.229776522717743
CALCE,test_CS2_38,CS2_38,304.0,0.9040350317955017,0.7411806065090497,0.25881939349095023
CALCE,test_CS2_38,CS2_38,305.0,0.9040865302085876,0.7398973803589343,0.2601026196410658
CALCE,test_CS2_38,CS2_38,306.0,0.8900426626205444,0.6893875685622097,0.31061243143779027
CALCE,test_CS2_38,CS2_38,307.0,0.8889279961585999,0.6839217739580339,0.31607822604196617
CALCE,test_CS2_38,CS2_38,308.0,0.8899531364440918,0.6849312882699493,0.31506871173005063
CALCE,test_CS2_38,CS2_38,309.0,0.8962628841400146,0.7009948451840743,0.29900515481592577
CALCE,test_CS2_38,CS2_38,310.0,0.8964799046516418,0.7001969748609544,0.2998030251390456
CALCE,test_CS2_38,CS2_38,311.0,0.8813628554344177,0.6471299799209879,0.35287002007901214
CALCE,test_CS2_38,CS2_38,312.0,0.8815348148345947,0.6456001752964533,0.3543998247035467
CALCE,test_CS2_38,CS2_38,313.0,0.8812119960784912,0.6436218476601725,0.35637815233982745
CALCE,test_CS2_38,CS2_38,314.0,0.8811195492744446,0.6430294317339201,0.3569705682660798
CALCE,test_CS2_38,CS2_38,315.0,0.8748008012771606,0.6192844372665964,0.38071556273340346
CALCE,test_CS2_38,CS2_38,316.0,0.8889451622962952,0.6612721675946723,0.3387278324053277
CALCE,test_CS2_38,CS2_38,317.0,0.8907796740531921,0.667789100535892,0.33221089946410803
CALCE,test_CS2_38,CS2_38,318.0,0.8898777961730957,0.6519723152067652,0.34802768479323487
CALCE,test_CS2_38,CS2_38,319.0,0.8969562649726868,0.6752389657095125,0.3247610342904876
CALCE,test_CS2_38,CS2_38,320.0,0.8979949951171875,0.6812692957351779,0.31873070426482203
CALCE,test_CS2_38,CS2_38,321.0,0.8982459902763367,0.7295773186507599,0.2704226813492401
CALCE,test_CS2_38,CS2_38,322.0,0.8833907842636108,0.6858518671437707,0.3141481328562293
CALCE,test_CS2_38,CS2_38,323.0,0.883354902267456,0.6820540788225877,0.31794592117741227
CALCE,test_CS2_38,CS2_38,324.0,0.8831906318664551,0.6622049259907281,0.33779507400927183
CALCE,test_CS2_38,CS2_38,325.0,0.8826640844345093,0.6605064667032895,0.33949353329671045
CALCE,test_CS2_38,CS2_38,326.0,0.8814020752906799,0.7074039363434426,0.2925960636565573
CALCE,test_CS2_38,CS2_38,327.0,0.8899715542793274,0.7298222054426661,0.2701777945573338
CALCE,test_CS2_38,CS2_38,328.0,0.8904015421867371,0.7316670448870032,0.2683329551129967
CALCE,test_CS2_38,CS2_38,329.0,0.8906185626983643,0.7321214318674037,0.2678785681325963
CALCE,test_CS2_38,CS2_38,330.0,0.890697717666626,0.7498290687495276,0.25017093125047246
CALCE,test_CS2_38,CS2_38,331.0,0.8911361694335938,0.7135557981389136,0.28644420186108643
CALCE,test_CS2_38,CS2_38,332.0,0.8962091207504272,0.7229336433807533,0.2770663566192468
CALCE,test_CS2_38,CS2_38,333.0,0.8963648676872253,0.7267945718639617,0.2732054281360384
CALCE,test_CS2_38,CS2_38,334.0,0.8913000822067261,0.6920672478624429,0.3079327521375571
CALCE,test_CS2_38,CS2_38,335.0,0.8911933302879333,0.6897066778286933,0.3102933221713067
CALCE,test_CS2_38,CS2_38,336.0,0.8910479545593262,0.6898074930293814,0.31019250697061856
CALCE,test_CS2_38,CS2_38,337.0,0.8908623456954956,0.7395397300527401,0.26046026994725996
CALCE,test_CS2_38,CS2_38,338.0,0.8907848000526428,0.7388962192296954,0.26110378077030466
CALCE,test_CS2_38,CS2_38,339.0,0.8907541036605835,0.7386222001985732,0.26137779980142684
CALCE,test_CS2_38,CS2_38,340.0,0.8908385634422302,0.7395577633224054,0.26044223667759464
CALCE,test_CS2_38,CS2_38,341.0,0.8908202648162842,0.7421122313987031,0.25788776860129686
CALCE,test_CS2_38,CS2_38,342.0,0.890779972076416,0.7197041629501449,0.2802958370498551
CALCE,test_CS2_38,CS2_38,343.0,0.8906421065330505,0.7177896905357914,0.2822103094642085
CALCE,test_CS2_38,CS2_38,344.0,0.8814026713371277,0.6852222633885815,0.3147777366114185
CALCE,test_CS2_38,CS2_38,345.0,0.874333381652832,0.6597867316320761,0.34021326836792387
CALCE,test_CS2_38,CS2_38,346.0,0.8742878437042236,0.6564894523428504,0.34351054765714967
CALCE,test_CS2_38,CS2_38,347.0,0.8734639286994934,0.6373300875969502,0.3626699124030498
CALCE,test_CS2_38,CS2_38,348.0,0.8726714849472046,0.633733764504134,0.3662662354958659
CALCE,test_CS2_38,CS2_38,349.0,0.880822479724884,0.6741534389004138,0.3258465610995862
CALCE,test_CS2_38,CS2_38,350.0,0.8821030259132385,0.678783284601805,0.32121671539819496
CALCE,test_CS2_38,CS2_38,351.0,0.8826332092285156,0.6814878225233004,0.3185121774766996
CALCE,test_CS2_38,CS2_38,352.0,0.8727009892463684,0.6483808535256979,0.35161914647430215
CALCE,test_CS2_38,CS2_38,353.0,0.8666764497756958,0.6277520364120623,0.37224796358793766
CALCE,test_CS2_38,CS2_38,354.0,0.8666687607765198,0.6273640281370464,0.37263597186295355
CALCE,test_CS2_38,CS2_38,355.0,0.8666847944259644,0.627101837185187,0.372898162814813
CALCE,test_CS2_38,CS2_38,356.0,0.8663917779922485,0.6265838523463975,0.37341614765360265
CALCE,test_CS2_38,CS2_38,357.0,0.8800216913223267,0.6678641326037493,0.3321358673962506
CALCE,test_CS2_38,CS2_38,358.0,0.8805094361305237,0.6723971356238694,0.32760286437613056
CALCE,test_CS2_38,CS2_38,359.0,0.8724827170372009,0.6786576758352951,0.3213423241647049
CALCE,test_CS2_38,CS2_38,360.0,0.86551833152771,0.6792033000614319,0.320796699938568
CALCE,test_CS2_38,CS2_38,361.0,0.8661257028579712,0.6803951177640092,0.3196048822359908
CALCE,test_CS2_38,CS2_38,362.0,0.86463862657547,0.6775586614304506,0.3224413385695493
CALCE,test_CS2_38,CS2_38,363.0,0.8650000691413879,0.6803542707902761,0.31964572920972384
CALCE,test_CS2_38,CS2_38,364.0,0.8721408247947693,0.6773750473436472,0.3226249526563529
CALCE,test_CS2_38,CS2_38,365.0,0.8736135959625244,0.6793824661072236,0.3206175338927764
CALCE,test_CS2_38,CS2_38,366.0,0.8742889165878296,0.6816609193041353,0.31833908069586475
CALCE,test_CS2_38,CS2_38,367.0,0.8726312518119812,0.7102210148455669,0.2897789851544332
CALCE,test_CS2_38,CS2_38,368.0,0.8667285442352295,0.710744640318358,0.2892553596816419
CALCE,test_CS2_38,CS2_38,369.0,0.8739275336265564,0.73012512706507,0.2698748729349299
CALCE,test_CS2_38,CS2_38,370.0,0.8800318241119385,0.7466037478916743,0.2533962521083256
CALCE,test_CS2_38,CS2_38,371.0,0.8733858466148376,0.7280970410792843,0.27190295892071564
CALCE,test_CS2_38,CS2_38,372.0,0.8647195100784302,0.6623776985188439,0.3376223014811562
CALCE,test_CS2_38,CS2_38,373.0,0.8649005889892578,0.6618539319889534,0.3381460680110467
CALCE,test_CS2_38,CS2_38,374.0,0.8646646738052368,0.6880249758453788,0.3119750241546212
CALCE,test_CS2_38,CS2_38,375.0,0.8642973899841309,0.7085780691636326,0.2914219308363673
CALCE,test_CS2_38,CS2_38,376.0,0.8646721243858337,0.7068814883407835,0.2931185116592165
CALCE,test_CS2_38,CS2_38,377.0,0.8724085688591003,0.7318046669119064,0.2681953330880936
CALCE,test_CS2_38,CS2_38,378.0,0.8726066946983337,0.7310341743828621,0.26896582561713783
CALCE,test_CS2_38,CS2_38,379.0,0.8728365302085876,0.7119710237396448,0.28802897626035523
CALCE,test_CS2_38,CS2_38,380.0,0.8730040788650513,0.7087054363683443,0.2912945636316558
CALCE,test_CS2_38,CS2_38,381.0,0.8738313913345337,0.7099012548222253,0.2900987451777747
CALCE,test_CS2_38,CS2_38,382.0,0.8741901516914368,0.7167179473057809,0.2832820526942192
CALCE,test_CS2_38,CS2_38,383.0,0.8743119835853577,0.7353041491877302,0.26469585081226976
CALCE,test_CS2_38,CS2_38,384.0,0.8744547367095947,0.7164632481823846,0.2835367518176154
CALCE,test_CS2_38,CS2_38,385.0,0.8745422959327698,0.7007161282436457,0.2992838717563543
CALCE,test_CS2_38,CS2_38,386.0,0.8746181130409241,0.723237644635691,0.2767623553643091
CALCE,test_CS2_38,CS2_38,387.0,0.8747003674507141,0.751287891317522,0.24871210868247795
CALCE,test_CS2_38,CS2_38,388.0,0.8747904300689697,0.7506577132051551,0.24934228679484494
CALCE,test_CS2_38,CS2_38,389.0,0.8724150657653809,0.7438611316422193,0.25613886835778066
CALCE,test_CS2_38,CS2_38,390.0,0.8640240430831909,0.7169935487211216,0.28300645127887836
CALCE,test_CS2_38,CS2_38,391.0,0.8579784035682678,0.6945585279124565,0.3054414720875435
CALCE,test_CS2_38,CS2_38,392.0,0.8576473593711853,0.6697491890914861,0.3302508109085139
CALCE,test_CS2_38,CS2_38,393.0,0.8574116230010986,0.6669678234742002,0.3330321765257997
CALCE,test_CS2_38,CS2_38,394.0,0.8581634163856506,0.6674202843408349,0.3325797156591651
CALCE,test_CS2_38,CS2_38,395.0,0.8657981157302856,0.6877813624610956,0.3122186375389045
CALCE,test_CS2_38,CS2_38,396.0,0.8716417551040649,0.70243118554457,0.29756881445543004
CALCE,test_CS2_38,CS2_38,397.0,0.8577664494514465,0.6539325639681468,0.34606743603185325
CALCE,test_CS2_38,CS2_38,398.0,0.8565953969955444,0.6494446793414725,0.3505553206585275
CALCE,test_CS2_38,CS2_38,399.0,0.8575181365013123,0.6518905091649395,0.3481094908350606
CALCE,test_CS2_38,CS2_38,400.0,0.8569658994674683,0.6501452980077794,0.34985470199222063
CALCE,test_CS2_38,CS2_38,401.0,0.8562973141670227,0.6482977148735009,0.35170228512649904
CALCE,test_CS2_38,CS2_38,402.0,0.8639807105064392,0.6723300993873816,0.3276699006126184
CALCE,test_CS2_38,CS2_38,403.0,0.8651371598243713,0.6775830342373979,0.3224169657626021
CALCE,test_CS2_38,CS2_38,404.0,0.8657696843147278,0.6890898264561043,0.31091017354389583
CALCE,test_CS2_38,CS2_38,405.0,0.8566954135894775,0.6881322494099262,0.31186775059007377
CALCE,test_CS2_38,CS2_38,406.0,0.8566955924034119,0.7069328164949902,0.2930671835050098
CALCE,test_CS2_38,CS2_38,407.0,0.8565707802772522,0.7068499717093233,0.29315002829067677
CALCE,test_CS2_38,CS2_38,408.0,0.8564489483833313,0.7064570775889024,0.2935429224110976
CALCE,test_CS2_38,CS2_38,409.0,0.8560804128646851,0.7023791286580747,0.2976208713419252
CALCE,test_CS2_38,CS2_38,410.0,0.8644005060195923,0.7041391335409358,0.2958608664590642
CALCE,test_CS2_38,CS2_38,411.0,0.858287513256073,0.6685894583867366,0.3314105416132635
CALCE,test_CS2_38,CS2_38,412.0,0.8640874028205872,0.7322451572054848,0.26775484279451517
CALCE,test_CS2_38,CS2_38,413.0,0.8582721948623657,0.7182073689183481,0.2817926310816518
CALCE,test_CS2_38,CS2_38,414.0,0.8569261431694031,0.7110170166951753,0.2889829833048248
CALCE,test_CS2_38,CS2_38,415.0,0.8564084768295288,0.7105522499546809,0.28944775004531903
CALCE,test_CS2_38,CS2_38,416.0,0.8563924431800842,0.7118202729392527,0.2881797270607473
CALCE,test_CS2_38,CS2_38,417.0,0.8563635349273682,0.689644713387673,0.3103552866123271
CALCE,test_CS2_38,CS2_38,418.0,0.8560800552368164,0.685638314090157,0.3143616859098429
CALCE,test_CS2_38,CS2_38,419.0,0.8499683141708374,0.6640722880684162,0.3359277119315838
CALCE,test_CS2_38,CS2_38,420.0,0.8581184148788452,0.71707014109066,0.2829298589093399
CALCE,test_CS2_38,CS2_38,421.0,0.8640072345733643,0.7334276824187248,0.2665723175812752
CALCE,test_CS2_38,CS2_38,422.0,0.8643922209739685,0.7353826691133947,0.2646173308866053
CALCE,test_CS2_38,CS2_38,423.0,0.864691436290741,0.7369899887530551,0.2630100112469448
CALCE,test_CS2_38,CS2_38,424.0,0.8648324012756348,0.738726917141141,0.261273082858859
CALCE,test_CS2_38,CS2_38,425.0,0.8649951815605164,0.7174740608909236,0.2825259391090765
CALCE,test_CS2_38,CS2_38,426.0,0.8651319742202759,0.7372774387898308,0.2627225612101692
CALCE,test_CS2_38,CS2_38,427.0,0.8578023314476013,0.6988312404983427,0.30116875950165733
CALCE,test_CS2_38,CS2_38,428.0,0.8640600442886353,0.7342573763539276,0.2657426236460723
CALCE,test_CS2_38,CS2_38,429.0,0.8647978901863098,0.7403461801197262,0.25965381988027386
CALCE,test_CS2_38,CS2_38,430.0,0.8651673197746277,0.7428476029846952,0.25715239701530473
CALCE,test_CS2_38,CS2_38,431.0,0.8580653667449951,0.7211609920281977,0.2788390079718023
CALCE,test_CS2_38,CS2_38,432.0,0.8635648488998413,0.7355641012841166,0.26443589871588336
CALCE,test_CS2_38,CS2_38,433.0,0.8636000752449036,0.7360365021926555,0.26396349780734446
CALCE,test_CS2_38,CS2_38,434.0,0.8642774820327759,0.7548643637582928,0.24513563624170717
CALCE,test_CS2_38,CS2_38,435.0,0.863940954208374,0.7318348361874484,0.26816516381255157
CALCE,test_CS2_38,CS2_38,436.0,0.8660746812820435,0.7215903723854032,0.27840962761459676
CALCE,test_CS2_38,CS2_38,437.0,0.8714403510093689,0.7355255422670917,0.2644744577329084
CALCE,test_CS2_38,CS2_38,438.0,0.864830493927002,0.715106652148675,0.28489334785132503
CALCE,test_CS2_38,CS2_38,439.0,0.8582970499992371,0.6940456028389144,0.30595439716108563
CALCE,test_CS2_38,CS2_38,440.0,0.8635790944099426,0.7084659343515509,0.29153406564844914
CALCE,test_CS2_38,CS2_38,441.0,0.8636875748634338,0.7085490151508357,0.2914509848491643
CALCE,test_CS2_38,CS2_38,442.0,0.8582878112792969,0.7145515251930471,0.2854484748069529
CALCE,test_CS2_38,CS2_38,443.0,0.8651784062385559,0.7154118442471483,0.28458815575285173
CALCE,test_CS2_38,CS2_38,444.0,0.8656827807426453,0.714996018434045,0.2850039815659549
CALCE,test_CS2_38,CS2_38,445.0,0.8582901954650879,0.6906257212936069,0.30937427870639317
CALCE,test_CS2_38,CS2_38,446.0,0.856966495513916,0.7084790379599263,0.2915209620400737
CALCE,test_CS2_38,CS2_38,447.0,0.8573604226112366,0.6927452826718006,0.3072547173281994
CALCE,test_CS2_38,CS2_38,448.0,0.8571348190307617,0.6914196825338773,0.3085803174661227
CALCE,test_CS2_38,CS2_38,449.0,0.8562008738517761,0.686027704085147,0.3139722959148531
CALCE,test_CS2_38,CS2_38,450.0,0.8639662265777588,0.7090224469211381,0.29097755307886186
CALCE,test_CS2_38,CS2_38,451.0,0.8642216324806213,0.7041201280228168,0.2958798719771833
CALCE,test_CS2_38,CS2_38,452.0,0.8566797375679016,0.6645197743217308,0.3354802256782692
CALCE,test_CS2_38,CS2_38,453.0,0.8559964299201965,0.6846584513511171,0.31534154864888286
CALCE,test_CS2_38,CS2_38,454.0,0.856471061706543,0.706783698605882,0.2932163013941181
CALCE,test_CS2_38,CS2_38,455.0,0.856342077255249,0.690786040656709,0.30921395934329093
CALCE,test_CS2_38,CS2_38,456.0,0.8568493127822876,0.6921655084693986,0.3078344915306014
CALCE,test_CS2_38,CS2_38,457.0,0.8633053302764893,0.727263009305474,0.2727369906945259
CALCE,test_CS2_38,CS2_38,458.0,0.8638278245925903,0.7104988560490985,0.2895011439509015
CALCE,test_CS2_38,CS2_38,459.0,0.8640766143798828,0.7109978588791269,0.289002141120873
CALCE,test_CS2_38,CS2_38,460.0,0.8642151951789856,0.7353436620548983,0.26465633794510174
CALCE,test_CS2_38,CS2_38,461.0,0.8643063902854919,0.7396706497070971,0.2603293502929029
CALCE,test_CS2_38,CS2_38,462.0,0.8644803762435913,0.7391684537404236,0.2608315462595764
CALCE,test_CS2_38,CS2_38,463.0,0.8649387359619141,0.7411336465952977,0.2588663534047024
CALCE,test_CS2_38,CS2_38,464.0,0.8651670217514038,0.7443262302667857,0.25567376973321426
CALCE,test_CS2_38,CS2_38,465.0,0.865226686000824,0.7246188873316494,0.27538111266835064
CALCE,test_CS2_38,CS2_38,466.0,0.8652928471565247,0.724727302768739,0.2752726972312611
CALCE,test_CS2_38,CS2_38,467.0,0.8652954697608948,0.7490449113987738,0.25095508860122623
CALCE,test_CS2_38,CS2_38,468.0,0.8652745485305786,0.7505478602274478,0.24945213977255218
CALCE,test_CS2_38,CS2_38,469.0,0.8651570081710815,0.7483847589017794,0.2516152410982207
CALCE,test_CS2_38,CS2_38,470.0,0.8651546239852905,0.7481029791275525,0.25189702087244753
CALCE,test_CS2_38,CS2_38,471.0,0.865169882774353,0.7459924702393925,0.2540075297606076
CALCE,test_CS2_38,CS2_38,472.0,0.8651784062385559,0.7316399858474211,0.268360014152579
CALCE,test_CS2_38,CS2_38,473.0,0.8647422194480896,0.728729207723977,0.2712707922760231
CALCE,test_CS2_38,CS2_38,474.0,0.8641478419303894,0.7260057152804483,0.27399428471955173
CALCE,test_CS2_38,CS2_38,475.0,0.8655441403388977,0.7289164237246978,0.2710835762753022
CALCE,test_CS2_38,CS2_38,476.0,0.866297721862793,0.7306956960516409,0.26930430394835914
CALCE,test_CS2_38,CS2_38,477.0,0.8664229512214661,0.7305955701245654,0.2694044298754345
CALCE,test_CS2_38,CS2_38,478.0,0.8579360842704773,0.698733397882814,0.3012666021171859
CALCE,test_CS2_38,CS2_38,479.0,0.8580564260482788,0.6976600738935221,0.3023399261064779
CALCE,test_CS2_38,CS2_38,480.0,0.8582433462142944,0.697436337614265,0.302563662385735
CALCE,test_CS2_38,CS2_38,481.0,0.8579530715942383,0.6958850655367308,0.3041149344632693
CALCE,test_CS2_38,CS2_38,482.0,0.8567624688148499,0.6918052721621435,0.30819472783785645
CALCE,test_CS2_38,CS2_38,483.0,0.8640229105949402,0.7112275785759568,0.2887724214240433
CALCE,test_CS2_38,CS2_38,484.0,0.8643079996109009,0.7128703969092361,0.2871296030907639
CALCE,test_CS2_38,CS2_38,485.0,0.8635311126708984,0.7110256856768205,0.2889743143231796
CALCE,test_CS2_38,CS2_38,486.0,0.8560293316841125,0.6867425579851726,0.3132574420148274
CALCE,test_CS2_38,CS2_38,487.0,0.8565133213996887,0.6879262207021887,0.3120737792978113
CALCE,test_CS2_38,CS2_38,488.0,0.8563987016677856,0.6888100623415693,0.3111899376584306
CALCE,test_CS2_38,CS2_38,489.0,0.8565381765365601,0.6910217316578028,0.30897826834219727
CALCE,test_CS2_38,CS2_38,490.0,0.855899453163147,0.6849402306359786,0.3150597693640213
CALCE,test_CS2_38,CS2_38,491.0,0.8582404255867004,0.6900576476560623,0.3099423523439377
CALCE,test_CS2_38,CS2_38,492.0,0.8635436296463013,0.705812918507253,0.29418708149274697
CALCE,test_CS2_38,CS2_38,493.0,0.856182336807251,0.7105013466263814,0.28949865337361863
CALCE,test_CS2_38,CS2_38,494.0,0.8500455617904663,0.6900442141719881,0.30995578582801186
CALCE,test_CS2_38,CS2_38,495.0,0.8554525971412659,0.7042627304905487,0.2957372695094514
CALCE,test_CS2_38,CS2_38,496.0,0.8499664664268494,0.6872927413567121,0.31270725864328786
CALCE,test_CS2_38,CS2_38,497.0,0.8499301075935364,0.6899795049433953,0.3100204950566047
CALCE,test_CS2_38,CS2_38,498.0,0.855710506439209,0.6855515708950339,0.314448429104966
CALCE,test_CS2_38,CS2_38,499.0,0.8570076823234558,0.6895196634808608,0.31048033651913926
CALCE,test_CS2_38,CS2_38,500.0,0.8573476672172546,0.6940604786284977,0.3059395213715022
CALCE,test_CS2_38,CS2_38,501.0,0.8492475748062134,0.6926054677075383,0.3073945322924617
CALCE,test_CS2_38,CS2_38,502.0,0.8485541939735413,0.6884174566871374,0.31158254331286256
CALCE,test_CS2_38,CS2_38,503.0,0.8487168550491333,0.688789625492854,0.3112103745071459
CALCE,test_CS2_38,CS2_38,504.0,0.8488818407058716,0.6885306126319072,0.3114693873680928
CALCE,test_CS2_38,CS2_38,505.0,0.8482015132904053,0.6881639735945654,0.31183602640543456
CALCE,test_CS2_38,CS2_38,506.0,0.8553714156150818,0.7018427205178092,0.29815727948219073
CALCE,test_CS2_38,CS2_38,507.0,0.8558040261268616,0.6888999199868838,0.3111000800131163
CALCE,test_CS2_38,CS2_38,508.0,0.8560227155685425,0.7144446399530748,0.2855553600469251
CALCE,test_CS2_38,CS2_38,509.0,0.8561656475067139,0.7341349712921886,0.2658650287078113
CALCE,test_CS2_38,CS2_38,510.0,0.85625159740448,0.7199244969147405,0.2800755030852596
CALCE,test_CS2_38,CS2_38,511.0,0.8563625812530518,0.7372979284351319,0.2627020715648682
CALCE,test_CS2_38,CS2_38,512.0,0.8566223978996277,0.7380748180262554,0.26192518197374465
CALCE,test_CS2_38,CS2_38,513.0,0.8566219210624695,0.7227911841244743,0.2772088158755257
CALCE,test_CS2_38,CS2_38,514.0,0.8565488457679749,0.7194627915661609,0.2805372084338391
CALCE,test_CS2_38,CS2_38,515.0,0.8565046191215515,0.7190501765026497,0.2809498234973502
CALCE,test_CS2_38,CS2_38,516.0,0.8564294576644897,0.7450807400968739,0.25491925990312614
CALCE,test_CS2_38,CS2_38,517.0,0.8562975525856018,0.7463126341511801,0.25368736584881996
CALCE,test_CS2_38,CS2_38,518.0,0.8562308549880981,0.7451509927642196,0.2548490072357805
CALCE,test_CS2_38,CS2_38,519.0,0.8562009930610657,0.7439875759471526,0.25601242405284735
CALCE,test_CS2_38,CS2_38,520.0,0.8561896085739136,0.7451400318455785,0.2548599681544215
CALCE,test_CS2_38,CS2_38,521.0,0.8561215400695801,0.7291103079461517,0.27088969205384816
CALCE,test_CS2_38,CS2_38,522.0,0.8561776280403137,0.7280497221961519,0.2719502778038481
CALCE,test_CS2_38,CS2_38,523.0,0.8561083078384399,0.7271914503946469,0.272808549605353
CALCE,test_CS2_38,CS2_38,524.0,0.8555344343185425,0.7248577587614663,0.27514224123853376
CALCE,test_CS2_38,CS2_38,525.0,0.8565134406089783,0.7269443528401254,0.27305564715987457
CALCE,test_CS2_38,CS2_38,526.0,0.8570559620857239,0.7281350112858949,0.2718649887141052
CALCE,test_CS2_38,CS2_38,527.0,0.8570995330810547,0.7276231260271645,0.27237687397283555
CALCE,test_CS2_38,CS2_38,528.0,0.848808765411377,0.6974878884583388,0.30251211154166124
CALCE,test_CS2_38,CS2_38,529.0,0.8481197357177734,0.6948846925475229,0.30511530745247706
CALCE,test_CS2_38,CS2_38,530.0,0.8475292921066284,0.6925388235276327,0.30746117647236737
CALCE,test_CS2_38,CS2_38,531.0,0.8474668860435486,0.6919730366442027,0.30802696335579727
CALCE,test_CS2_38,CS2_38,532.0,0.8494383692741394,0.6976799365475552,0.30232006345244467
CALCE,test_CS2_38,CS2_38,533.0,0.8552258014678955,0.7136426553791817,0.28635734462081824
CALCE,test_CS2_38,CS2_38,534.0,0.8491554856300354,0.6946031553949591,0.3053968446050408
CALCE,test_CS2_38,CS2_38,535.0,0.8406841158866882,0.665820067594526,0.334179932405474
CALCE,test_CS2_38,CS2_38,536.0,0.8398820757865906,0.6626273695553099,0.3373726304446901
CALCE,test_CS2_38,CS2_38,537.0,0.8480111360549927,0.6855663036868483,0.31443369631315177
CALCE,test_CS2_38,CS2_38,538.0,0.8484484553337097,0.687575058256342,0.3124249417436579
CALCE,test_CS2_38,CS2_38,539.0,0.8411505818367004,0.6656712307468168,0.3343287692531832
CALCE,test_CS2_38,CS2_38,540.0,0.8332899808883667,0.6354918020195579,0.3645081979804422
CALCE,test_CS2_38,CS2_38,541.0,0.8395126461982727,0.6527291073580174,0.34727089264198263
CALCE,test_CS2_38,CS2_38,542.0,0.8393236398696899,0.6525938477804373,0.3474061522195627
CALCE,test_CS2_38,CS2_38,543.0,0.8249470591545105,0.6299386712875957,0.3700613287124042
CALCE,test_CS2_38,CS2_38,544.0,0.8310374021530151,0.649976761353672,0.35002323864632795
CALCE,test_CS2_38,CS2_38,545.0,0.8396472334861755,0.6776489344968977,0.32235106550310233
CALCE,test_CS2_38,CS2_38,546.0,0.8402903079986572,0.6803435402966516,0.3196564597033485
CALCE,test_CS2_38,CS2_38,547.0,0.8249690532684326,0.620954830412252,0.37904516958774803
CALCE,test_CS2_38,CS2_38,548.0,0.8231975436210632,0.5956476144578565,0.4043523855421435
CALCE,test_CS2_38,CS2_38,549.0,0.823475182056427,0.618011506586102,0.3819884934138979
CALCE,test_CS2_38,CS2_38,550.0,0.8166221380233765,0.623439968438584,0.3765600315614161
CALCE,test_CS2_38,CS2_38,551.0,0.8161075115203857,0.6229961436471322,0.3770038563528677
CALCE,test_CS2_38,CS2_38,552.0,0.8238021731376648,0.6212163586092929,0.37878364139070714
CALCE,test_CS2_38,CS2_38,553.0,0.8316797018051147,0.6464797125925236,0.35352028740747643
CALCE,test_CS2_38,CS2_38,554.0,0.8326201438903809,0.6759961722534356,0.32400382774656433
CALCE,test_CS2_38,CS2_38,555.0,0.8332112431526184,0.7044044898802077,0.29559551011979235
CALCE,test_CS2_38,CS2_38,556.0,0.8388136029243469,0.7040093956792669,0.2959906043207331
CALCE,test_CS2_38,CS2_38,557.0,0.839300811290741,0.7083503062460338,0.2916496937539662
CALCE,test_CS2_38,CS2_38,558.0,0.8393921256065369,0.7542438070605736,0.24575619293942635
CALCE,test_CS2_38,CS2_38,559.0,0.8394957780838013,0.7389614929731566,0.2610385070268434
CALCE,test_CS2_38,CS2_38,560.0,0.8392099738121033,0.7161010852202053,0.2838989147797947
CALCE,test_CS2_38,CS2_38,561.0,0.8390825390815735,0.715860698794919,0.28413930120508096
CALCE,test_CS2_38,CS2_38,562.0,0.8390166163444519,0.7647508933841265,0.23524910661587356
CALCE,test_CS2_38,CS2_38,563.0,0.838961660861969,0.7692767730014826,0.23072322699851744
CALCE,test_CS2_38,CS2_38,564.0,0.8388595581054688,0.7678940638070535,0.23210593619294653
CALCE,test_CS2_38,CS2_38,565.0,0.838936984539032,0.786159095718241,0.213840904281759
CALCE,test_CS2_38,CS2_38,566.0,0.8389616012573242,0.7859957488065584,0.21400425119344152
CALCE,test_CS2_38,CS2_38,567.0,0.824469804763794,0.7198945970059719,0.28010540299402814
CALCE,test_CS2_38,CS2_38,568.0,0.823226809501648,0.6915574590629714,0.30844254093702866
CALCE,test_CS2_38,CS2_38,569.0,0.8313430547714233,0.7097508313177167,0.2902491686822834
CALCE,test_CS2_38,CS2_38,570.0,0.8324869275093079,0.7104615136854909,0.289538486314509
CALCE,test_CS2_38,CS2_38,571.0,0.8331423401832581,0.6958751141171978,0.30412488588280223
CALCE,test_CS2_38,CS2_38,572.0,0.8165099024772644,0.6352382216426572,0.3647617783573428
CALCE,test_CS2_38,CS2_38,573.0,0.8151538372039795,0.6288707411800599,0.37112925881994
CALCE,test_CS2_38,CS2_38,574.0,0.8083072304725647,0.6032412244273165,0.3967587755726835
CALCE,test_CS2_38,CS2_38,575.0,0.808102011680603,0.6018824372045012,0.3981175627954987
CALCE,test_CS2_38,CS2_38,576.0,0.8162669539451599,0.6274964563063617,0.37250354369363836
CALCE,test_CS2_38,CS2_38,577.0,0.8234878778457642,0.6510325965084793,0.34896740349152056
CALCE,test_CS2_38,CS2_38,578.0,0.8240683674812317,0.6545610887420906,0.3454389112579094
CALCE,test_CS2_38,CS2_38,579.0,0.8082318305969238,0.599608061107383,0.40039193889261704
CALCE,test_CS2_38,CS2_38,580.0,0.8068673610687256,0.5950010589876082,0.40499894101239176
CALCE,test_CS2_38,CS2_38,581.0,0.8066294193267822,0.5948854730321774,0.4051145269678225
CALCE,test_CS2_38,CS2_38,582.0,0.8083882331848145,0.652899133249757,0.34710086675024304
CALCE,test_CS2_38,CS2_38,583.0,0.8070494532585144,0.6523013842000277,0.34769861579997235
CALCE,test_CS2_38,CS2_38,584.0,0.8067272305488586,0.6259167360939296,0.3740832639060704
CALCE,test_CS2_38,CS2_38,585.0,0.800001859664917,0.5998783775950167,0.4001216224049833
CALCE,test_CS2_38,CS2_38,586.0,0.8154934048652649,0.6470602995485616,0.3529397004514384
CALCE,test_CS2_38,CS2_38,587.0,0.8166638612747192,0.7092633004620847,0.29073669953791526
CALCE,test_CS2_38,CS2_38,588.0,0.8083330988883972,0.6880389865782354,0.3119610134217647
CALCE,test_CS2_38,CS2_38,589.0,0.7999870777130127,0.6827101977919631,0.3172898022080368
CALCE,test_CS2_38,CS2_38,590.0,0.8063837289810181,0.701044937331096,0.298955062668904
CALCE,test_CS2_38,CS2_38,591.0,0.7999784350395203,0.6553415274740949,0.3446584725259052
CALCE,test_CS2_38,CS2_38,592.0,0.7996907830238342,0.6318478520739108,0.36815214792608913
CALCE,test_CS2_38,CS2_38,593.0,0.7993338108062744,0.6299505913129015,0.37004940868709857
CALCE,test_CS2_38,CS2_38,594.0,0.8083009123802185,0.7118748606279708,0.2881251393720292
CALCE,test_CS2_38,CS2_38,595.0,0.8143822550773621,0.7335080146876912,0.2664919853123088
CALCE,test_CS2_38,CS2_38,596.0,0.7999624609947205,0.688946263895496,0.3110537361045041
CALCE,test_CS2_38,CS2_38,597.0,0.7987647652626038,0.6792144703220002,0.32078552967799984
CALCE,test_CS2_38,CS2_38,598.0,0.7986173033714294,0.6824865077192079,0.31751349228079206
CALCE,test_CS2_38,CS2_38,599.0,0.7916213274002075,0.6599991523202458,0.34000084767975436
CALCE,test_CS2_38,CS2_38,600.0,0.7916106581687927,0.6805059262586793,0.31949407374132066
CALCE,test_CS2_38,CS2_38,601.0,0.7916197180747986,0.6337757566846973,0.3662242433153026
CALCE,test_CS2_38,CS2_38,602.0,0.8061449527740479,0.6743137950307526,0.32568620496924744
CALCE,test_CS2_38,CS2_38,603.0,0.8066964149475098,0.7048631160083239,0.29513688399167604
CALCE,test_CS2_38,CS2_38,604.0,0.7916363477706909,0.6828431813699471,0.3171568186300528
CALCE,test_CS2_38,CS2_38,605.0,0.7909899353981018,0.6604207534437507,0.3395792465562494
CALCE,test_CS2_38,CS2_38,606.0,0.7916275262832642,0.6829026839778338,0.31709731602216606
CALCE,test_CS2_38,CS2_38,607.0,0.7913604974746704,0.6822710313266607,0.31772896867333933
CALCE,test_CS2_38,CS2_38,608.0,0.7912788987159729,0.682503182617593,0.31749681738240704
CALCE,test_CS2_38,CS2_38,609.0,0.7914689183235168,0.6558902850050228,0.3441097149949772
CALCE,test_CS2_38,CS2_38,610.0,0.799872636795044,0.6642781207712459,0.3357218792287541
CALCE,test_CS2_38,CS2_38,611.0,0.7999560832977295,0.7143989649052308,0.28560103509476925
CALCE,test_CS2_38,CS2_38,612.0,0.7916204333305359,0.6925909600581033,0.3074090399418966
CALCE,test_CS2_38,CS2_38,613.0,0.7906282544136047,0.6900192793939893,0.30998072060601073
CALCE,test_CS2_38,CS2_38,614.0,0.7908135652542114,0.712211554201646,0.28778844579835405
CALCE,test_CS2_38,CS2_38,615.0,0.7906412482261658,0.7109719914747576,0.2890280085252424
CALCE,test_CS2_38,CS2_38,616.0,0.790435254573822,0.709565038299718,0.290434961700282
CALCE,test_CS2_38,CS2_38,617.0,0.7907786965370178,0.670192138070117,0.32980786192988304
CALCE,test_CS2_38,CS2_38,618.0,0.7986494898796082,0.6931097568101828,0.3068902431898172
CALCE,test_CS2_38,CS2_38,619.0,0.7990615963935852,0.744895215539678,0.25510478446032203
CALCE,test_CS2_38,CS2_38,620.0,0.7993230819702148,0.7477976424477979,0.2522023575522022
CALCE,test_CS2_38,CS2_38,621.0,0.7993877530097961,0.7465034018214088,0.2534965981785911
CALCE,test_CS2_38,CS2_38,622.0,0.7993878126144409,0.7474412211492011,0.2525587788507989
CALCE,test_CS2_38,CS2_38,623.0,0.7994571328163147,0.7479217346000911,0.25207826539990896
CALCE,test_CS2_38,CS2_38,624.0,0.7994242310523987,0.7472653972581766,0.2527346027418233
CALCE,test_CS2_38,CS2_38,625.0,0.7999637722969055,0.7274953173758095,0.2725046826241904
CALCE,test_CS2_38,CS2_38,626.0,0.7999730110168457,0.7281723956065933,0.27182760439340664
CALCE,test_CS2_38,CS2_38,627.0,0.799966037273407,0.7546153361830978,0.24538466381690224
CALCE,test_CS2_38,CS2_38,628.0,0.799946665763855,0.7570750754366177,0.24292492456338224
CALCE,test_CS2_38,CS2_38,629.0,0.7999342083930969,0.7561175102713429,0.24388248972865717
CALCE,test_CS2_38,CS2_38,630.0,0.8000541925430298,0.756371023640386,0.24362897635961406
CALCE,test_CS2_38,CS2_38,631.0,0.7984963655471802,0.7518400868055137,0.24815991319448627
CALCE,test_CS2_38,CS2_38,632.0,0.7915597558021545,0.7283297588187405,0.2716702411812594
CALCE,test_CS2_38,CS2_38,633.0,0.7980908155441284,0.7239901568444032,0.27600984315559696
CALCE,test_CS2_38,CS2_38,634.0,0.7998135089874268,0.7275800065164268,0.2724199934835731
CALCE,test_CS2_38,CS2_38,635.0,0.7998915314674377,0.7271684721922996,0.27283152780770026
CALCE,test_CS2_38,CS2_38,636.0,0.7906281352043152,0.6966560770737728,0.30334392292622736
CALCE,test_CS2_38,CS2_38,637.0,0.7833098769187927,0.6715938058996477,0.32840619410035227
CALCE,test_CS2_38,CS2_38,638.0,0.783312976360321,0.6699730229481683,0.3300269770518317
CALCE,test_CS2_38,CS2_38,639.0,0.7832673192024231,0.6687884064099529,0.3312115935900472
CALCE,test_CS2_38,CS2_38,640.0,0.7826205492019653,0.6641814930614276,0.3358185069385723
CALCE,test_CS2_38,CS2_38,641.0,0.783307671546936,0.6657177876736413,0.33428221232635863
CALCE,test_CS2_38,CS2_38,642.0,0.7911460399627686,0.6884258062741951,0.3115741937258049
CALCE,test_CS2_38,CS2_38,643.0,0.7914241552352905,0.6901624482778541,0.30983755172214583
CALCE,test_CS2_38,CS2_38,644.0,0.7825097441673279,0.6612536302721564,0.3387463697278435
CALCE,test_CS2_38,CS2_38,645.0,0.7750335335731506,0.6355117883908861,0.364488211609114
CALCE,test_CS2_38,CS2_38,646.0,0.7819837331771851,0.6618648423347521,0.3381351576652478
CALCE,test_CS2_38,CS2_38,647.0,0.7750062346458435,0.6618643956586201,0.33813560434138
CALCE,test_CS2_38,CS2_38,648.0,0.7750126123428345,0.6413206493214756,0.3586793506785245
CALCE,test_CS2_38,CS2_38,649.0,0.7750046253204346,0.6363200942504025,0.36367990574959747
CALCE,test_CS2_38,CS2_38,650.0,0.7833542227745056,0.6628716779449502,0.33712832205504983
CALCE,test_CS2_38,CS2_38,651.0,0.7824698090553284,0.6925799474168932,0.3074200525831068
CALCE,test_CS2_38,CS2_38,652.0,0.7741247415542603,0.6896914875204952,0.31030851247950464
CALCE,test_CS2_38,CS2_38,653.0,0.7739328742027283,0.6885082805063087,0.3114917194936913
CALCE,test_CS2_38,CS2_38,654.0,0.7740988731384277,0.6887094912310431,0.3112905087689568
CALCE,test_CS2_38,CS2_38,655.0,0.7666940093040466,0.6659966534121968,0.33400334658780323
CALCE,test_CS2_38,CS2_38,656.0,0.7665753960609436,0.6624683788390993,0.33753162116090085
CALCE,test_CS2_38,CS2_38,657.0,0.7750230431556702,0.6641880057649961,0.3358119942350038
CALCE,test_CS2_38,CS2_38,658.0,0.7750275731086731,0.665004366035013,0.334995633964987
CALCE,test_CS2_38,CS2_38,659.0,0.7818690538406372,0.7154730980112493,0.2845269019887508
CALCE,test_CS2_38,CS2_38,660.0,0.7657308578491211,0.6865861617590019,0.3134138382409981
CALCE,test_CS2_38,CS2_38,661.0,0.7662392258644104,0.6665054221739217,0.3334945778260783
CALCE,test_CS2_38,CS2_38,662.0,0.7662833333015442,0.6890524527771701,0.31094754722282997
CALCE,test_CS2_38,CS2_38,663.0,0.7658188939094543,0.6869569912163921,0.31304300878360786
CALCE,test_CS2_38,CS2_38,664.0,0.7666930556297302,0.6891459110027675,0.3108540889972325
CALCE,test_CS2_38,CS2_38,665.0,0.7741089463233948,0.686845548774621,0.313154451225379
CALCE,test_CS2_38,CS2_38,666.0,0.7744314670562744,0.6922915239410735,0.30770847605892643
CALCE,test_CS2_38,CS2_38,667.0,0.7746695280075073,0.7205082120896245,0.27949178791037554
CALCE,test_CS2_38,CS2_38,668.0,0.7747626900672913,0.7220665832916082,0.27793341670839183
CALCE,test_CS2_38,CS2_38,669.0,0.7748176455497742,0.7224645029517518,0.27753549704824815
CALCE,test_CS2_38,CS2_38,670.0,0.7749037742614746,0.7450170956604558,0.25498290433954424
CALCE,test_CS2_38,CS2_38,671.0,0.7748622894287109,0.7449715993450327,0.2550284006549673
CALCE,test_CS2_38,CS2_38,672.0,0.7749336361885071,0.7226385294028443,0.2773614705971556
CALCE,test_CS2_38,CS2_38,673.0,0.7749791741371155,0.723355994245143,0.276644005754857
CALCE,test_CS2_38,CS2_38,674.0,0.7749767303466797,0.7052307034560243,0.2947692965439756
CALCE,test_CS2_38,CS2_38,675.0,0.7749871611595154,0.7596962879715741,0.24030371202842593
CALCE,test_CS2_38,CS2_38,676.0,0.7750531435012817,0.7580525343985065,0.24194746560149355
CALCE,test_CS2_38,CS2_38,677.0,0.7751324772834778,0.7576053766804958,0.24239462331950423
CALCE,test_CS2_38,CS2_38,678.0,0.7751322984695435,0.7581990921749651,0.241800907825035
CALCE,test_CS2_38,CS2_38,679.0,0.7666327357292175,0.7282088033576825,0.27179119664231743
CALCE,test_CS2_38,CS2_38,680.0,0.7583140134811401,0.6793774755692771,0.32062252443072287
CALCE,test_CS2_38,CS2_38,681.0,0.7666121125221252,0.6999415253117528,0.30005847468824726
CALCE,test_CS2_38,CS2_38,682.0,0.7734048366546631,0.7178325900826326,0.2821674099173675
CALCE,test_CS2_38,CS2_38,683.0,0.7660272717475891,0.6944089191452069,0.30559108085479314
CALCE,test_CS2_38,CS2_38,684.0,0.7576907277107239,0.6662034982380405,0.33379650176195946
CALCE,test_CS2_38,CS2_38,685.0,0.7578113675117493,0.6652405178157363,0.3347594821842636
CALCE,test_CS2_38,CS2_38,686.0,0.7576075792312622,0.663950180371873,0.3360498196281271
CALCE,test_CS2_38,CS2_38,687.0,0.7574589848518372,0.6627433544657824,0.33725664553421764
CALCE,test_CS2_38,CS2_38,688.0,0.7499695420265198,0.6367630596807974,0.3632369403192025
CALCE,test_CS2_38,CS2_38,689.0,0.7655466198921204,0.6815827841782252,0.3184172158217749
CALCE,test_CS2_38,CS2_38,690.0,0.7658122181892395,0.6836828901950225,0.3163171098049776
CALCE,test_CS2_38,CS2_38,691.0,0.7659090161323547,0.6852628654645908,0.3147371345354092
CALCE,test_CS2_38,CS2_38,692.0,0.7499450445175171,0.6310589627337895,0.3689410372662105
CALCE,test_CS2_38,CS2_38,693.0,0.7499491572380066,0.6312899754382877,0.3687100245617122
CALCE,test_CS2_38,CS2_38,694.0,0.749958872795105,0.6603148235267533,0.3396851764732466
CALCE,test_CS2_38,CS2_38,695.0,0.7499617338180542,0.6869268626557292,0.3130731373442707
CALCE,test_CS2_38,CS2_38,696.0,0.7499327659606934,0.6611179416302255,0.3388820583697746
CALCE,test_CS2_38,CS2_38,697.0,0.7578347325325012,0.6651656988451949,0.3348343011548051
CALCE,test_CS2_38,CS2_38,698.0,0.7582319974899292,0.6922180987612628,0.3077819012387372
CALCE,test_CS2_38,CS2_38,699.0,0.758278489112854,0.719405318293142,0.28059468170685803
CALCE,test_CS2_38,CS2_38,700.0,0.7416101098060608,0.6637849069519581,0.33621509304804176
CALCE,test_CS2_38,CS2_38,701.0,0.7416218519210815,0.6631640250500707,0.3368359749499294
CALCE,test_CS2_38,CS2_38,702.0,0.7416260838508606,0.6625888169876838,0.33741118301231615
CALCE,test_CS2_38,CS2_38,703.0,0.7416402697563171,0.6858488872958711,0.3141511127041289
CALCE,test_CS2_38,CS2_38,704.0,0.7416283488273621,0.6393868049560475,0.3606131950439526
CALCE,test_CS2_38,CS2_38,705.0,0.7496111392974854,0.6641726149261449,0.33582738507385507
CALCE,test_CS2_38,CS2_38,706.0,0.7499602437019348,0.6670547113077171,0.33294528869228285
CALCE,test_CS2_38,CS2_38,707.0,0.7574812769889832,0.7422098751379302,0.25779012486206976
CALCE,test_CS2_38,CS2_38,708.0,0.7497404217720032,0.7198828339057352,0.2801171660942648
CALCE,test_CS2_38,CS2_38,709.0,0.7416470050811768,0.6945453247993855,0.3054546752006145
CALCE,test_CS2_38,CS2_38,710.0,0.7416199445724487,0.6937956491313093,0.30620435086869063
CALCE,test_CS2_38,CS2_38,711.0,0.7416159510612488,0.6933425732611398,0.30665742673886015
CALCE,test_CS2_38,CS2_38,712.0,0.7415907979011536,0.6698913650607901,0.3301086349392099
CALCE,test_CS2_38,CS2_38,713.0,0.7416019439697266,0.6695836503569922,0.33041634964300787
CALCE,test_CS2_38,CS2_38,714.0,0.7499412894248962,0.6954053463738429,0.3045946536261571
CALCE,test_CS2_38,CS2_38,715.0,0.7574281096458435,0.7691127319794746,0.23088726802052534
CALCE,test_CS2_38,CS2_38,716.0,0.7575188279151917,0.7699749575852095,0.23002504241479063
CALCE,test_CS2_38,CS2_38,717.0,0.7575295567512512,0.7704431752127898,0.22955682478721023
CALCE,test_CS2_38,CS2_38,718.0,0.7575196027755737,0.7706208127508832,0.22937918724911682
CALCE,test_CS2_38,CS2_38,719.0,0.7575332522392273,0.770715371744832,0.22928462825516807
CALCE,test_CS2_38,CS2_38,720.0,0.7575480937957764,0.7509529496694772,0.24904705033052277
CALCE,test_CS2_38,CS2_38,721.0,0.7575351595878601,0.7505613262268254,0.24943867377317458
CALCE,test_CS2_38,CS2_38,722.0,0.7575321197509766,0.7317848571250755,0.26821514287492454
CALCE,test_CS2_38,CS2_38,723.0,0.7573245167732239,0.7551497026887493,0.24485029731125077
CALCE,test_CS2_38,CS2_38,724.0,0.7572582960128784,0.7781412999332606,0.22185870006673927
CALCE,test_CS2_38,CS2_38,725.0,0.7572749853134155,0.7775441251890585,0.2224558748109416
CALCE,test_CS2_38,CS2_38,726.0,0.7583145499229431,0.7792902199816538,0.2207097800183462
CALCE,test_CS2_38,CS2_38,727.0,0.7580705285072327,0.7776889641036203,0.22231103589637966
CALCE,test_CS2_38,CS2_38,728.0,0.749966561794281,0.7528392771032508,0.24716072289674912
CALCE,test_CS2_38,CS2_38,729.0,0.7582991123199463,0.7510638187871381,0.24893618121286187
CALCE,test_CS2_38,CS2_38,730.0,0.765159547328949,0.749406800513558,0.25059319948644193
CALCE,test_CS2_38,CS2_38,731.0,0.757777988910675,0.7276375608709807,0.27236243912901925
CALCE,test_CS2_38,CS2_38,732.0,0.749873161315918,0.7027368965061392,0.29726310349386087
CALCE,test_CS2_38,CS2_38,733.0,0.7493501305580139,0.7004047927941951,0.29959520720580496
CALCE,test_CS2_38,CS2_38,734.0,0.7493895292282104,0.6997763735811623,0.3002236264188378
CALCE,test_CS2_38,CS2_38,735.0,0.7416219711303711,0.6736947374917126,0.32630526250828734
CALCE,test_CS2_38,CS2_38,736.0,0.7416132688522339,0.672448128882612,0.32755187111738804
CALCE,test_CS2_38,CS2_38,737.0,0.7499556541442871,0.6959161390343171,0.30408386096568296
CALCE,test_CS2_38,CS2_38,738.0,0.7569757103919983,0.716814054812947,0.283185945187053
CALCE,test_CS2_38,CS2_38,739.0,0.7569842338562012,0.7178936920040472,0.2821063079959528
CALCE,test_CS2_38,CS2_38,740.0,0.7416191697120667,0.6674003662649223,0.33259963373507784
CALCE,test_CS2_38,CS2_38,741.0,0.7333659529685974,0.6354287109475899,0.3645712890524101
CALCE,test_CS2_38,CS2_38,742.0,0.7333600521087646,0.635074462884751,0.36492553711524894
CALCE,test_CS2_38,CS2_38,743.0,0.7333641052246094,0.6613365084143784,0.33866349158562153
CALCE,test_CS2_38,CS2_38,744.0,0.7333752512931824,0.6344923895140908,0.3655076104859092
CALCE,test_CS2_38,CS2_38,745.0,0.7333590388298035,0.6130221212124642,0.3869778787875358
CALCE,test_CS2_38,CS2_38,746.0,0.6323744654655457,0.23223096603623644,0.7677690339637636
CALCE,test_CS2_38,CS2_38,747.0,0.7416874766349792,0.5646618436593711,0.43533815634062883
CALCE,test_CS2_38,CS2_38,748.0,0.7417028546333313,0.5695207740866245,0.43047922591337545
CALCE,test_CS2_38,CS2_38,749.0,0.7333552241325378,0.542272306660075,0.4577276933399251
CALCE,test_CS2_38,CS2_38,750.0,0.732906699180603,0.5702943626629259,0.4297056373370741
CALCE,test_CS2_38,CS2_38,751.0,0.7576541304588318,0.6548882354990596,0.34511176450094044
CALCE,test_CS2_38,CS2_38,752.0,0.7485162019729614,0.600086490130793,0.39991350986920693
CALCE,test_CS2_38,CS2_38,753.0,0.7166755199432373,0.4622846045593458,0.5377153954406543
CALCE,test_CS2_38,CS2_38,754.0,0.6999930143356323,0.4039313571710481,0.5960686428289519
CALCE,test_CS2_38,CS2_38,755.0,0.7166433334350586,0.5178021620748464,0.4821978379251537
CALCE,test_CS2_38,CS2_38,756.0,0.7239265441894531,0.5740781624171737,0.4259218375828262
CALCE,test_CS2_38,CS2_38,757.0,0.7166553735733032,0.5489174332913969,0.451082566708603
CALCE,test_CS2_38,CS2_38,758.0,0.6916720867156982,0.4569392617810876,0.5430607382189123
CALCE,test_CS2_38,CS2_38,759.0,0.6833245158195496,0.4246822842069419,0.5753177157930581
CALCE,test_CS2_38,CS2_38,760.0,0.6750003695487976,0.3930800741364291,0.6069199258635709
CALCE,test_CS2_38,CS2_38,761.0,0.6666681170463562,0.7327256636966765,0.2672743363033236
CALCE,test_CS2_38,CS2_38,762.0,0.6666539907455444,0.4138620691723911,0.5861379308276089
CALCE,test_CS2_38,CS2_38,763.0,0.6583293080329895,0.3834045886167067,0.6165954113832934
CALCE,test_CS2_38,CS2_38,764.0,0.6833173632621765,0.4933471679291132,0.5066528320708868
CALCE,test_CS2_38,CS2_38,765.0,0.6833334565162659,0.49692248050641724,0.5030775194935827
CALCE,test_CS2_38,CS2_38,766.0,0.666645884513855,0.3610239526505393,0.6389760473494606
CALCE,test_CS2_38,CS2_38,767.0,0.6583283543586731,0.3685718572537158,0.6314281427462842
CALCE,test_CS2_38,CS2_38,768.0,0.6583062410354614,0.4902422196380198,0.5097577803619803
CALCE,test_CS2_38,CS2_38,769.0,0.6499834060668945,0.5222767525730081,0.4777232474269919
CALCE,test_CS2_38,CS2_38,770.0,0.6499789953231812,0.4666489251003703,0.5333510748996297
CALCE,test_CS2_38,CS2_38,771.0,0.6416534185409546,0.4155432878506824,0.5844567121493176
CALCE,test_CS2_38,CS2_38,772.0,0.6583068370819092,0.500110866647941,0.499889133352059
CALCE,test_CS2_38,CS2_38,773.0,0.6583236455917358,0.5993916803284854,0.40060831967151456
CALCE,test_CS2_38,CS2_38,774.0,0.6666499376296997,0.6577763166691414,0.3422236833308586
CALCE,test_CS2_38,CS2_38,775.0,0.6416685581207275,0.5985798322710234,0.40142016772897654
CALCE,test_CS2_38,CS2_38,776.0,0.6416517496109009,0.6265746314825728,0.3734253685174272
CALCE,test_CS2_38,CS2_38,777.0,0.6416434049606323,0.6254862430577297,0.3745137569422703
CALCE,test_CS2_38,CS2_38,778.0,0.6333125829696655,0.6241039310919448,0.3758960689080551
CALCE,test_CS2_38,CS2_38,779.0,0.633309543132782,0.5442161484239727,0.45578385157602724
CALCE,test_CS2_38,CS2_38,780.0,0.6249826550483704,0.5158754246768825,0.4841245753231174
CALCE,test_CS2_38,CS2_38,781.0,0.6249850392341614,0.578789806012416,0.4212101939875841
CALCE,test_CS2_38,CS2_38,782.0,0.6249880194664001,0.607995225251056,0.392004774748944
CALCE,test_CS2_38,CS2_38,783.0,0.6249825358390808,0.6077963413637993,0.3922036586362006
CALCE,test_CS2_38,CS2_38,784.0,0.6166331768035889,0.607338331897052,0.392661668102948
CALCE,test_CS2_38,CS2_38,785.0,0.6166390180587769,0.6060645048396501,0.39393549516034987
CALCE,test_CS2_38,CS2_38,786.0,0.6249755620956421,0.6602206055073382,0.3397793944926618
CALCE,test_CS2_38,CS2_38,787.0,0.6333128213882446,0.6366041537090543,0.3633958462909456
CALCE,test_CS2_38,CS2_38,788.0,0.6333181858062744,0.6398280004012695,0.36017199959873053
CALCE,test_CS2_38,CS2_38,789.0,0.6333265900611877,0.6175133745315657,0.38248662546843426
CALCE,test_CS2_38,CS2_38,790.0,0.6333156824111938,0.7114068131377846,0.28859318686221536
CALCE,test_CS2_38,CS2_38,791.0,0.6333099007606506,0.713350506383897,0.2866494936161031
CALCE,test_CS2_38,CS2_38,792.0,0.6333198547363281,0.71543382902529,0.2845661709747101
CALCE,test_CS2_38,CS2_38,793.0,0.6333102583885193,0.7422973911281062,0.2577026088718938
CALCE,test_CS2_38,CS2_38,794.0,0.6333567500114441,0.7435150993137203,0.2564849006862797
CALCE,test_CS2_38,CS2_38,795.0,0.6333471536636353,0.7680880725959945,0.23191192740400546
CALCE,test_CS2_38,CS2_38,796.0,0.6250662803649902,0.7441697366389944,0.25583026336100556
CALCE,test_CS2_38,CS2_38,797.0,0.6250781416893005,0.7433628705687686,0.2566371294312313
CALCE,test_CS2_38,CS2_38,798.0,0.6250841617584229,0.7425613333634841,0.257438666636516
CALCE,test_CS2_38,CS2_38,799.0,0.658320963382721,0.8301515233830339,0.16984847661696614
CALCE,test_CS2_38,CS2_38,800.0,0.649965226650238,0.8121913499737731,0.18780865002622693
CALCE,test_CS2_38,CS2_38,801.0,0.6416292786598206,0.7720766740883698,0.2279233259116302
CALCE,test_CS2_38,CS2_38,802.0,0.6414226293563843,0.7501293485351682,0.24987065146483176
CALCE,test_CS2_38,CS2_38,803.0,0.6333085894584656,0.7269479187797777,0.2730520812202223
CALCE,test_CS2_38,CS2_38,804.0,0.6332908272743225,0.7263714579456386,0.2736285420543615
CALCE,test_CS2_38,CS2_38,805.0,0.6249663829803467,0.7004287104459709,0.29957128955402906
CALCE,test_CS2_38,CS2_38,806.0,0.6249715089797974,0.6991147301964445,0.3008852698035555
CALCE,test_CS2_38,CS2_38,807.0,0.6333120465278625,0.7220758396326946,0.27792416036730544
CALCE,test_CS2_38,CS2_38,808.0,0.6329744458198547,0.720861504046234,0.2791384959537661
CALCE,test_CS2_38,CS2_38,809.0,0.6332525610923767,0.7212561345591139,0.2787438654408862
CALCE,test_CS2_38,CS2_38,810.0,0.6249545812606812,0.6954211541493399,0.3045788458506601
CALCE,test_CS2_38,CS2_38,811.0,0.6248780488967896,0.7191372308582877,0.2808627691417123
CALCE,test_CS2_38,CS2_38,812.0,0.616629958152771,0.6914181874888661,0.3085818125111339
CALCE,test_CS2_38,CS2_38,813.0,0.6166314482688904,0.6884441153891742,0.3115558846108259
CALCE,test_CS2_38,CS2_38,814.0,0.6166316866874695,0.596037029424315,0.4039629705756849
CALCE,test_CS2_38,CS2_38,815.0,0.616657555103302,0.6272733844532048,0.3727266155467951
CALCE,test_CS2_38,CS2_38,816.0,0.6166712641716003,0.6570979668218612,0.3429020331781389
CALCE,test_CS2_38,CS2_38,817.0,0.625,0.6832725311030833,0.3167274688969167
CALCE,test_CS2_38,CS2_38,818.0,0.6166290640830994,0.6838736215425224,0.31612637845747765
CALCE,test_CS2_38,CS2_38,819.0,0.6166337728500366,0.6843081985951278,0.31569180140487224
CALCE,test_CS2_38,CS2_38,820.0,0.6083307862281799,0.6843808376847719,0.31561916231522813
CALCE,test_CS2_38,CS2_38,821.0,0.6083075404167175,0.683166633052803,0.31683336694719705
CALCE,test_CS2_38,CS2_38,822.0,0.5999779105186462,0.629576452315971,0.37042354768402896
CALCE,test_CS2_38,CS2_38,823.0,0.5999640226364136,0.6303729399653321,0.36962706003466794
CALCE,test_CS2_38,CS2_38,824.0,0.599977970123291,0.6298214523905491,0.3701785476094509
CALCE,test_CS2_38,CS2_38,825.0,0.5999639630317688,0.658600560988511,0.3413994390114889
CALCE,test_CS2_38,CS2_38,826.0,0.5999437570571899,0.6589788949068125,0.34102110509318756
CALCE,test_CS2_38,CS2_38,827.0,0.599951446056366,0.6865520224388653,0.31344797756113485
CALCE,test_CS2_38,CS2_38,828.0,0.5999822020530701,0.6864549144103785,0.3135450855896214
CALCE,test_CS2_38,CS2_38,829.0,0.5999793410301208,0.6865323444686954,0.3134676555313046
CALCE,test_CS2_38,CS2_38,830.0,0.5916408896446228,0.6589065414691525,0.34109345853084744
CALCE,test_CS2_38,CS2_38,831.0,0.591611385345459,0.6585554710987901,0.3414445289012099
CALCE,test_CS2_38,CS2_38,832.0,0.5832958817481995,0.6052530509433381,0.39474694905666186
CALCE,test_CS2_38,CS2_38,833.0,0.583312451839447,0.6352465213323399,0.3647534786676601
CALCE,test_CS2_38,CS2_38,834.0,0.5749675035476685,0.6062498332667026,0.39375016673329755
CALCE,test_CS2_38,CS2_38,835.0,0.5749757289886475,0.6350599466561193,0.36494005334388074
CALCE,test_CS2_38,CS2_38,836.0,0.5833140015602112,0.6595641804354908,0.3404358195645092
CALCE,test_CS2_38,CS2_38,837.0,0.5749661326408386,0.6598920492199485,0.34010795078005157
CALCE,test_CS2_38,CS2_38,838.0,0.5749908089637756,0.659375255606941,0.34062474439305895
CALCE,test_CS2_38,CS2_38,839.0,0.5749688744544983,0.6590476213906515,0.3409523786093485
CALCE,test_CS2_38,CS2_38,840.0,0.5666362047195435,0.6306055726478489,0.36939442735215117
CALCE,test_CS2_38,CS2_38,841.0,0.5666622519493103,0.6305047479777328,0.36949525202226713
CALCE,test_CS2_38,CS2_38,842.0,0.5583446025848389,0.6015052251374721,0.39849477486252793
CALCE,test_CS2_38,CS2_38,843.0,0.5583910942077637,0.601578729520612,0.398421270479388
CALCE,test_CS2_38,CS2_38,844.0,0.5500584244728088,0.5725242343010558,0.4274757656989443
CALCE,test_CS2_38,CS2_38,845.0,0.5500642657279968,0.6023029841453749,0.397697015854625
CALCE,test_CS2_38,CS2_38,846.0,0.5500665903091431,0.6025815526005027,0.39741844739949717
CALCE,test_CS2_38,CS2_38,847.0,0.5500515699386597,0.6320137461839594,0.36798625381604055
CALCE,test_CS2_38,CS2_38,848.0,0.5749717950820923,0.70081406786146,0.29918593213853995
CALCE,test_CS2_38,CS2_38,849.0,0.5666323304176331,0.7034699701984837,0.29653002980151627
CALCE,test_CS2_38,CS2_38,850.0,0.549961507320404,0.6488150580775124,0.35118494192248756
CALCE,test_CS2_38,CS2_38,851.0,0.5416383743286133,0.5933968139309249,0.40660318606907514
CALCE,test_CS2_38,CS2_38,852.0,0.541641116142273,0.6227920336316665,0.37720796636833354
CALCE,test_CS2_38,CS2_38,853.0,0.5332888960838318,0.5935480470462128,0.4064519529537873
CALCE,test_CS2_38,CS2_38,854.0,0.5333002805709839,0.5935183594250957,0.4064816405749042
CALCE,test_CS2_38,CS2_38,855.0,0.5332934260368347,0.6226755591346388,0.3773244408653612
CALCE,test_CS2_38,CS2_38,856.0,0.5333086252212524,0.6226744247618413,0.37732557523815874
CALCE,test_CS2_38,CS2_38,857.0,0.5416412949562073,0.6769665543694139,0.323033445630586
CALCE,test_CS2_38,CS2_38,858.0,0.5332894325256348,0.6498960034247814,0.3501039965752187
CALCE,test_CS2_38,CS2_38,859.0,0.5249799489974976,0.6495191696328722,0.3504808303671279
CALCE,test_CS2_38,CS2_38,860.0,0.5166555047035217,0.6194127227506505,0.38058727724934954
CALCE,test_CS2_38,CS2_38,861.0,0.5166417360305786,0.6173370567376998,0.3826629432623002
CALCE,test_CS2_38,CS2_38,862.0,0.5083015561103821,0.5864965454374487,0.4135034545625512
CALCE,test_CS2_38,CS2_38,863.0,0.5082938075065613,0.5102117593711296,0.4897882406288704
CALCE,test_CS2_38,CS2_38,864.0,0.5083091259002686,0.542851492627332,0.45714850737266804
CALCE,test_CS2_38,CS2_38,865.0,0.49996820092201233,0.5775184368689311,0.4224815631310689
CALCE,test_CS2_38,CS2_38,866.0,0.5083146095275879,0.6329136580178099,0.36708634198219015
CALCE,test_CS2_38,CS2_38,867.0,0.5082899928092957,0.6335979970025234,0.36640200299747655
CALCE,test_CS2_38,CS2_38,868.0,0.49997925758361816,0.6344163565953099,0.3655836434046901
CALCE,test_CS2_38,CS2_38,869.0,0.4999639689922333,0.6340793595196876,0.3659206404803123
CALCE,test_CS2_38,CS2_38,870.0,0.49995023012161255,0.6343889596495667,0.3656110403504333
CALCE,test_CS2_38,CS2_38,871.0,0.49163562059402466,0.606193153649017,0.393806846350983
CALCE,test_CS2_38,CS2_38,872.0,0.4916301369667053,0.5809620434442739,0.419037956555726
CALCE,test_CS2_38,CS2_38,873.0,0.4916137158870697,0.6126088009957803,0.38739119900421976
CALCE,test_CS2_38,CS2_38,874.0,0.4833478033542633,0.614321358455582,0.38567864154441794
CALCE,test_CS2_38,CS2_38,875.0,0.4833342432975769,0.643296469742585,0.356703530257415
CALCE,test_CS2_38,CS2_38,876.0,0.48334527015686035,0.6435677173916857,0.35643228260831433
CALCE,test_CS2_38,CS2_38,877.0,0.483333945274353,0.67185967287916,0.3281403271208399
CALCE,test_CS2_38,CS2_38,878.0,0.4833300709724426,0.6719379864893061,0.328062013510694
CALCE,test_CS2_38,CS2_38,879.0,0.4833330512046814,0.6723809792189541,0.32761902078104593
CALCE,test_CS2_38,CS2_38,880.0,0.48334160447120667,0.699959398632844,0.30004060136715616
CALCE,test_CS2_38,CS2_38,881.0,0.47498977184295654,0.6489917437645023,0.3510082562354977
CALCE,test_CS2_38,CS2_38,882.0,0.47499895095825195,0.6498549589116267,0.3501450410883732
CALCE,test_CS2_38,CS2_38,883.0,0.47502216696739197,0.6787319931749765,0.3212680068250235
CALCE,test_CS2_38,CS2_38,884.0,0.46666741371154785,0.6511106668937464,0.3488893331062536
CALCE,test_CS2_38,CS2_38,885.0,0.46666219830513,0.6513183891302343,0.3486816108697657
CALCE,test_CS2_38,CS2_38,886.0,0.46670299768447876,0.6796486775584117,0.32035132244158826
CALCE,test_CS2_38,CS2_38,887.0,0.4667018949985504,0.6797262957920677,0.32027370420793233
CALCE,test_CS2_38,CS2_38,888.0,0.45837193727493286,0.6520961751414972,0.34790382485850285
CALCE,test_CS2_38,CS2_38,889.0,0.4584197700023651,0.6795608890518828,0.3204391109481171
CALCE,test_CS2_38,CS2_38,890.0,0.45840883255004883,0.6789555583563475,0.3210444416436526
CALCE,test_CS2_38,CS2_38,891.0,0.47507986426353455,0.7221244944099902,0.27787550559000984
CALCE,test_CS2_38,CS2_38,892.0,0.4834107756614685,0.7462628739669471,0.2537371260330529
CALCE,test_CS2_38,CS2_38,893.0,0.4834194779396057,0.7487907264028064,0.2512092735971935
CALCE,test_CS2_38,CS2_38,894.0,0.48341676592826843,0.7512517359426436,0.24874826405735634
CALCE,test_CS2_38,CS2_38,895.0,0.4834195673465729,0.753695654397904,0.24630434560209594
CALCE,test_CS2_38,CS2_38,896.0,0.48331359028816223,0.7781886204876965,0.2218113795123035
CALCE,test_CS2_38,CS2_38,897.0,0.474970281124115,0.7567076064733921,0.2432923935266079
CALCE,test_CS2_38,CS2_38,898.0,0.4666292071342468,0.7331689232822761,0.2668310767177238
CALCE,test_CS2_38,CS2_38,899.0,0.45830607414245605,0.7325318201986454,0.2674681798013545
CALCE,test_CS2_38,CS2_38,900.0,0.44995999336242676,0.7051962252325156,0.29480377476748443
CALCE,test_CS2_38,CS2_38,901.0,0.4416533410549164,0.6757670618028946,0.3242329381971054
CALCE,test_CS2_38,CS2_38,902.0,0.44164490699768066,0.6723504448786208,0.3276495551213792
CALCE,test_CS2_38,CS2_38,903.0,0.4416424036026001,0.6957193603092441,0.30428063969075597
CALCE,test_CS2_38,CS2_38,904.0,0.433315247297287,0.6647303132019887,0.3352696867980112
CALCE,test_CS2_38,CS2_38,905.0,0.4333042502403259,0.6603015788099247,0.3396984211900753
CALCE,test_CS2_38,CS2_38,906.0,0.4333166480064392,0.6083136195111087,0.3916863804888912
CALCE,test_CS2_38,CS2_38,907.0,0.433316707611084,0.5818896356001466,0.4181103643998534
CALCE,test_CS2_38,CS2_38,908.0,0.4333098232746124,0.5827558786101558,0.41724412138984435
CALCE,test_CS2_38,CS2_38,909.0,0.4333111345767975,0.5846047618696142,0.4153952381303858
CALCE,test_CS2_38,CS2_38,910.0,0.43330511450767517,0.5873253329599983,0.41267466704000166
CALCE,test_CS2_38,CS2_38,911.0,0.42497560381889343,0.5614507955483529,0.438549204451647
CALCE,test_CS2_38,CS2_38,912.0,0.4166349768638611,0.5644097985571048,0.43559020144289523
CALCE,test_CS2_38,CS2_38,913.0,0.41664695739746094,0.5959868120398062,0.4040131879601938
CALCE,test_CS2_38,CS2_38,914.0,0.4083268344402313,0.5973956489222105,0.4026043510777895
CALCE,test_CS2_38,CS2_38,915.0,0.41664043068885803,0.6517481186186328,0.34825188138136726
CALCE,test_CS2_38,CS2_38,916.0,0.4166510999202728,0.6800692370782654,0.31993076292173467
CALCE,test_CS2_38,CS2_38,917.0,0.4166334271430969,0.6805161655179874,0.3194838344820125
CALCE,test_CS2_38,CS2_38,918.0,0.41664865612983704,0.6814529245249171,0.3185470754750829
CALCE,test_CS2_38,CS2_38,919.0,0.4166290760040283,0.7088560454808163,0.29114395451918385
CALCE,test_CS2_38,CS2_38,920.0,0.41663774847984314,0.7093850318989159,0.29061496810108406
CALCE,test_CS2_38,CS2_38,921.0,0.41665834188461304,0.7101399281491197,0.2898600718508802
CALCE,test_CS2_38,CS2_38,922.0,0.40830785036087036,0.6843532721925578,0.31564672780744224
CALCE,test_CS2_38,CS2_38,923.0,0.4083111584186554,0.684855422078914,0.31514457792108597
CALCE,test_CS2_38,CS2_38,924.0,0.40831464529037476,0.6857393547653793,0.3142606452346208
CALCE,test_CS2_38,CS2_38,925.0,0.3999820053577423,0.6594739758807835,0.34052602411921656
CALCE,test_CS2_38,CS2_38,926.0,0.39998340606689453,0.6872482316127597,0.31275176838724034
CALCE,test_CS2_38,CS2_38,927.0,0.3916310667991638,0.6867709087526561,0.31322909124734394
CALCE,test_CS2_38,CS2_38,928.0,0.3833070993423462,0.6576961444336216,0.3423038555663785
CALCE,test_CS2_38,CS2_38,929.0,0.3833126127719879,0.6828095901731772,0.31719040982682273
CALCE,test_CS2_38,CS2_38,930.0,0.3833068609237671,0.6568973883610542,0.3431026116389458
CALCE,test_CS2_38,CS2_38,931.0,0.3749757707118988,0.6271814656907928,0.3728185343092073
CALCE,test_CS2_38,CS2_38,932.0,0.3749825954437256,0.6259532666265274,0.37404673337347266
CALCE,test_CS2_38,CS2_38,933.0,0.37497973442077637,0.6253229613102035,0.37467703868979657
CALCE,test_CS2_38,CS2_38,934.0,0.3666650652885437,0.5962344752359939,0.4037655247640061
CALCE,test_CS2_38,CS2_38,935.0,0.3666691482067108,0.5962106011778874,0.40378939882211257
CALCE,test_CS2_38,CS2_38,936.0,0.39168497920036316,0.6670737070902052,0.33292629290979475
CALCE,test_CS2_38,CS2_38,937.0,0.37501075863838196,0.6409539701994128,0.3590460298005871
CALCE,test_CS2_38,CS2_38,938.0,0.36667197942733765,0.6140122144306768,0.3859877855693233
CALCE,test_CS2_38,CS2_38,939.0,0.3666815161705017,0.6155398642822039,0.3844601357177962
CALCE,test_CS2_38,CS2_38,940.0,0.34999024868011475,0.585849516065787,0.414150483934213
CALCE,test_CS2_38,CS2_38,941.0,0.3416658341884613,0.5558819571581086,0.4441180428418914
CALCE,test_CS2_38,CS2_38,942.0,0.34166306257247925,0.5848662991327269,0.415133700867273
CALCE,test_CS2_38,CS2_38,943.0,0.3333301544189453,0.583645350581366,0.4163546494186339
CALCE,test_CS2_38,CS2_38,944.0,0.33332359790802,0.5817571361988131,0.41824286380118686
CALCE,test_CS2_38,CS2_38,945.0,0.33333173394203186,0.5808737870902192,0.41912621290978086
CALCE,test_CS2_38,CS2_38,946.0,0.32499560713768005,0.5801232781532949,0.4198767218467051
CALCE,test_CS2_38,CS2_38,947.0,0.32498136162757874,0.5786586209174905,0.42134137908250935
CALCE,test_CS2_38,CS2_38,948.0,0.32500049471855164,0.5782603720884258,0.4217396279115742
CALCE,test_CS2_38,CS2_38,949.0,0.33331814408302307,0.6345533711219388,0.3654466288780613
CALCE,test_CS2_38,CS2_38,950.0,0.333331823348999,0.6355004700489507,0.3644995299510494
CALCE,test_CS2_38,CS2_38,951.0,0.3249768316745758,0.5332622783790388,0.46673772162096117
CALCE,test_CS2_38,CS2_38,952.0,0.32498547434806824,0.5996169359537734,0.4003830640462267
CALCE,test_CS2_38,CS2_38,953.0,0.31665676832199097,0.6027059013902292,0.39729409860977094
CALCE,test_CS2_38,CS2_38,954.0,0.3166610598564148,0.6050872957280747,0.3949127042719253
CALCE,test_CS2_38,CS2_38,955.0,0.308322936296463,0.6389826306115853,0.3610173693884146
CALCE,test_CS2_38,CS2_38,956.0,0.308322936296463,0.6670026190499809,0.3329973809500192
CALCE,test_CS2_38,CS2_38,957.0,0.2999902367591858,0.6389200475991221,0.3610799524008779
CALCE,test_CS2_38,CS2_38,958.0,0.29997801780700684,0.6660957863733321,0.33390421362666783
CALCE,test_CS2_38,CS2_38,959.0,0.29999303817749023,0.665363727247623,0.33463627275237695
CALCE,test_CS2_38,CS2_38,960.0,0.2999957203865051,0.665108479906056,0.3348915200939439
CALCE,test_CS2_38,CS2_38,961.0,0.29165342450141907,0.6647512619798077,0.33524873802019217
CALCE,test_CS2_38,CS2_38,962.0,0.2916562259197235,0.6635830080578768,0.3364169919421232
CALCE,test_CS2_38,CS2_38,963.0,0.29165196418762207,0.6628485964656357,0.3371514035343643
CALCE,test_CS2_38,CS2_38,964.0,0.2999780476093292,0.6634320032818017,0.3365679967181983
CALCE,test_CS2_38,CS2_38,965.0,0.29165172576904297,0.6378002422257415,0.3621997577742585
CALCE,test_CS2_38,CS2_38,966.0,0.2999958097934723,0.6918694887397612,0.3081305112602389
CALCE,test_CS2_38,CS2_38,967.0,0.30000537633895874,0.6943422456670983,0.3056577543329016
CALCE,test_CS2_38,CS2_38,968.0,0.29169803857803345,0.6966484256820965,0.3033515743179035
CALCE,test_CS2_38,CS2_38,969.0,0.291698694229126,0.6978985544230965,0.3021014455769035
CALCE,test_CS2_38,CS2_38,970.0,0.275036096572876,0.669507540107341,0.3304924598926589
CALCE,test_CS2_38,CS2_38,971.0,0.27503055334091187,0.6686988705076494,0.33130112949235047
CALCE,test_CS2_38,CS2_38,972.0,0.2750375270843506,0.6948035032512517,0.3051964967487482
CALCE,test_CS2_38,CS2_38,973.0,0.2750305235385895,0.69394903656786,0.3060509634321401
CALCE,test_CS2_38,CS2_38,974.0,0.2666889429092407,0.6663647488113431,0.33363525118865683
CALCE,test_CS2_38,CS2_38,975.0,0.2666924297809601,0.6654284852323944,0.33457151476760566
CALCE,test_CS2_38,CS2_38,976.0,0.2666897177696228,0.6915370706059357,0.30846292939406433
CALCE,test_CS2_38,CS2_38,977.0,0.2583500146865845,0.6633224758986828,0.3366775241013172
CALCE,test_CS2_38,CS2_38,978.0,0.25835955142974854,0.6618574000847341,0.33814259991526574
CALCE,test_CS2_38,CS2_38,979.0,0.26668262481689453,0.6615616887832745,0.3384383112167255
CALCE,test_CS2_38,CS2_38,980.0,0.26669904589653015,0.6898526154222411,0.310147384577759
CALCE,test_CS2_38,CS2_38,981.0,0.2666952311992645,0.666915004720678,0.333084995279322
CALCE,test_CS2_38,CS2_38,982.0,0.2583625614643097,0.6416371034588917,0.35836289654110837
CALCE,test_CS2_38,CS2_38,983.0,0.26669520139694214,0.6955610907293239,0.3044389092706761
CALCE,test_CS2_38,CS2_38,984.0,0.2583591938018799,0.6713174285245597,0.3286825714754404
CALCE,test_CS2_38,CS2_38,985.0,0.37501075863838196,0.9090325104002188,0.09096748959978121
CALCE,test_CS2_38,CS2_38,986.0,0.36667197942733765,0.9032270048493979,0.09677299515060223
CALCE,test_CS2_38,CS2_38,987.0,0.3666815161705017,0.9070594412242375,0.0929405587757624
CALCE,test_CS2_38,CS2_38,988.0,0.34999024868011475,0.8874806931654966,0.11251930683450337
CALCE,test_CS2_38,CS2_38,989.0,0.3416658341884613,0.889491888119928,0.11050811188007197
CALCE,test_CS2_38,CS2_38,990.0,0.34166306257247925,0.8902582056408253,0.1097417943591749
CALCE,test_CS2_38,CS2_38,991.0,0.3333301544189453,0.8778155915989809,0.12218440840101913
CALCE,test_CS2_38,CS2_38,992.0,0.33332359790802,0.8894797333889767,0.11052026661102327
CALCE,test_CS2_38,CS2_38,993.0,0.33333173394203186,0.8877091112886529,0.11229088871134692
CALCE,test_CS2_38,CS2_38,994.0,0.32499560713768005,0.8583922545620758,0.14160774543792418
CALCE,test_CS2_38,CS2_38,995.0,0.32498136162757874,0.8549592280931546,0.14504077190684547
